frame,_neutral,browDownLeft,browDownRight,browInnerUp,browOuterUpLeft,browOuterUpRight,cheekPuff,cheekSquintLeft,cheekSquintRight,eyeBlinkLeft,eyeBlinkRight,eyeLookDownLeft,eyeLookDownRight,eyeLookInLeft,eyeLookInRight,eyeLookOutLeft,eyeLookOutRight,eyeLookUpLeft,eyeLookUpRight,eyeSquintLeft,eyeSquintRight,eyeWideLeft,eyeWideRight,jawForward,jawLeft,jawOpen,jawRight,mouthClose,mouthDimpleLeft,mouthDimpleRight,mouthFrownLeft,mouthFrownRight,mouthFunnel,mouthLeft,mouthLowerDownLeft,mouthLowerDownRight,mouthPressLeft,mouthPressRight,mouthPucker,mouthRight,mouthRollLower,mouthRollUpper,mouthShrugLower,mouthShrugUpper,mouthSmileLeft,mouthSmileRight,mouthStretchLeft,mouthStretchRight,mouthUpperUpLeft,mouthUpperUpRight,noseSneerLeft,noseSneerRight,happiness,surprise,anger,sadness
3,3.0028372748347465e-06,0.0035394614096730947,0.0012838970869779587,0.34796491265296936,0.19494228065013885,0.3769132196903229,0.00022643222473561764,6.002332611387828e-06,8.738931569496344e-07,0.2136705219745636,0.09593473374843597,0.126963272690773,0.10409649461507797,0.003776435973122716,0.5061227083206177,0.461127370595932,0.005516709294170141,0.07058949768543243,0.09499891102313995,0.38748207688331604,0.6130372285842896,0.002263830043375492,0.00657270010560751,0.0006545247160829604,5.220908496994525e-05,0.2486986368894577,0.039789166301488876,0.0057207802310585976,0.014019547961652279,0.0006720942910760641,0.00376501283608377,0.0033324947580695152,0.01171914767473936,0.0005140688735991716,0.05788915604352951,0.1251685619354248,0.15774980187416077,0.007403245195746422,0.01233648881316185,0.0005009642336517572,0.005845848936587572,0.003068960038945079,0.0012907566269859672,0.03015740215778351,0.015280724503099918,0.003429089207202196,0.04722433164715767,0.004269270226359367,0.004573282320052385,0.0024290333967655897,3.916834430128802e-06,3.699215085362084e-06,0.009354906855151057,0.29833177477121353,0.0024116792483255267,0.11835414008237422
6,2.7860814952873625e-06,0.002382529666647315,0.0012566311052069068,0.35808131098747253,0.24898071587085724,0.37457260489463806,0.00015336192154791206,3.1407516871695407e-06,1.1517072380229365e-06,0.06257228553295135,0.01094783004373312,0.04716518148779869,0.04081849753856659,0.004767356440424919,0.4368036985397339,0.40859925746917725,0.005139444954693317,0.1575191169977188,0.19207532703876495,0.34312939643859863,0.22443705797195435,0.008365089073777199,0.039958249777555466,0.0003256633353885263,0.0001083522874978371,0.23609425127506256,0.013345037586987019,0.005060138646513224,0.013185250572860241,0.0006620154017582536,0.00249210512265563,0.002813962521031499,0.008058453910052776,0.0010359262814745307,0.040701981633901596,0.09376160055398941,0.09658705443143845,0.007247878238558769,0.013153089210391045,0.00026829401031136513,0.013406566344201565,0.004493944812566042,0.0029318081215023994,0.028242547065019608,0.001448016264475882,0.0004641751875169575,0.006026946473866701,0.002790845464915037,0.005138348322361708,0.0025138212367892265,3.030865855180309e-06,2.2289409571385477e-06,0.0009560957259964198,0.29708778113126755,0.001819580385927111,0.12112912621038656
9,2.085763071590918e-06,0.001724741538055241,0.0008177348645403981,0.4371402859687805,0.2096337080001831,0.34076446294784546,6.882237357785925e-05,2.5566798740328522e-06,8.381265388379688e-07,0.04451154172420502,0.01320715807378292,0.0583316795527935,0.062242429703474045,0.009385636076331139,0.3213091790676117,0.32377198338508606,0.005278323777019978,0.11829879879951477,0.1475672721862793,0.33217641711235046,0.1732225865125656,0.012002638541162014,0.034797511994838715,0.00010229126928607002,0.0003199192287866026,0.28108474612236023,0.009445958770811558,0.005213996395468712,0.0045995949767529964,0.0008682580664753914,0.0012965081259608269,0.0016027275705710053,0.005826825276017189,0.00021801888942718506,0.02042250521481037,0.040903642773628235,0.05724262818694115,0.008507521823048592,0.03129507973790169,0.0026019157376140356,0.021853137761354446,0.009303606115281582,0.009489580988883972,0.03554179146885872,0.00013062884681858122,6.472816312452778e-05,0.0010658653918653727,0.0016814101254567504,0.0026035888586193323,0.001688808319158852,3.527268972902675e-06,1.3929674196333508e-06,9.76785049715545e-05,0.3591125160455704,0.0012712382012978196,0.1466798405551041
12,2.491775831003906e-06,0.005101202987134457,0.0019658110104501247,0.34124958515167236,0.11167547851800919,0.25039607286453247,8.46113616717048e-05,2.565736167525756e-06,6.815928941250604e-07,0.0663440003991127,0.025684259831905365,0.08294656872749329,0.09282392263412476,0.010033098049461842,0.2562452554702759,0.24480368196964264,0.01039638090878725,0.08823473006486893,0.09996622800827026,0.42865023016929626,0.1957421600818634,0.008727560751140118,0.018652403727173805,0.00010423122148495167,0.0004703780869022012,0.27127689123153687,0.005532892420887947,0.005144582595676184,0.0037471242249011993,0.0008026337600313127,0.0025619296357035637,0.002901077037677169,0.0037399998400360346,9.64927749009803e-05,0.020849527791142464,0.042112696915864944,0.06155761331319809,0.008144672028720379,0.02171614207327366,0.004907424096018076,0.026855193078517914,0.008639775216579437,0.014266066253185272,0.04211752116680145,0.00013094849418848753,6.181313074193895e-05,0.001374580548144877,0.001504499465227127,0.0030865403823554516,0.0021567498333752155,3.3246574275835883e-06,2.1650228063663235e-06,9.638081246521324e-05,0.3062632381916046,0.0035335069987922907,0.11557086394168437
15,2.4358512291655643e-06,0.011369173415005207,0.004920599982142448,0.24392525851726532,0.06961570680141449,0.14962050318717957,5.632449756376445e-05,2.3387849523714976e-06,6.757368282706011e-07,0.06411783397197723,0.03237520530819893,0.11640848964452744,0.12291467934846878,0.008249050937592983,0.317310631275177,0.306664377450943,0.006253403145819902,0.06134628504514694,0.07372251898050308,0.32836639881134033,0.25877097249031067,0.00803289096802473,0.0165839996188879,8.137206896208227e-05,0.0004196378868073225,0.2679367661476135,0.006291327066719532,0.006226170342415571,0.0026894493494182825,0.0009141092887148261,0.002669032895937562,0.003362557850778103,0.0026504730340093374,7.95755913713947e-05,0.01517056580632925,0.028466494753956795,0.047396328300237656,0.01073372084647417,0.02223222702741623,0.0057834540493786335,0.03870443254709244,0.012822874821722507,0.017885340377688408,0.033066339790821075,6.923040928086266e-05,4.067971894983202e-05,0.0008339352789334953,0.0018664028029888868,0.0017742002382874489,0.0013020687038078904,2.5702081529743737e-06,2.034283852481167e-06,5.495506411534734e-05,0.2559310123324394,0.008144886698573828,0.08331894975466032
18,2.3343977773038205e-06,0.005220888182520866,0.002442277269437909,0.3327101767063141,0.1370544582605362,0.22436484694480896,5.563808008446358e-05,2.506368218746502e-06,5.436118044599425e-07,0.056412287056446075,0.035560280084609985,0.06284641474485397,0.06829369813203812,0.010285655967891216,0.2659161388874054,0.25326675176620483,0.00863168016076088,0.10618980973958969,0.1351173371076584,0.3600695729255676,0.2820361852645874,0.008389496244490147,0.01347813569009304,6.959672464290634e-05,0.000992435496300459,0.23978425562381744,0.002365115797147155,0.00582943856716156,0.001602776232175529,0.000849783478770405,0.0031431857496500015,0.0033550027292221785,0.003801529761403799,0.00016894779400900006,0.013081387616693974,0.01973484456539154,0.03526420518755913,0.011004620231688023,0.027847880497574806,0.0028274364303797483,0.037442177534103394,0.010808461345732212,0.017759207636117935,0.04241614788770676,6.493738328572363e-05,3.5666049370775e-05,0.0011595671530812979,0.0013961456716060638,0.0016905224183574319,0.0013562629465013742,2.5019194254127797e-06,1.8812005464496906e-06,5.030171632824931e-05,0.28624721616506577,0.0038315827259793878,0.11306945506172876
21,2.605633881103131e-06,0.005806095898151398,0.002337903482839465,0.3875254988670349,0.08803955465555191,0.18496786057949066,7.499504863517359e-05,2.0294082787586376e-06,6.311807965175831e-07,0.05982152372598648,0.029166044667363167,0.0846455916762352,0.09096380323171616,0.010669133625924587,0.2530267834663391,0.24601773917675018,0.009062426164746284,0.08780695497989655,0.10038822889328003,0.38088950514793396,0.23207232356071472,0.008888812735676765,0.01556430384516716,0.0001101414454751648,0.0006725339335389435,0.2441837340593338,0.00244513968937099,0.007002797443419695,0.0028031347319483757,0.002021537395194173,0.0014814798487350345,0.0019369673682376742,0.0028420824091881514,0.00010135798220289871,0.019100191071629524,0.025934334844350815,0.05984623730182648,0.03131328895688057,0.006070681847631931,0.004498838447034359,0.027631713077425957,0.015594551339745522,0.010867037810385227,0.02919917367398739,0.00025126824039034545,0.00022052897838875651,0.0008920922409743071,0.003528362140059471,0.002860494889318943,0.0021769965533167124,2.168450919270981e-06,2.199534492319799e-06,0.00023589860938955098,0.31585461646318436,0.004071999690495431,0.13031464869466922
24,2.530679921619594e-06,0.0037243561819195747,0.0016455819131806493,0.363573282957077,0.11681583523750305,0.2296639382839203,0.00012153063289588317,1.959675728357979e-06,7.457958304257772e-07,0.09728515893220901,0.050876058638095856,0.11397802084684372,0.11827049404382706,0.017072046175599098,0.20073507726192474,0.2080436497926712,0.010037020780146122,0.06729216873645782,0.0764055922627449,0.3978991210460663,0.3270692825317383,0.0063188145868480206,0.009889179840683937,0.00022905092919245362,0.0005103230942040682,0.19629424810409546,0.0017062900587916374,0.0047461530193686485,0.009599382989108562,0.0018757454818114638,0.001365648815408349,0.00215042638592422,0.0024187106173485518,0.00011297132732579485,0.04657573625445366,0.08198641985654831,0.10488991439342499,0.03484112396836281,0.0029272176325321198,0.0027701554354280233,0.026482267305254936,0.013505471870303154,0.0065103089436888695,0.026230579242110252,0.00087121402611956,0.0006921702297404408,0.0011184754548594356,0.00693256501108408,0.010384065099060535,0.006513588130474091,2.9603338589367922e-06,2.609134980957606e-06,0.0007816921279300004,0.27993376553058624,0.002684969047550112,0.12236311938613653
27,2.5381364139320794e-06,0.006690255366265774,0.001946103060618043,0.3571217358112335,0.09071878343820572,0.21731963753700256,0.00039210490649566054,2.0461720851017162e-06,1.0473672773514409e-06,0.07390943914651871,0.032947055995464325,0.13840578496456146,0.15065637230873108,0.03360908478498459,0.10932989418506622,0.09421548247337341,0.029811866581439972,0.059907466173172,0.060716718435287476,0.3941779136657715,0.2149745672941208,0.01006394438445568,0.014096889644861221,0.0008900693501345813,0.0018904301105067134,0.2372148334980011,0.00032436908804811537,0.003017541952431202,0.011159571819007397,0.0035106695722788572,0.003346769604831934,0.00441034696996212,0.003459841012954712,0.0003948124940507114,0.1482674479484558,0.19611592590808868,0.0649300143122673,0.048208270221948624,0.0012817797251045704,0.00029715170967392623,0.005857061129063368,0.005390004720538855,0.0018384570721536875,0.022369781509041786,0.02857266180217266,0.029199060052633286,0.014684213325381279,0.05156588926911354,0.107803575694561,0.09978754818439484,3.829310116998386e-06,4.952583367412444e-06,0.028885860927402973,0.2971682846546173,0.004318179213441908,0.12162628412867586
30,3.3201899896084797e-06,0.0027270191349089146,0.0006466259364970028,0.4829518795013428,0.16923192143440247,0.3046840727329254,0.0005184400943107903,3.6018805076309945e-06,1.5373271935459343e-06,0.07329322397708893,0.02782982960343361,0.20138700306415558,0.20455381274223328,0.03131569176912308,0.1327384114265442,0.11192188411951065,0.022068021818995476,0.03921058028936386,0.040201425552368164,0.3618255853652954,0.18850436806678772,0.011071089655160904,0.017924152314662933,0.0011002984829246998,0.0010179023956879973,0.20708613097667694,0.0007653773063793778,0.0023687875363975763,0.010457487776875496,0.004402519669383764,0.006678623612970114,0.008601617999374866,0.00381136080250144,0.0003221639490220696,0.2172040194272995,0.2787643074989319,0.07019923627376556,0.06269533187150955,0.0015758107183501124,0.0004318049759604037,0.008456951007246971,0.006024801637977362,0.0038054196629673243,0.03325722739100456,0.0405435748398304,0.04343395307660103,0.020900988951325417,0.06559441983699799,0.24423463642597198,0.25607937574386597,4.99066572956508e-06,5.088864327262854e-06,0.041988763958215714,0.34501900523900986,0.0016868225357029587,0.16607737370456258
33,2.173413577111205e-06,0.0015032829251140356,0.0005096760578453541,0.5744270086288452,0.22646132111549377,0.26229777932167053,0.00014366794493980706,2.9800344236718956e-06,8.940028806136979e-07,0.05770526081323624,0.015423393808305264,0.2399166226387024,0.2360135167837143,0.02738279476761818,0.13535407185554504,0.11865797638893127,0.021124230697751045,0.03181023150682449,0.0328780896961689,0.29331865906715393,0.11513970047235489,0.013615322299301624,0.027408042922616005,0.00038752713589929044,0.0012456647818908095,0.2878700792789459,0.0008807115955278277,0.004074086435139179,0.0038408467080444098,0.0009085446945391595,0.008706420660018921,0.014070723205804825,0.007123374380171299,0.00040271456236951053,0.0493139922618866,0.07348743826150894,0.03753545135259628,0.018851077184081078,0.003683482063934207,0.00036247828393243253,0.009498203173279762,0.0054264492355287075,0.0028196400962769985,0.0347166582942009,0.002139836782589555,0.0019370109075680375,0.0062780543230473995,0.026695556938648224,0.03322111815214157,0.029094945639371872,3.6785120300919516e-06,3.534181360009825e-06,0.002038423845078796,0.43114854395389557,0.0010064794914796948,0.19906805083155632
36,2.9719910799030913e-06,0.0023751414846628904,0.0004906354006379843,0.4799470007419586,0.19067959487438202,0.3208771049976349,0.00011103239376097918,3.0476383017230546e-06,7.201830385383801e-07,0.06411749869585037,0.02469545602798462,0.25108736753463745,0.2536342740058899,0.03895752876996994,0.10568415373563766,0.08930084854364395,0.02689683996140957,0.03284667059779167,0.026506761088967323,0.37564975023269653,0.1042206734418869,0.013287599198520184,0.014843553304672241,0.00018667892436496913,0.0015014703385531902,0.23573976755142212,0.000725861988030374,0.004757893271744251,0.002114216797053814,0.0006751167820766568,0.014345388859510422,0.021759549155831337,0.00495667289942503,0.0002973877708427608,0.023257821798324585,0.03729555010795593,0.0314481295645237,0.017242083325982094,0.0061280797235667706,0.000723175355233252,0.022220024839043617,0.006663121748715639,0.010831029154360294,0.05889180302619934,0.00047071892186068,0.00037718567182309926,0.0029031664598733187,0.011751444078981876,0.021544216200709343,0.01953725889325142,3.74877549802477e-06,3.5254865906608757e-06,0.0004239522968418896,0.35784338414669037,0.0014328884426504374,0.17201731291910013
39,3.279853672211175e-06,0.005653865169733763,0.0017695348942652345,0.4091789722442627,0.09354516863822937,0.15765488147735596,0.0001240280398633331,2.3321970274992054e-06,8.621105962447473e-07,0.0716187059879303,0.03682612255215645,0.16057872772216797,0.16711242496967316,0.06309438496828079,0.06866664439439774,0.051939450204372406,0.04789203405380249,0.05001191049814224,0.05289631336927414,0.4139006435871124,0.2722032964229584,0.010561740025877953,0.010405445471405983,0.0002566897892393172,0.0025844331830739975,0.297292023897171,0.0006355740479193628,0.006571187637746334,0.003924275282770395,0.0010251635685563087,0.009640674106776714,0.014801142737269402,0.002295467536896467,0.00017634751566220075,0.030319392681121826,0.05374819412827492,0.050461944192647934,0.025429196655750275,0.0025243342388421297,0.000873251527082175,0.024902917444705963,0.014888603240251541,0.0063968137837946415,0.019023656845092773,0.000528156291693449,0.000453714543255046,0.003029495244845748,0.0150489816442132,0.006021498236805201,0.005632986314594746,2.7767316623794613e-06,4.1718617467267904e-06,0.0004909354174742475,0.35323549807071686,0.0037117000319994986,0.14454026302943626
42,1.3912667782278731e-06,0.006648093927651644,0.0022909585386514664,0.3841203451156616,0.08017221093177795,0.15474525094032288,1.2466584848880302e-05,3.798734837801021e-07,4.774528292728064e-07,0.11799342930316925,0.06522022932767868,0.13497813045978546,0.13624808192253113,0.10038617998361588,0.0482049323618412,0.0321623757481575,0.09382504969835281,0.07793442159891129,0.07537587732076645,0.46274274587631226,0.36899489164352417,0.007191163022071123,0.007409348152577877,5.934081127634272e-05,0.0019663150887936354,0.010983036831021309,4.8667916416889057e-05,0.003979101777076721,0.0071932231076061726,0.0006638532504439354,0.0009436475811526179,0.001860190648585558,0.0008240285678766668,0.0010137915378436446,0.000504008203279227,0.000878092716448009,0.038868341594934464,0.014900127425789833,0.06619260460138321,0.0009321570978499949,0.038120660930871964,0.006183309946209192,0.02110549435019493,0.0028800428844988346,7.60049297241494e-05,5.0212103815283626e-05,0.0004979512304998934,0.00418183533474803,1.9790253645624034e-05,1.4617422493756749e-05,1.5749325257274904e-06,7.136965791687544e-07,6.310851676971652e-05,0.19755169097334146,0.004469526233151555,0.12897472778179994
45,2.206780891356175e-06,0.008201626129448414,0.0025553617160767317,0.42780598998069763,0.05158320441842079,0.11234162747859955,1.2187479114800226e-05,4.27445058903686e-07,7.615772688041034e-07,0.11483028531074524,0.059150513261556625,0.15370769798755646,0.15447843074798584,0.12394921481609344,0.03812717646360397,0.02351563796401024,0.12128949165344238,0.06318052858114243,0.06157279387116432,0.38159048557281494,0.31293055415153503,0.006999946665018797,0.007534803822636604,7.58669848437421e-05,0.0014136946992948651,0.0049788858741521835,2.0596433387254365e-05,0.001729158335365355,0.020716484636068344,0.0004847058153245598,0.002373176161199808,0.006242371164262295,0.0004064835957251489,0.0032874487806111574,0.00031882041366770864,0.0006622280343435705,0.09821920841932297,0.02644331194460392,0.016164205968379974,0.00016158739163074642,0.03905931115150452,0.003029300831258297,0.049807410687208176,0.005362631753087044,0.00039719947380945086,0.00022348517086356878,0.0011317816097289324,0.02092730812728405,6.432327791117132e-05,3.321815165691078e-05,1.8369237295701168e-06,9.755474366102135e-07,0.0003103423223365098,0.2163924379274249,0.005378493922762573,0.1454738457687199
48,2.4562036742281634e-06,0.009955298155546188,0.002216669963672757,0.34698763489723206,0.050476737320423126,0.14760492742061615,4.5597105781780556e-05,5.639196842821548e-07,6.595687409571838e-07,0.14254336059093475,0.08664216846227646,0.2505415081977844,0.25898024439811707,0.0838484913110733,0.055038657039403915,0.041405703872442245,0.06586255133152008,0.03556981310248375,0.03101726993918419,0.4316365122795105,0.3229888677597046,0.004992096684873104,0.004316238686442375,0.0002113295195158571,0.003756329184398055,0.032920144498348236,4.826838994631544e-05,0.003954250365495682,0.05724306404590607,0.0005239322781562805,0.00035523419501259923,0.0008375838515348732,0.005355780012905598,0.0028901281766593456,0.002883634064346552,0.0110300462692976,0.07041384279727936,0.007887542247772217,0.025203008204698563,0.00018281333905179054,0.02010093629360199,0.006132201757282019,0.006417722906917334,0.01747654564678669,0.0006875643157400191,0.0002624454500619322,0.0004947937559336424,0.003728552022948861,0.0015378301031887531,0.0006462085875682533,2.1561563698924147e-06,1.4602018154619145e-06,0.00047500488290097564,0.18995388969779015,0.006085984059609473,0.11606015098125984
51,2.4733042209845735e-06,0.01415954064577818,0.004463964141905308,0.27832961082458496,0.05188596248626709,0.1283458024263382,1.3702272553928196e-05,3.86981810152065e-07,5.090026320431207e-07,0.15509922802448273,0.10769613087177277,0.1731673628091812,0.1768886148929596,0.09257112443447113,0.04487117379903793,0.03491144999861717,0.09545893222093582,0.05796052888035774,0.05218803510069847,0.48370689153671265,0.3851754665374756,0.0046627274714410305,0.0036648300010710955,5.1574592362158e-05,0.001416524057276547,0.004685138817876577,1.787167275324464e-05,0.0018785400316119194,0.015855560079216957,0.0004731822700705379,0.0031159294303506613,0.006080590654164553,0.0004277745319996029,0.001920006820000708,0.00019545297254808247,0.0004993237089365721,0.08653447777032852,0.013952567242085934,0.02441331371665001,0.00033360079396516085,0.035065747797489166,0.0024138428270816803,0.06210756301879883,0.009490675292909145,0.0004721956793218851,0.00021538826695177704,0.0017521749250590801,0.008068021386861801,8.449943561572582e-05,5.4990498028928414e-05,1.7246893548872322e-06,9.912340601658798e-07,0.0003437919731368311,0.14150737482123077,0.009311752393841743,0.09584204363636672
54,1.3716737612412544e-06,0.00942955818027258,0.003442107466980815,0.3068077266216278,0.0786355584859848,0.14286774396896362,1.0404698514321353e-05,3.6194171570969047e-07,2.0772715458861057e-07,0.15090809762477875,0.11517463624477386,0.2859000563621521,0.27524682879447937,0.06696869432926178,0.06437002122402191,0.04824526607990265,0.06684593856334686,0.033875226974487305,0.02764054760336876,0.4595978558063507,0.34069880843162537,0.005783176515251398,0.0033941352739930153,4.774357148562558e-05,0.0008309630793519318,0.006397510413080454,5.5206339311553165e-05,0.0027864419389516115,0.003508871654048562,0.0008180072181858122,0.0007031757850199938,0.0012322100810706615,0.0020562417339533567,0.0013177181826904416,0.00028446019859984517,0.00040942244231700897,0.014127148315310478,0.009405763819813728,0.1618487387895584,0.0009277190547436476,0.01739209145307541,0.0014636862324550748,0.024496950209140778,0.011899319477379322,0.00013572305033449084,0.00012255205365363508,0.0005027661682106555,0.0037140767090022564,0.00019201592658646405,0.00018686857947614044,1.6447529560537077e-06,4.970157192474289e-07,0.00012913755199406296,0.15660261851735413,0.006435832823626697,0.10291437082923949
57,1.929498012032127e-06,0.002286118222400546,0.0005632011452689767,0.44599419832229614,0.1552581638097763,0.225160613656044,6.463657337008044e-05,1.8351131529925624e-06,3.970234274675022e-07,0.11763636767864227,0.1060093492269516,0.31157130002975464,0.31369373202323914,0.08478016406297684,0.05216790735721588,0.03796149045228958,0.06999070197343826,0.027235599234700203,0.022566210478544235,0.39095979928970337,0.31098777055740356,0.006811885628849268,0.004096278455108404,0.0001522889651823789,0.004064630717039108,0.2831967771053314,0.0005300621851347387,0.004972764290869236,0.004366777371615171,0.0010524964891374111,0.0019665032159537077,0.0036524191964417696,0.007948470301926136,0.0009595311712473631,0.01693669520318508,0.02310246415436268,0.017481917515397072,0.01865166798233986,0.009705226868391037,0.0002180461015086621,0.025394579395651817,0.008914417587220669,0.01042723935097456,0.04156253859400749,0.0002702461206354201,0.0002296354214195162,0.0005581717705354095,0.0054146223701536655,0.01326354406774044,0.00993128027766943,1.9733204226213275e-06,2.3749926185701042e-06,0.00024994077102746814,0.3645954877138138,0.0014246596838347614,0.15053770691156387
60,2.85636497210362e-06,0.0027167212683707476,0.0006178191979415715,0.47262635827064514,0.13804200291633606,0.23410263657569885,8.310514385811985e-05,2.9921459372417303e-06,7.538512818427989e-07,0.09867994487285614,0.04553360864520073,0.25469309091567993,0.25977882742881775,0.0858803242444992,0.052657436579465866,0.03627762943506241,0.071147121489048,0.03140777349472046,0.030655380338430405,0.38728681206703186,0.20921167731285095,0.008869586512446404,0.00884852185845375,0.00021394362556748092,0.0023526251316070557,0.26370131969451904,0.0006309075397439301,0.0044012051075696945,0.004733668174594641,0.000761949282605201,0.004444418009370565,0.009932245127856731,0.006798555143177509,0.0005925873410888016,0.0253146942704916,0.04009399190545082,0.021372884511947632,0.01853383518755436,0.00901200994849205,0.00031547300750389695,0.028541620820760727,0.006373691838234663,0.010431688278913498,0.04548506438732147,0.0003395032254047692,0.00031730785849504173,0.0008126449538394809,0.017867298796772957,0.01944149099290371,0.013110026717185974,2.9594079933303874e-06,3.655051159512368e-06,0.00032840554194990546,0.3681638389825821,0.0016672702331561595,0.16233434046929082
63,2.2472047476185253e-06,0.004831172060221434,0.0013139065122231841,0.39898398518562317,0.1075206845998764,0.18812593817710876,9.933263208949938e-05,2.065818534902064e-06,5.070021984465711e-07,0.08738479018211365,0.05707418546080589,0.20043854415416718,0.21322238445281982,0.07737945020198822,0.055150680243968964,0.03960186988115311,0.06658826023340225,0.040152933448553085,0.04076143354177475,0.4051593542098999,0.26037856936454773,0.008644185960292816,0.006963491905480623,0.0002108551125274971,0.002595986472442746,0.21877917647361755,0.000375719100702554,0.004210232757031918,0.0028137806802988052,0.0016049041878432035,0.004274160601198673,0.005704567767679691,0.003749673720449209,0.00039168650982901454,0.03498634323477745,0.050360992550849915,0.028710516169667244,0.02876387909054756,0.004820395726710558,0.0004973497707396746,0.03188548982143402,0.009837926365435123,0.010058844462037086,0.03826906532049179,0.00033779258956201375,0.000289534917101264,0.0013584387488663197,0.00506887910887599,0.014398682862520218,0.013867038302123547,2.146960241589113e-06,3.036663656530436e-06,0.00031366375333163887,0.30888158082962036,0.003072539286222309,0.13632090451816717
66,2.5009078399307327e-06,0.008441048674285412,0.0022647336591035128,0.3805280923843384,0.07879184931516647,0.13981476426124573,6.151893467176706e-05,1.9174754015693907e-06,5.358730277293944e-07,0.10070350766181946,0.049280814826488495,0.21607822179794312,0.22113387286663055,0.10397277772426605,0.039497070014476776,0.027476323768496513,0.10326609760522842,0.03635479137301445,0.040701400488615036,0.370983362197876,0.2875477373600006,0.006701990496367216,0.007670240011066198,0.00013674385263584554,0.007022710517048836,0.2530936896800995,0.00021840297267772257,0.005268963519483805,0.004232907667756081,0.0008539576665498316,0.0019712247885763645,0.0033142606262117624,0.007368084508925676,0.0012133157579228282,0.015518094412982464,0.02168947644531727,0.01976845972239971,0.014970334246754646,0.015635596588253975,0.00021941402519587427,0.03336514160037041,0.00898519903421402,0.013421149924397469,0.049534205347299576,0.0001672840298851952,0.00012090359086869285,0.0006240547518245876,0.003888966515660286,0.011623463593423367,0.00881313718855381,1.675271164458536e-06,2.9497996365535073e-06,0.00014409381037694402,0.31681089103221893,0.005352891166694462,0.12860452593304217
69,2.418774556645076e-06,0.006727592553943396,0.0020670020021498203,0.37973806262016296,0.08454322814941406,0.146623894572258,7.682272553211078e-05,1.7612886722417898e-06,7.95854930402129e-07,0.07300674915313721,0.035003773868083954,0.2962667644023895,0.2873747646808624,0.11128952354192734,0.05133599042892456,0.028270656242966652,0.07070839405059814,0.02507861889898777,0.023903269320726395,0.3357274830341339,0.2109661102294922,0.010799762792885303,0.011204129084944725,0.00018717817147262394,0.006666467525064945,0.25999540090560913,0.0003113709972240031,0.004305828828364611,0.007696145214140415,0.000541305635124445,0.0014825141988694668,0.0025554129388183355,0.008392471820116043,0.001365710748359561,0.019993916153907776,0.041494276374578476,0.033925049006938934,0.010090863332152367,0.014682723209261894,0.0002175236732000485,0.02827942743897438,0.010916322469711304,0.010759315453469753,0.05202299728989601,0.0002119290002156049,0.00011060536780860275,0.0007523778476752341,0.002916541649028659,0.01790735498070717,0.011126239784061909,2.449635076118284e-06,2.9082912078592926e-06,0.00016126718401210383,0.31986673176288605,0.004397297278046608,0.1279253299192836
72,4.404467745189322e-06,0.004183559212833643,0.0009127454832196236,0.4944031834602356,0.12325455248355865,0.1985357403755188,0.00010649627802195027,2.932143843281665e-06,1.2355296803434612e-06,0.05811489000916481,0.018312057480216026,0.18245947360992432,0.18800236284732819,0.06615064293146133,0.06417003273963928,0.04632660001516342,0.050313279032707214,0.04177955538034439,0.04619565233588219,0.35770946741104126,0.14312931895256042,0.013227899558842182,0.01985255442559719,0.00018883492157328874,0.0018851121421903372,0.19446641206741333,0.0005257174489088356,0.004429197870194912,0.007071628235280514,0.0006064974586479366,0.005322861950844526,0.009949271567165852,0.003214022610336542,0.0003765233850572258,0.023136692121624947,0.056353162974119186,0.0647648274898529,0.019601527601480484,0.005395662505179644,0.0007088863058015704,0.05667983740568161,0.013341659680008888,0.023839911445975304,0.06250547617673874,0.00027592710102908313,0.00016559830692131072,0.0010682304855436087,0.007745455950498581,0.021297749131917953,0.013344465754926205,3.088660832872847e-06,3.8214043343032245e-06,0.00022076270397519693,0.34443479776382446,0.0025481523480266333,0.169891772326082
75,2.584161165941623e-06,0.0019538297783583403,0.0007664385484531522,0.4586896598339081,0.20502042770385742,0.22918467223644257,8.105586312012747e-05,2.008691808441654e-06,1.060615090864303e-06,0.05476422607898712,0.020626485347747803,0.17345592379570007,0.1780257523059845,0.08122702687978745,0.055166393518447876,0.039492953568696976,0.06103101372718811,0.045934129506349564,0.0510098971426487,0.3229983150959015,0.15794937312602997,0.014627527445554733,0.01912853680551052,0.0002113015070790425,0.0022005096543580294,0.18995365500450134,0.00044707200140692294,0.004679197445511818,0.007727869786322117,0.0006732591427862644,0.0018662703223526478,0.003988783806562424,0.005779240746051073,0.00045867636799812317,0.023492705076932907,0.047420602291822433,0.049902383238077164,0.021242758259177208,0.006903919391334057,0.0006634941091760993,0.03398025408387184,0.01329928170889616,0.007859725505113602,0.032090116292238235,0.0002876389480661601,0.00019843303016386926,0.0006977171869948506,0.00852703582495451,0.011172677390277386,0.006026129238307476,2.9753462058579316e-06,3.1108734219742473e-06,0.00024303598911501467,0.3243216574192047,0.0013601341634057462,0.15484823798760772
78,2.9034306407993427e-06,0.003738468512892723,0.0012357303639873862,0.4322955906391144,0.1383364498615265,0.1870127022266388,7.242127321660519e-05,1.8258261889059213e-06,1.2819629091609386e-06,0.04553260654211044,0.01558663323521614,0.20580549538135529,0.20623604953289032,0.16409774124622345,0.02361755631864071,0.013357115909457207,0.17182646691799164,0.0364680141210556,0.04003392904996872,0.2635790705680847,0.12777461111545563,0.016539445146918297,0.024230793118476868,0.00018588655802886933,0.003869100706651807,0.1752866804599762,0.0003112466656602919,0.004699779208749533,0.009740237146615982,0.0005310620181262493,0.0012659674976021051,0.002685915445908904,0.006654041353613138,0.0006276972708292305,0.017165789380669594,0.037613771855831146,0.05389527231454849,0.0170709490776062,0.011375192552804947,0.0006569059914909303,0.04755720496177673,0.016769710928201675,0.0093228155747056,0.03395921364426613,0.00018291393644176424,0.00010326842311769724,0.0005504179862327874,0.0047177826054394245,0.006704174913465977,0.0033294064924120903,2.526312755435356e-06,3.276177722000284e-06,0.00014309117977973074,0.3037911355495453,0.0024870994384400547,0.1454158245275418
81,3.041544232473825e-06,0.007952408865094185,0.0008163949241861701,0.402393639087677,0.09274992346763611,0.24150922894477844,8.485189755447209e-05,1.421545903212973e-06,1.1754220849979902e-06,0.040708351880311966,0.011547858826816082,0.22214016318321228,0.2310694307088852,0.1410384178161621,0.02808086760342121,0.0181223563849926,0.143864244222641,0.03353036567568779,0.034101538360118866,0.3064606785774231,0.08042855560779572,0.017938964068889618,0.02716643363237381,0.000193918589502573,0.006649164017289877,0.1788705289363861,0.00017484782438259572,0.005429108627140522,0.007531513459980488,0.00043772044591605663,0.001505641033872962,0.002767356112599373,0.008194751106202602,0.0010907280957326293,0.015794619917869568,0.03522898629307747,0.04832272604107857,0.012969165109097958,0.013554101809859276,0.00034451831015758216,0.03880816325545311,0.016036758199334145,0.007024512626230717,0.031648095697164536,0.00020181018044240773,0.00010640917025739327,0.0008182282908819616,0.003884134814143181,0.005152149125933647,0.0029509584419429302,2.3147783849708503e-06,3.124994236713974e-06,0.0001541096753499005,0.29063208401203156,0.0043844018946401775,0.13555554541138312
84,2.621543671921245e-06,0.011654224246740341,0.0004120012163184583,0.4053245484828949,0.06284700334072113,0.26033395528793335,0.00011796553735621274,1.4031566024641506e-06,8.713773240742739e-07,0.038788143545389175,0.011764814145863056,0.17860184609889984,0.1967397928237915,0.1430719643831253,0.03100319392979145,0.017097607254981995,0.14173957705497742,0.043256014585494995,0.04443995654582977,0.2850792407989502,0.08371380716562271,0.019209936261177063,0.028067218139767647,0.0003025721525773406,0.011380690149962902,0.36183467507362366,0.00023581924324389547,0.006839397829025984,0.007735863793641329,0.000499266607221216,0.0018748403526842594,0.003520155092701316,0.012595215812325478,0.0014255695277824998,0.02491178549826145,0.05121568217873573,0.02673516608774662,0.010969101451337337,0.01297135092318058,0.00012573158892337233,0.011569131165742874,0.006662680301815271,0.002855605212971568,0.022554147988557816,0.0007545578409917653,0.0005565775209106505,0.0013895550509914756,0.009617865085601807,0.008713970892131329,0.00504411943256855,2.526852540540858e-06,3.469885768936365e-06,0.0006555676809512079,0.3835796117782593,0.0060331127315294,0.13690651464276016
87,3.97416533814976e-06,0.004844375420361757,0.0006659866776317358,0.48958274722099304,0.12812255322933197,0.24120792746543884,1.3902673345000949e-05,8.640275268589903e-07,9.609212838768144e-07,0.043999072164297104,0.01662520319223404,0.21902428567409515,0.22206754982471466,0.14063799381256104,0.031556081026792526,0.01963226869702339,0.13763421773910522,0.036073703318834305,0.03759687766432762,0.2249012291431427,0.09270406514406204,0.01773841679096222,0.025955427438020706,3.6831868783337995e-05,0.0026940605603158474,0.0109042814001441,4.332383468863554e-05,0.00355609436519444,0.009165913797914982,9.390139166498557e-05,0.005091323517262936,0.013708657585084438,0.0015779983950778842,0.005274785216897726,0.00022315046226140112,0.0005168816423974931,0.03957945853471756,0.00492207333445549,0.11612778156995773,0.00019951043941546232,0.06698250770568848,0.004879763815551996,0.12307131290435791,0.040407296270132065,4.9999238399323076e-05,1.80111856025178e-05,0.0008251219405792654,0.005439510103315115,0.00043835322139784694,0.00016247051826212555,2.6853317649511155e-06,1.1042986898246454e-06,3.400521200092044e-05,0.25024351431056857,0.0027551810489967465,0.16946090944111347
90,2.3610923562955577e-06,0.002408514032140374,0.0001084565810742788,0.5368615984916687,0.20184189081192017,0.3904668390750885,0.0001317956775892526,1.6902826018849737e-06,9.175114428217057e-07,0.02337028644979,0.01083208154886961,0.21399350464344025,0.22739148139953613,0.12549233436584473,0.04562739282846451,0.02428777888417244,0.08927091956138611,0.03354429081082344,0.03608663007616997,0.1944177895784378,0.10873451828956604,0.02871529571712017,0.03689192607998848,0.0002389774308539927,0.012623374350368977,0.4513199031352997,0.0003963873896282166,0.006811327766627073,0.013032415881752968,0.0013917702017351985,0.0020169722847640514,0.0034233499318361282,0.007812532596290112,0.003062977222725749,0.023716865107417107,0.042220547795295715,0.04280644282698631,0.02475082315504551,0.009472702629864216,7.292551163118333e-05,0.018326034769415855,0.005578025709837675,0.010111059993505478,0.02752588503062725,0.000844080001115799,0.0005588523927144706,0.0013001072220504284,0.00426260894164443,0.009205085225403309,0.004856670740991831,2.2023868950782344e-06,2.334584678465035e-06,0.0007014661969151348,0.4940907508134842,0.0012584853066073265,0.1807673069027563
93,2.2724323116563028e-06,0.0035594108048826456,0.00022156696650199592,0.5069268941879272,0.13955138623714447,0.30654340982437134,0.0001543820690130815,1.5759121652081376e-06,7.13987901690416e-07,0.02085169032216072,0.010819581337273121,0.1851455122232437,0.19619126617908478,0.10662855207920074,0.0438862182199955,0.027675222605466843,0.08792554587125778,0.03996019437909126,0.043675873428583145,0.18713922798633575,0.10511364042758942,0.028175875544548035,0.03180035203695297,0.000353123847162351,0.009746112860739231,0.34972715377807617,0.00020101356494706124,0.0074066659435629845,0.009560124948620796,0.0019225259311497211,0.0012790822656825185,0.001843176083639264,0.010447293519973755,0.0015424239682033658,0.035926055163145065,0.05782663822174072,0.05042196437716484,0.03274562954902649,0.005423812661319971,0.0001310775405727327,0.013757865875959396,0.005143192131072283,0.0048187123611569405,0.028909245505928993,0.0025719711557030678,0.0020718243904411793,0.0021555267740041018,0.004651205614209175,0.022030485793948174,0.014763405546545982,1.7210679743584478e-06,2.32921638598782e-06,0.0023218977730721235,0.4283270239830017,0.0018904888856923208,0.17001638417908302
96,3.890706466336269e-06,0.003958982415497303,0.0008531431667506695,0.45193836092948914,0.1366007775068283,0.24274855852127075,0.0002958995755761862,1.6002069287424092e-06,1.6761117649366497e-06,0.01872170902788639,0.007604365237057209,0.17936256527900696,0.18561960756778717,0.11870647966861725,0.03647615760564804,0.021320341154932976,0.12454171478748322,0.04269072413444519,0.0479508675634861,0.14430876076221466,0.07133617997169495,0.03103136457502842,0.04084780067205429,0.0007279563578777015,0.005268873181194067,0.22319744527339935,0.00013208189920987934,0.006223924923688173,0.02168140560388565,0.00175814691465348,0.002105136401951313,0.00334151997230947,0.003985250368714333,0.0010754895629361272,0.0653933733701706,0.11996296793222427,0.1682291030883789,0.06812267005443573,0.0008997902041301131,0.00015675948816351593,0.017284084111452103,0.010101567022502422,0.004511154256761074,0.02921857312321663,0.011028269305825233,0.007375370245426893,0.0051460349932312965,0.01385557372123003,0.06656336039304733,0.03580961003899574,2.3061011233949102e-06,4.488656941248337e-06,0.009201819775626063,0.33756790310144424,0.0024060627911239862,0.1524616724345833
99,3.5252310226496775e-06,0.0034666669089347124,0.0004926566616632044,0.43211865425109863,0.15788276493549347,0.3121088743209839,0.0002067395980702713,1.8338238305659615e-06,1.2974802530152374e-06,0.01869352161884308,0.0075102150440216064,0.22955463826656342,0.23558597266674042,0.12356030941009521,0.05809301882982254,0.02426767908036709,0.0676896721124649,0.03301839902997017,0.028825150802731514,0.20386722683906555,0.0663881003856659,0.03333042189478874,0.042290106415748596,0.00039623267366550863,0.003687888151034713,0.19081266224384308,0.0001924631797010079,0.005662914365530014,0.006819341331720352,0.0023138069082051516,0.0036626942455768585,0.004836131818592548,0.0030120927840471268,0.0006902953027747571,0.04514193907380104,0.07419809699058533,0.112249456346035,0.08239586651325226,0.0012155314907431602,0.0003240587539039552,0.03353206440806389,0.014758765697479248,0.008946689777076244,0.03917699307203293,0.0025269698817282915,0.0021005815360695124,0.00310642016120255,0.007907927967607975,0.02584110200405121,0.021402927115559578,2.138339368684683e-06,3.69232088814897e-06,0.002313775708898902,0.31146565824747086,0.0019796617852989584,0.14687249343842268
102,4.6938989726186264e-06,0.009465467184782028,0.001967145362868905,0.33088967204093933,0.10021539777517319,0.17945308983325958,9.810650954023004e-05,2.0193442651361693e-06,1.269119934477203e-06,0.03451455384492874,0.010914946906268597,0.21871741116046906,0.22368857264518738,0.07405628263950348,0.05509790778160095,0.039014704525470734,0.06406917423009872,0.033984214067459106,0.03461258113384247,0.2506742477416992,0.07630010694265366,0.018547341227531433,0.029860777780413628,0.0001845403603510931,0.002557996893301606,0.15768221020698547,0.00021554519480559975,0.00613792659714818,0.00789976492524147,0.0008450662717223167,0.0033518713898956776,0.00618643406778574,0.004534635692834854,0.0005487268208526075,0.014015033841133118,0.02747114934027195,0.08028276264667511,0.031059645116329193,0.0036951201036572456,0.0005433668266050518,0.04845597594976425,0.011004134081304073,0.016195623204112053,0.058644067496061325,0.0007780534215271473,0.0005339572089724243,0.0014029324520379305,0.008675625547766685,0.018788538873195648,0.011876237578690052,2.1218279471213464e-06,4.184313638688764e-06,0.0006560053152497858,0.2442859411239624,0.005716306273825467,0.11347599249954025
105,3.117273308816948e-06,0.01382374856621027,0.003537225304171443,0.33788174390792847,0.06839214265346527,0.13426321744918823,7.593769987579435e-05,1.6114552181534236e-06,1.1188693633812363e-06,0.027799120172858238,0.009981864131987095,0.16410614550113678,0.1760510355234146,0.07375669479370117,0.06371822208166122,0.0443410687148571,0.048136044293642044,0.044420402497053146,0.049340277910232544,0.24466264247894287,0.07637322694063187,0.023657871410250664,0.03129803389310837,0.00014688004739582539,0.0036271922290325165,0.2031758725643158,0.000324706023093313,0.006436197552829981,0.00423073535785079,0.0003118353197351098,0.0039124577306210995,0.005761036183685064,0.006411933805793524,0.0009666819823905826,0.013609521090984344,0.030183235183358192,0.04089873284101486,0.008014590479433537,0.01890537329018116,0.0003369590558577329,0.036261867731809616,0.010439739562571049,0.010332044214010239,0.0374177023768425,0.00019220734247937799,8.940635598264635e-05,0.0018760972889140248,0.003170465584844351,0.007361360359936953,0.004591299686580896,2.5017427560669603e-06,2.7338776362739736e-06,0.00014080684923101217,0.27052880823612213,0.008680486935190856,0.11585174594074488
108,3.0647793209936935e-06,0.01946776732802391,0.004233649931848049,0.23090395331382751,0.05053110793232918,0.1510305106639862,0.00017313589341938496,1.2463773373383447e-06,7.088087841111701e-07,0.04491984471678734,0.023944037035107613,0.12823833525180817,0.1420001983642578,0.04278680309653282,0.08793854713439941,0.07377663254737854,0.033196546137332916,0.05986109375953674,0.058807481080293655,0.39637887477874756,0.1482166349887848,0.014995915815234184,0.01402254682034254,0.00023292921832762659,0.003270908258855343,0.29620084166526794,0.00036707986146211624,0.009315604344010353,0.007348146289587021,0.0010927760740742087,0.0029190457426011562,0.0032909719739109278,0.002689979039132595,0.0003313377092126757,0.02512240968644619,0.051862411201000214,0.10704676061868668,0.02101944573223591,0.002853384939953685,0.0006097141886129975,0.020716242492198944,0.008491471409797668,0.007778855040669441,0.019382143393158913,0.0013179884990677238,0.0006396963144652545,0.004492281004786491,0.0026820797938853502,0.013103721663355827,0.006909018382430077,1.935862201207783e-06,2.9269137939991197e-06,0.0009788424067664891,0.26355239748954773,0.01185070862993598,0.07903799034344654
111,3.6547548916132655e-06,0.005557472351938486,0.001992900390177965,0.378682017326355,0.11076629906892776,0.16937407851219177,0.00015171644918154925,1.938847844940028e-06,9.577338460076135e-07,0.04450293257832527,0.024121010676026344,0.16617673635482788,0.1692923754453659,0.04571855813264847,0.08285710960626602,0.0665198341012001,0.036808647215366364,0.04660813510417938,0.048538364470005035,0.31488320231437683,0.16639173030853271,0.01560946088284254,0.01547072734683752,0.00026929602609016,0.0016919643385335803,0.2822820544242859,0.0005870182649232447,0.008466397412121296,0.008777320384979248,0.0009659440256655216,0.004453830886632204,0.007071970030665398,0.0028260156977921724,0.00031703757122159004,0.023033594712615013,0.04751216620206833,0.09688152372837067,0.029604732990264893,0.0019335136748850346,0.0005444438429549336,0.02040077932178974,0.008023894391953945,0.007051104214042425,0.0252337995916605,0.0021023584995418787,0.001568406936712563,0.0036777437198907137,0.013293550349771976,0.019363408908247948,0.010788983665406704,2.348514044570038e-06,3.872586603392847e-06,0.0018353827181272209,0.33048203587532043,0.0037751863710582256,0.13006927274788418
114,4.350141807663022e-06,0.007494131103157997,0.0018157967133447528,0.396342396736145,0.08693592250347137,0.17996953427791595,0.00014238242874853313,2.115961706294911e-06,8.23488051082677e-07,0.06768909841775894,0.027363179251551628,0.14088138937950134,0.14231789112091064,0.044318389147520065,0.08226563781499863,0.06294956058263779,0.041621509939432144,0.05527930706739426,0.0622444786131382,0.37293779850006104,0.18418824672698975,0.009656055830419064,0.012242688797414303,0.00021833319624420255,0.0025210764724761248,0.2269343137741089,0.00035097450017929077,0.008198527619242668,0.006038741208612919,0.0008624311303719878,0.005987579934298992,0.008377311751246452,0.0024275928735733032,0.0006807197933085263,0.020220058038830757,0.034812092781066895,0.0936770811676979,0.03217700868844986,0.0022920751944184303,0.00024444828159175813,0.034463945776224136,0.00945866946130991,0.014510349370539188,0.036856964230537415,0.0012222368968650699,0.0007285300525836647,0.003627919824793935,0.006840460002422333,0.01782219298183918,0.009960686787962914,1.9089418401563307e-06,3.7961483485560166e-06,0.0009753834747243673,0.31163835525512695,0.004654963908251375,0.13690242947389683
117,5.56384475203231e-06,0.02460225112736225,0.006069330498576164,0.2746608853340149,0.03468673303723335,0.0860767588019371,0.0001541130623081699,1.930779035319574e-06,1.0564085641817655e-06,0.06657654047012329,0.03296021744608879,0.2088049352169037,0.20988185703754425,0.05027690902352333,0.07589779794216156,0.05824209377169609,0.04554476961493492,0.03737826272845268,0.03708229213953018,0.36238041520118713,0.16950391232967377,0.010445065796375275,0.010244830511510372,0.000327732355799526,0.002762000309303403,0.17540504038333893,0.0001521419471828267,0.007561283186078072,0.009075487963855267,0.0007558978395536542,0.006239718291908503,0.009293938055634499,0.0029852245934307575,0.0006264452240429819,0.017960146069526672,0.0382431223988533,0.1358467936515808,0.03480657562613487,0.0013895848533138633,0.00023733933630865067,0.029660126194357872,0.007786321919411421,0.009589088149368763,0.038515035063028336,0.0038813853170722723,0.002284110290929675,0.005509546026587486,0.013362898491322994,0.03274741396307945,0.017760155722498894,1.865592821559403e-06,5.346842499420745e-06,0.0030827478040009737,0.2250329628586769,0.015335790812969208,0.09673151389385264
120,4.722535777546e-06,0.03222816810011864,0.0063708471134305,0.24425925314426422,0.031157830730080605,0.09033983945846558,0.00013702655269298702,1.766607738318271e-06,8.171380159183173e-07,0.06175370514392853,0.033706896007061005,0.2091623693704605,0.21996115148067474,0.048183634877204895,0.0770798847079277,0.05987769365310669,0.04218456894159317,0.03553975373506546,0.034694742411375046,0.39354240894317627,0.1662558615207672,0.011408220045268536,0.009869134053587914,0.00024596843286417425,0.0029845351818948984,0.20924776792526245,0.00024377428053412586,0.006004321854561567,0.004985461477190256,0.0008550361380912364,0.005427607335150242,0.007351127918809652,0.0028390989173203707,0.0006671669543720782,0.02420816943049431,0.04177986830472946,0.09235883504152298,0.03756539523601532,0.0017795462626963854,0.0002346616965951398,0.03290717303752899,0.010192261077463627,0.013753318227827549,0.047170378267765045,0.0013417975278571248,0.0008790164138190448,0.003215313656255603,0.0071428134106099606,0.028771504759788513,0.019235998392105103,1.862105250438617e-06,4.701649686467135e-06,0.0011104069708380848,0.22675351053476334,0.01929950760677457,0.0856793294660747
123,3.636106384874438e-06,0.01782437041401863,0.005525914952158928,0.2495761662721634,0.04882702976465225,0.09364330023527145,0.00012570653052534908,1.8706936089074588e-06,7.0679590180589e-07,0.07892247289419174,0.05258726328611374,0.16555887460708618,0.17378810048103333,0.05619702860713005,0.07051121443510056,0.054196443408727646,0.045667242258787155,0.0468740276992321,0.04976186901330948,0.39599594473838806,0.26275309920310974,0.008478711359202862,0.007101977244019508,0.00026051211170852184,0.0033306453842669725,0.23643849790096283,0.00028549155103974044,0.005279493052512407,0.005108041223138571,0.0007449921104125679,0.005609794054180384,0.007840102538466454,0.0033930225763469934,0.00041876855539157987,0.02973777800798416,0.0540943518280983,0.07136966288089752,0.026507677510380745,0.0023588177282363176,0.00033674517180770636,0.02422017976641655,0.008393480442464352,0.008911415934562683,0.03892568126320839,0.0011830193689092994,0.0007800718885846436,0.003204270964488387,0.007866276428103447,0.02383662573993206,0.015673760324716568,2.250584657303989e-06,4.306026312406175e-06,0.0009815456287469715,0.2430073320865631,0.01167514268308878,0.08767535428827007
126,3.7675588373531355e-06,0.02721140719950199,0.007781906519085169,0.22539925575256348,0.03500779718160629,0.0800410583615303,0.00013640004908666015,1.8122290157407406e-06,7.467722866749682e-07,0.07652327418327332,0.04584323614835739,0.16218607127666473,0.16798321902751923,0.05840598791837692,0.06671978533267975,0.050249289721250534,0.05063416808843613,0.047314200550317764,0.051895707845687866,0.38915544748306274,0.2760849893093109,0.0082161333411932,0.008171687833964825,0.0002765264653135091,0.003808575216680765,0.2480834424495697,0.0002521797432564199,0.005952942185103893,0.006546176970005035,0.0006486953352577984,0.004720871336758137,0.006390233989804983,0.0035326401703059673,0.00048826372949406505,0.028701404109597206,0.055856816470623016,0.08997239917516708,0.02275673672556877,0.002372479997575283,0.0002824616676662117,0.02235671505331993,0.0072296420112252235,0.008265084587037563,0.03518534079194069,0.0016681180568411946,0.0009183966903947294,0.004134368151426315,0.006456821225583553,0.027711037546396255,0.015150880441069603,1.964497869266779e-06,4.4116477511124685e-06,0.001293257373617962,0.2367413491010666,0.01749665685929358,0.07883678702637553
129,4.11108248954406e-06,0.026207156479358673,0.007984776981174946,0.22209180891513824,0.035571396350860596,0.08174560964107513,0.00016002006304915994,2.0482689251366537e-06,8.180588793038623e-07,0.07574349641799927,0.04529358446598053,0.168707937002182,0.1729859858751297,0.06450271606445312,0.06063099950551987,0.044229764491319656,0.05930028483271599,0.04604252427816391,0.05047371983528137,0.38697633147239685,0.27374669909477234,0.00853091012686491,0.00858873687684536,0.0003049204242415726,0.003943053539842367,0.2541539967060089,0.0002490035549271852,0.005643583368510008,0.006852446589618921,0.0005882598925381899,0.007781356573104858,0.01041985210031271,0.0030510646756738424,0.0004719517892226577,0.03144170343875885,0.06300366669893265,0.10034357756376266,0.02212437056005001,0.0020175923127681017,0.00025224877754226327,0.023752747103571892,0.0071295686066150665,0.008891128934919834,0.036008358001708984,0.0019049285911023617,0.0009738369262777269,0.005697858985513449,0.007383613381534815,0.03172683343291283,0.01654966175556183,2.1634170934703434e-06,5.119281468068948e-06,0.0014393827586900443,0.23812290281057358,0.01709596673026681,0.0800976725295186
132,3.5926111650042003e-06,0.028240222483873367,0.006847422104328871,0.20647092163562775,0.03768821060657501,0.10237367451190948,0.00014989697956480086,1.502666350461368e-06,6.430848316085758e-07,0.07088552415370941,0.03984183445572853,0.1632063239812851,0.17316699028015137,0.04915720969438553,0.06924011558294296,0.052686117589473724,0.0517522357404232,0.04655458778142929,0.04765813425183296,0.4380545914173126,0.23015695810317993,0.008943624794483185,0.008972303941845894,0.00021903964807279408,0.0031621516682207584,0.25229164958000183,0.0003095728170592338,0.006670602597296238,0.006678464822471142,0.000841673812828958,0.0027262477669864893,0.0030748688150197268,0.0028529479168355465,0.00033864466240629554,0.02340478077530861,0.04588599503040314,0.11256394535303116,0.020778803154826164,0.002392623107880354,0.0006035505211912096,0.024021737277507782,0.008812244981527328,0.011087064631283283,0.03533818572759628,0.0013764466857537627,0.0006276631611399353,0.00400304002687335,0.002573082223534584,0.027499955147504807,0.014669524505734444,1.7251450117328204e-06,3.5201951504859608e-06,0.001002054923446849,0.2293812856078148,0.01754382229410112,0.07075734607254465
135,3.782293788390234e-06,0.030685245990753174,0.009102774783968925,0.18482927978038788,0.03670976310968399,0.09128783643245697,0.00018896261462941766,1.478633521401207e-06,6.540953449984954e-07,0.06684420257806778,0.033875107765197754,0.17951330542564392,0.18403546512126923,0.037350982427597046,0.08860649913549423,0.07080882042646408,0.03726501762866974,0.0416339747607708,0.0422682911157608,0.42251673340797424,0.21486693620681763,0.00981037225574255,0.010165175423026085,0.0002560374268796295,0.0025066945236176252,0.2655680775642395,0.00034571992000564933,0.006475480273365974,0.006883920170366764,0.0012120988685637712,0.0038923572283238173,0.004134309943765402,0.002049974864348769,0.00032732519321143627,0.028571344912052155,0.05289926752448082,0.13936801254749298,0.031748879700899124,0.0011566359316930175,0.00047708218335174024,0.023381324484944344,0.009172597900032997,0.01117817871272564,0.03543568402528763,0.0026074363850057125,0.0013117127818986773,0.0061569130048155785,0.0032309717498719692,0.03787994384765625,0.022591622546315193,1.5833901443329523e-06,3.9600645322934724e-06,0.001959574583452195,0.2251986786723137,0.01989401038736105,0.0642853156508257
138,5.652579147863435e-06,0.03813359513878822,0.01190662570297718,0.1723904311656952,0.030041949823498726,0.07410440593957901,0.0002468739403411746,2.4218329599534627e-06,7.162248039094266e-07,0.0789632648229599,0.057741884142160416,0.2108936905860901,0.21748130023479462,0.041802387684583664,0.07883235067129135,0.06580058485269547,0.04330519959330559,0.03622632473707199,0.03432705998420715,0.4068211615085602,0.2566499412059784,0.009144818410277367,0.0065315463580191135,0.00040662699029780924,0.0016531934961676598,0.25620368123054504,0.00039501540595665574,0.00456847483292222,0.0064841825515031815,0.001290778862312436,0.015580684877932072,0.02063710242509842,0.002931293798610568,0.00030395621433854103,0.038641322404146194,0.06290703266859055,0.08741975575685501,0.03828156739473343,0.0009141998016275465,0.0003162050270475447,0.01464006956666708,0.006420518737286329,0.006457711569964886,0.0515177957713604,0.007701959926635027,0.006181681528687477,0.010750417597591877,0.023034879937767982,0.08671477437019348,0.06268534064292908,2.447748329359456e-06,7.77681725594448e-06,0.006941820727661252,0.21429705619812012,0.025020110420882702,0.06953607282290857
141,4.846682713832706e-06,0.026465725153684616,0.008472403511404991,0.1903253048658371,0.03972809761762619,0.0852433517575264,0.00021457081311382353,2.7597825464908965e-06,9.218019272339006e-07,0.06638406217098236,0.055080585181713104,0.19629988074302673,0.20730578899383545,0.041933491826057434,0.08881139755249023,0.07458958774805069,0.03645646199584007,0.04172639176249504,0.03908415883779526,0.37231454253196716,0.3171404004096985,0.010553492233157158,0.008451343514025211,0.0003757311205845326,0.004720584489405155,0.43500515818595886,0.0005284947110339999,0.004811016842722893,0.018795248121023178,0.00105136854108423,0.00940733589231968,0.016563698649406433,0.008193976245820522,0.0002795755863189697,0.030564503744244576,0.06518206000328064,0.05026289448142052,0.011265929788351059,0.0034889071248471737,0.0003798755060415715,0.0068684895522892475,0.0026659260038286448,0.0038851704448461533,0.051425281912088394,0.007084151729941368,0.005010121967643499,0.006546285469084978,0.0234803669154644,0.051755741238594055,0.028726696968078613,3.6248095511837164e-06,8.421298844041303e-06,0.006047136848792434,0.312665231525898,0.017469064332544804,0.07209877980252107
144,5.063126081950031e-06,0.036872077733278275,0.015889732167124748,0.18795518577098846,0.022202596068382263,0.045164983719587326,0.00015529419761151075,2.118651309501729e-06,1.0943243751171394e-06,0.09272291511297226,0.05447614565491676,0.15567079186439514,0.1611800193786621,0.09484697878360748,0.04279206693172455,0.030204186215996742,0.08432970196008682,0.05172405764460564,0.05643593519926071,0.4233396053314209,0.3258659243583679,0.007677088025957346,0.0067937239073216915,0.0004271402722224593,0.002049416769295931,0.1961628943681717,0.000331846036715433,0.004923206754028797,0.016033537685871124,0.000581260013859719,0.0032505576964467764,0.0058255684562027454,0.005250633228570223,0.00036166090285405517,0.036768700927495956,0.103242427110672,0.09860388189554214,0.019011907279491425,0.0030662042554467916,0.00045783151290379465,0.020544352009892464,0.007118768524378538,0.005067470017820597,0.03669673204421997,0.002316220896318555,0.001366879208944738,0.0025728128384798765,0.013986341655254364,0.03080313839018345,0.01682250201702118,2.724507567108958e-06,6.27375129624852e-06,0.0018415500526316464,0.19205904006958008,0.02638090495020151,0.065677103974546
147,4.133557013119571e-06,0.014425525441765785,0.004422108642756939,0.33872243762016296,0.03509848937392235,0.08296012133359909,0.00013652951747644693,2.281861725350609e-06,7.663303449589876e-07,0.11254724115133286,0.07283919304609299,0.26966428756713867,0.2632690370082855,0.04097048193216324,0.08744296431541443,0.07581769675016403,0.03521300479769707,0.03230512887239456,0.026525553315877914,0.43239304423332214,0.25739097595214844,0.006703467108309269,0.005633421707898378,0.0003457691636867821,0.000785140204243362,0.1534179002046585,0.0005933554493822157,0.0031571094878017902,0.01393798552453518,0.0008178303251042962,0.003561177058145404,0.007014893926680088,0.004883750807493925,0.0003007499035447836,0.03274107351899147,0.07315793633460999,0.06144282966852188,0.019311707466840744,0.0027706928085535765,0.0006179133779369295,0.01848612353205681,0.007546229753643274,0.00876351073384285,0.07031416147947311,0.0019257987150922418,0.0014727020170539618,0.0015649362467229366,0.017436658963561058,0.1134255900979042,0.07370404899120331,3.147141114823171e-06,4.867944880970754e-06,0.0016992503660731018,0.24607016891241074,0.009423817042261362,0.11643283620166282
150,1.8181546010964666e-06,0.016180062666535378,0.006375579629093409,0.2162136286497116,0.05116060748696327,0.10686405003070831,1.3727582881983835e-05,2.6092146754308487e-07,4.7291027271967323e-07,0.15783917903900146,0.10467807948589325,0.22794488072395325,0.23224638402462006,0.04579783231019974,0.09426435828208923,0.08429896086454391,0.033350855112075806,0.038725584745407104,0.03335114195942879,0.47505053877830505,0.35434645414352417,0.0045259734615683556,0.0042862677946686745,6.214602035470307e-05,0.0014330986887216568,0.007554891984909773,3.475968696875498e-05,0.0032664290629327297,0.016826311126351357,0.000498479581438005,0.0004415205621626228,0.0008772747241891921,0.0011372312437742949,0.0013406741200014949,0.0003070426464546472,0.0007365039782598615,0.09379595518112183,0.010986559092998505,0.033549439162015915,0.0007721618167124689,0.018411757424473763,0.00385223887860775,0.01651415415108204,0.005601854529231787,0.0004697608819697052,0.0002287495299242437,0.0008470792672596872,0.0042329817079007626,0.00012175161100458354,6.63323444314301e-05,1.883832396742946e-06,8.128531021611707e-07,0.00034925520594697446,0.11188426031731069,0.011277821147814393,0.07251080797868781
153,2.790996177282068e-06,0.01751127280294895,0.003843571525067091,0.3052520453929901,0.03715396299958229,0.13320757448673248,5.7662920880829915e-05,1.3129973694958608e-06,8.588125979258621e-07,0.10174034535884857,0.06190942972898483,0.18247459828853607,0.20528952777385712,0.034449655562639236,0.09907206892967224,0.08710116893053055,0.030327841639518738,0.0433804877102375,0.04133935272693634,0.4864555895328522,0.27664560079574585,0.00760058406740427,0.007358713075518608,0.00013284430315252393,0.00286156521178782,0.235601544380188,0.0007449020049534738,0.007609607186168432,0.009021499194204807,0.0002007896255236119,0.0010022437199950218,0.0019755298271775246,0.013284647837281227,0.0009365647565573454,0.010028650984168053,0.026867376640439034,0.025840535759925842,0.0030721889343112707,0.047992438077926636,0.0004004430666100234,0.022466788068413734,0.010508852079510689,0.0042291125282645226,0.01841825805604458,0.00010300425492459908,4.7506269766017795e-05,0.0005350597202777863,0.0034047975204885006,0.0028102064970880747,0.0011888716835528612,2.467374315529014e-06,2.6793179586093174e-06,7.525526234530844e-05,0.27042679488658905,0.010677422164008021,0.10274327298005421
156,2.0359607333375607e-06,0.008309463039040565,0.0032079587690532207,0.3122463822364807,0.06775610148906708,0.15560823678970337,4.996949064661749e-05,1.1266234878348769e-06,8.443786896350503e-07,0.10271060466766357,0.04749080911278725,0.23518426716327667,0.24015098810195923,0.03635922819375992,0.11279347538948059,0.10057669878005981,0.022150924429297447,0.0315747894346714,0.0320473350584507,0.4473472833633423,0.27486592531204224,0.00759194977581501,0.009826946072280407,0.00013978261267766356,0.0013266811147332191,0.21397462487220764,0.0013736874097958207,0.005755327641963959,0.019883057102560997,0.0006843056762591004,0.0001304723700741306,0.00033998730941675603,0.012988480739295483,0.0005284934886731207,0.015863880515098572,0.041647426784038544,0.030767643824219704,0.00658299820497632,0.049299050122499466,0.0013662928249686956,0.025865202769637108,0.014823207631707191,0.004093972034752369,0.018121130764484406,8.308589167427272e-05,5.58451320102904e-05,9.529545059194788e-05,0.0031726285815238953,0.004069779999554157,0.0017680722521618009,2.646088887559017e-06,1.9343710846442264e-06,6.946551184228156e-05,0.2631105035543442,0.005758710904046893,0.10423894730532386
159,1.1890089126609382e-06,0.014587048441171646,0.005975799169391394,0.27857449650764465,0.06218975409865379,0.12788976728916168,1.388698638038477e-05,3.001426023274689e-07,6.201934183991398e-07,0.09368229657411575,0.07878830283880234,0.11196070164442062,0.1239505261182785,0.036000728607177734,0.10797195881605148,0.10607920587062836,0.032383713871240616,0.07897572964429855,0.07973134517669678,0.48760101199150085,0.39654698967933655,0.008465652354061604,0.00905107706785202,4.164076017332263e-05,0.004367646295577288,0.032733213156461716,0.00020686144125647843,0.011933853849768639,0.04123588278889656,0.0004320130974519998,2.211826176790055e-05,4.9131813284475356e-05,0.005487545859068632,0.005184558220207691,0.0005372827872633934,0.001639196532778442,0.017342103645205498,0.001096623600460589,0.8536152839660645,0.0010242834687232971,0.07472647726535797,0.02783864550292492,0.009093635715544224,0.0015285194385796785,2.7364651487005176e-06,6.733631039423926e-07,3.9256614400073886e-05,0.00019159508519805968,8.223193617595825e-06,2.445827703922987e-06,1.8288375258634915e-06,3.4991080610780045e-07,1.7049141263214551e-06,0.15565385483205318,0.01028142380528152,0.09288191552756568
162,1.2614237903108005e-06,0.022365694865584373,0.00724840397015214,0.19514286518096924,0.049480780959129333,0.12421993911266327,1.617937050468754e-05,4.0557898728366126e-07,5.911078915232792e-07,0.10645075887441635,0.08924398571252823,0.20875737071037292,0.2276557832956314,0.030178623273968697,0.11805375665426254,0.11690951138734818,0.026083465665578842,0.03848489373922348,0.037679750472307205,0.4635362923145294,0.3531545102596283,0.007485280744731426,0.007484862580895424,4.646646630135365e-05,0.004656433593481779,0.04265651851892471,0.00020542072888929397,0.007591490168124437,0.0144912488758564,0.00027385898283682764,6.120395846664906e-05,0.00010922543879132718,0.008631434291601181,0.001822668476961553,0.0008952022762969136,0.0027231185231357813,0.01591256447136402,0.0009505633497610688,0.6684000492095947,0.0015414542285725474,0.04497212544083595,0.016548002138733864,0.0075858342461287975,0.004992497619241476,6.932296400918858e-06,1.8937394088425208e-06,0.00010274320811731741,0.00028898860909976065,6.459953146986663e-05,2.238717752334196e-05,2.0704001144622453e-06,5.866303922630323e-07,4.4130179048806895e-06,0.11889969184994698,0.014807049417868257,0.06510443152607574
165,1.5877737951086601e-06,0.006362087093293667,0.001569933956488967,0.3490990400314331,0.07543831318616867,0.20674756169319153,4.816681757802144e-05,1.3796556004308513e-06,5.989490432511957e-07,0.08381514996290207,0.06513196229934692,0.14050710201263428,0.1677432358264923,0.05016251653432846,0.09207262098789215,0.0773329809308052,0.02845490537583828,0.05368652194738388,0.052392445504665375,0.4898707866668701,0.2941496670246124,0.00847005657851696,0.008573941886425018,8.683874330017716e-05,0.00349768646992743,0.32448610663414,0.0016029274556785822,0.0051638055592775345,0.0068702432326972485,0.00036010617623105645,0.0004814672574866563,0.0007464357186108828,0.013076894916594028,0.0006643428350798786,0.011769048869609833,0.028163867071270943,0.019445551559329033,0.002707842504605651,0.0928758829832077,0.0008935247897170484,0.020998258143663406,0.011043766513466835,0.006001729518175125,0.021843185648322105,4.1676546970847994e-05,1.774741758708842e-05,0.0003824552404694259,0.0010767956264317036,0.0018087340286001563,0.0009085334022529423,3.106322992607602e-06,1.4824047411821084e-06,2.9711982278968208e-05,0.33679257333278656,0.003966010524891317,0.11677564766917688
168,3.118001359325717e-06,0.02473442442715168,0.001105216913856566,0.23035001754760742,0.027452869340777397,0.23880723118782043,0.0001323817268712446,1.9689969121827744e-06,5.947148906670918e-07,0.09573637694120407,0.04920177161693573,0.19077257812023163,0.21452589333057404,0.03317942097783089,0.12181097269058228,0.11414565145969391,0.01890883781015873,0.040864888578653336,0.03349651023745537,0.44932258129119873,0.1669238954782486,0.0079346913844347,0.009223168715834618,0.00015516809071414173,0.0018389306496828794,0.30150118470191956,0.0009722687536850572,0.005080702248960733,0.0072025153785943985,0.0005398942739702761,0.005813625641167164,0.008173470385372639,0.003416873048990965,0.00023036831407807767,0.024902820587158203,0.05643896013498306,0.06919311732053757,0.009060893207788467,0.004981867969036102,0.0007921367650851607,0.022868696600198746,0.00743306428194046,0.012244072742760181,0.0428973063826561,0.0005534624215215445,0.00025368016213178635,0.0023497294168919325,0.004004840739071369,0.01965353451669216,0.009611453860998154,3.128148819087073e-06,3.4320421491429443e-06,0.0004035712918266654,0.2659256011247635,0.012919820670504123,0.08144570452471574
171,3.510195483613643e-06,0.0037609501741826534,0.0007415770087391138,0.4981033205986023,0.10328927636146545,0.2433309406042099,8.446995343547314e-05,3.948943231080193e-06,9.953367907655775e-07,0.07716391980648041,0.037525445222854614,0.1932801604270935,0.2082633674144745,0.06270674616098404,0.07628307491540909,0.05649328976869583,0.038022689521312714,0.03978241980075836,0.03832297772169113,0.4304840564727783,0.192201629281044,0.009776999242603779,0.013148629106581211,0.00012549382518045604,0.0014595106476917863,0.22337670624256134,0.001321550807915628,0.0037132524885237217,0.005296355579048395,0.000276751205092296,0.004900866653770208,0.007933665998280048,0.0074769603088498116,0.00028487489908002317,0.017087945714592934,0.048943836241960526,0.04097774624824524,0.005159684922546148,0.02401389740407467,0.0012788446620106697,0.03255419433116913,0.006266950163990259,0.023064156994223595,0.0991983637213707,0.00017814843158703297,7.85254524089396e-05,0.0013318215496838093,0.004180320538580418,0.027049418538808823,0.014326769858598709,4.1644875636848155e-06,3.289392225269694e-06,0.0001283369419979863,0.3607400134205818,0.0022512635914608836,0.17031261775021753
174,3.644841626737616e-06,0.012118211947381496,0.0019723132718354464,0.3346778154373169,0.04815640673041344,0.18211188912391663,8.999030251288787e-05,2.8626616312976694e-06,9.76525711848808e-07,0.08107012510299683,0.02715986967086792,0.2172205150127411,0.2269396036863327,0.03003067709505558,0.12488802522420883,0.10722360014915466,0.021243877708911896,0.032609809190034866,0.03498402610421181,0.40760865807533264,0.18766580522060394,0.0077556464821100235,0.016782091930508614,0.00011487826850498095,0.002481618197634816,0.28307807445526123,0.0007144765695556998,0.005935211665928364,0.00526738166809082,0.00029627923504449427,0.010152872651815414,0.014416138641536236,0.0035761746112257242,0.0006708588916808367,0.0122313117608428,0.02951318584382534,0.05060364305973053,0.007100188639014959,0.009946946054697037,0.00030356613569892943,0.03369898349046707,0.0062073515728116035,0.02344728820025921,0.06676647067070007,0.00028700180700980127,0.00011989157792413607,0.0029142098501324654,0.004133225884288549,0.015884656459093094,0.008707316592335701,2.392937403783435e-06,3.584390924515901e-06,0.00020344669246696867,0.30887794494628906,0.007045262609608471,0.11974894224355619
177,3.34706055582501e-06,0.028141476213932037,0.0014849217841401696,0.268926203250885,0.021302472800016403,0.17534038424491882,9.418783156434074e-05,2.742440074143815e-06,5.314473128237296e-07,0.08845743536949158,0.05054137855768204,0.19650475680828094,0.2159293293952942,0.024260742589831352,0.14966778457164764,0.13952474296092987,0.015802545472979546,0.037203967571258545,0.03527116775512695,0.459242045879364,0.20289582014083862,0.00749572366476059,0.00912510696798563,0.00012263318058103323,0.0020550729241222143,0.31180012226104736,0.0007913358858786523,0.005085192620754242,0.0036858299281448126,0.000498119043186307,0.011007952503859997,0.013483742251992226,0.004748058505356312,0.0004119875084143132,0.016804233193397522,0.029673757031559944,0.037955526262521744,0.00857905950397253,0.009532317519187927,0.0004721619188785553,0.02027781307697296,0.004396103788167238,0.015680326148867607,0.07260650396347046,0.0004632608324754983,0.00025681094848550856,0.003695613704621792,0.004731337074190378,0.02286558412015438,0.01643972657620907,2.6209761472273385e-06,3.3314845495624468e-06,0.00036003589048050344,0.2903631627559662,0.014813198999036103,0.09780596600224574
180,3.6280084714235272e-06,0.019067062065005302,0.0009139402536675334,0.35626885294914246,0.023746205493807793,0.18887847661972046,0.00012664604582823813,2.3871707526268438e-06,4.722752464658697e-07,0.08502253890037537,0.053189147263765335,0.1318020075559616,0.15064144134521484,0.02059638500213623,0.16505636274814606,0.16474297642707825,0.013795909471809864,0.06055254116654396,0.055283401161432266,0.5110416412353516,0.23406843841075897,0.0073439632542431355,0.008124120533466339,0.00018068337521981448,0.0018745851702988148,0.2595418095588684,0.00042044196743518114,0.005681757349520922,0.0038239064160734415,0.0015355254290625453,0.007043573074042797,0.007669089827686548,0.0026754937134683132,0.00017907236178871244,0.024737894535064697,0.03642349690198898,0.06839416176080704,0.02603633888065815,0.002161212032660842,0.0011381669901311398,0.01905226707458496,0.006609644740819931,0.01333913579583168,0.055982958525419235,0.0014879856025800109,0.0011381178628653288,0.004197226837277412,0.0065624709241092205,0.030689459294080734,0.028522025793790817,2.1505338736460544e-06,3.0475598578050267e-06,0.0013130517327226698,0.30790533125400543,0.009990501159336418,0.12366050528362393
183,5.609392246697098e-06,0.040193118155002594,0.001533567439764738,0.24968430399894714,0.018773378804326057,0.17668260633945465,0.00018813756469171494,2.7322955702402396e-06,5.794935873382201e-07,0.07794547080993652,0.03464491665363312,0.2080007642507553,0.21737317740917206,0.0260479673743248,0.12761303782463074,0.1145658940076828,0.02282702922821045,0.036726564168930054,0.03337753936648369,0.43950536847114563,0.19455507397651672,0.007310895714908838,0.012494022957980633,0.00026360852643847466,0.000942999089602381,0.21172884106636047,0.00037694626371376216,0.007811308838427067,0.005463568493723869,0.0019371905364096165,0.00850309431552887,0.009548109956085682,0.0024495217949151993,0.00016123832028824836,0.019401364028453827,0.028389552608132362,0.11950616538524628,0.046103835105895996,0.0009045696351677179,0.001042949385009706,0.01481364294886589,0.005549537483602762,0.010008112527430058,0.056824300438165665,0.011508442461490631,0.010055672377347946,0.010343952104449272,0.016521187499165535,0.052910495549440384,0.05305362120270729,1.5741456991236191e-06,4.697669737652177e-06,0.010782057419419289,0.2307065725326538,0.020863342797383666,0.08924516942352057
186,5.230515853327233e-06,0.02649998664855957,0.0009433464147150517,0.3198885917663574,0.02287246845662594,0.21121931076049805,0.00016652682097628713,2.8862011731689563e-06,6.878879617033817e-07,0.06653762608766556,0.023282982409000397,0.2052628993988037,0.21194428205490112,0.0214424729347229,0.1505286544561386,0.13566672801971436,0.0189359113574028,0.037876442074775696,0.03534713760018349,0.4012658894062042,0.161457821726799,0.00851149670779705,0.018391955643892288,0.00023558508837595582,0.0011798401828855276,0.2025396227836609,0.0003362511342857033,0.00800836831331253,0.00608475087210536,0.0012770298635587096,0.008537163026630878,0.010090740397572517,0.002869126619771123,0.0001904331293189898,0.016222309321165085,0.026695676147937775,0.11605619639158249,0.028445539996027946,0.0014226081548258662,0.0010119605576619506,0.01637876406311989,0.004909342620521784,0.011168058030307293,0.06184365600347519,0.007439678069204092,0.005261770915240049,0.009397884830832481,0.012108158320188522,0.04804115369915962,0.042749226093292236,1.6912129012780497e-06,4.169129169895314e-06,0.006350724492222071,0.26121410727500916,0.013721666531637311,0.11283883173018694
189,4.886428541794885e-06,0.026050375774502754,0.0009366277372464538,0.32664573192596436,0.02121167816221714,0.21657605469226837,0.00018859992269426584,2.37354129239975e-06,4.6740561288061144e-07,0.08722909539937973,0.045325867831707,0.14308203756809235,0.1567782312631607,0.016972552984952927,0.17857055366039276,0.16708719730377197,0.016348952427506447,0.05665376037359238,0.05119113624095917,0.47884804010391235,0.22432281076908112,0.006902462337166071,0.009150450117886066,0.00027403607964515686,0.0010754024842754006,0.19489158689975739,0.00034609471913427114,0.006805007345974445,0.006161828059703112,0.00210190424695611,0.004113840404897928,0.0042420984245836735,0.002961478428915143,0.0001876604655990377,0.020750587806105614,0.03191326558589935,0.11801689118146896,0.03551435470581055,0.001209989539347589,0.0012170815607532859,0.012408004142343998,0.004808065947145224,0.00954809132963419,0.06273169070482254,0.0113555071875453,0.008741003461182117,0.008079011924564838,0.008398482576012611,0.06776173412799835,0.06959651410579681,1.7583582803126774e-06,3.4372142181382515e-06,0.010048255324363708,0.26076865941286087,0.013493501755874604,0.11166722358514865
192,4.922259904560633e-06,0.02203761599957943,0.0008225952624343336,0.3395364284515381,0.023277120664715767,0.22354592382907867,0.0001878597540780902,2.5890183223964414e-06,5.060447847426985e-07,0.07631676644086838,0.03610415756702423,0.13885071873664856,0.1522146314382553,0.021865107119083405,0.1573779135942459,0.15252846479415894,0.0158733818680048,0.05822126194834709,0.0529727078974247,0.49159929156303406,0.19052068889141083,0.007921920157968998,0.011673832312226295,0.000245771516347304,0.0008712186245247722,0.20315870642662048,0.0004780292510986328,0.006810314487665892,0.0060169873759150505,0.0018362279515713453,0.006484130397439003,0.006468344945460558,0.002416024450212717,0.0001594603236299008,0.0202811136841774,0.03093584254384041,0.1322203129529953,0.03389691561460495,0.000980581738986075,0.0013052945723757148,0.014306066557765007,0.005881581921130419,0.010496110655367374,0.06268319487571716,0.009632998146116734,0.006941079627722502,0.010339813306927681,0.008154266513884068,0.05479389429092407,0.05311526730656624,1.8446125977789052e-06,3.40693168254802e-06,0.008287038886919618,0.2713475674390793,0.011430105631006882,0.11749630126481254
195,5.207719368627295e-06,0.010820356197655201,0.0011913924245163798,0.3455217480659485,0.04955776035785675,0.2516181766986847,0.00016080719069577754,3.0639989745395724e-06,6.378114676408586e-07,0.0829492136836052,0.03657670319080353,0.12554311752319336,0.13586746156215668,0.016890333965420723,0.19676600396633148,0.1923237293958664,0.01211446151137352,0.06303057819604874,0.06068148463964462,0.4691911041736603,0.21758238971233368,0.006770626176148653,0.011541208252310753,0.00021049435599707067,0.0007527590496465564,0.18831314146518707,0.0006171244313009083,0.006461172364652157,0.00563588785007596,0.0009732473990879953,0.008449728600680828,0.009040058590471745,0.0023555883672088385,0.00019735677051357925,0.016576675698161125,0.028963230550289154,0.13566948473453522,0.02262328565120697,0.001362440874800086,0.0010992801981046796,0.01740492321550846,0.005243560299277306,0.01571439951658249,0.0815020352602005,0.005363862961530685,0.0031393300741910934,0.009706239216029644,0.007579654920846224,0.05742659419775009,0.04743701592087746,2.225841626568581e-06,3.4676627365115564e-06,0.0042515965178608894,0.2669174447655678,0.00600587431108579,0.12100384508570035
198,4.091928531124722e-06,0.013942494988441467,0.0011656497372314334,0.30401694774627686,0.03975319862365723,0.2447083443403244,0.0001397325104335323,2.3445979877578793e-06,5.206247237765638e-07,0.08966915309429169,0.03715340048074722,0.11818230897188187,0.12872597575187683,0.016679400578141212,0.20180687308311462,0.19898565113544464,0.011386120691895485,0.06670776754617691,0.06480829417705536,0.46105724573135376,0.20869524776935577,0.0061219604685902596,0.010906892828643322,0.00019956237520091236,0.0009295447380281985,0.19037145376205444,0.0005027480074204504,0.007167389150708914,0.005362080410122871,0.0010267641628161073,0.005348828621208668,0.005381460767239332,0.002821484347805381,0.00027383369160816073,0.016095561906695366,0.02651629038155079,0.122121661901474,0.021268652752041817,0.0017676422139629722,0.0008260214817710221,0.015863092616200447,0.005147975869476795,0.011218713596463203,0.06047353148460388,0.004481325391680002,0.0024931025691330433,0.008732686750590801,0.004957339260727167,0.03560878708958626,0.028743049129843712,1.9095809875580017e-06,2.703934569581179e-06,0.0034872139804065228,0.24719420075416565,0.00755407236283645,0.10491574571157496
201,4.1386456359759904e-06,0.00994569156318903,0.001456636469811201,0.3620448410511017,0.049787916243076324,0.20972999930381775,0.0001270853099413216,2.6094858185388148e-06,5.961617830507748e-07,0.09168266505002975,0.04264186695218086,0.1467868685722351,0.1538725644350052,0.01876419223845005,0.1821945458650589,0.17649953067302704,0.013108096085488796,0.05471549555659294,0.05406004562973976,0.45365339517593384,0.24385516345500946,0.006104044616222382,0.010104753077030182,0.00020546991436276585,0.0006390388589352369,0.19093769788742065,0.0007330672233365476,0.007076897658407688,0.006209619343280792,0.0010237375972792506,0.004608860705047846,0.005494745913892984,0.0027426707092672586,0.0002471725456416607,0.016237789765000343,0.029243597760796547,0.11108110845088959,0.022363852709531784,0.002133470494300127,0.0009345208527520299,0.01842886209487915,0.00510795833542943,0.012211740016937256,0.05715622380375862,0.003364573698490858,0.0021551731042563915,0.0051893144845962524,0.0069510419853031635,0.03570137545466423,0.027288321405649185,1.971377514564665e-06,2.8579672743944684e-06,0.002759873401373625,0.27649126946926117,0.005701164016500115,0.12404948255668084
204,4.3922741497226525e-06,0.012298260815441608,0.0010645730653777719,0.34092867374420166,0.04234732314944267,0.24927157163619995,0.00014207458298187703,2.8144827410869766e-06,6.191220904838701e-07,0.07523832470178604,0.028286529704928398,0.16870833933353424,0.18201862275600433,0.012778122909367085,0.23566274344921112,0.22543971240520477,0.010962038300931454,0.04776307940483093,0.04423348605632782,0.41434210538864136,0.1611013263463974,0.007764962036162615,0.015598746947944164,0.00019467332458589226,0.0007546364795416594,0.1865103542804718,0.0005703793722204864,0.007191523909568787,0.004338370636105537,0.0011039611417800188,0.009051204659044743,0.009815608151257038,0.0022783984895795584,0.00021659856429323554,0.013712422922253609,0.020499365404248238,0.104741171002388,0.02281038463115692,0.0016557297203689814,0.001015413086861372,0.018237855285406113,0.004906113259494305,0.014590290375053883,0.07237373292446136,0.0042897723615169525,0.0027817566879093647,0.008902830071747303,0.007659377530217171,0.036808647215366364,0.033819153904914856,1.9230956240789965e-06,3.2434702461614506e-06,0.0035357645247131586,0.26371951401233673,0.00668141694040969,0.11993182885150115
207,4.04648153562448e-06,0.019447099417448044,0.0016853759298101068,0.2657346725463867,0.03581637516617775,0.21722723543643951,6.646339897997677e-05,2.2945380351302447e-06,6.587414986825024e-07,0.09396196156740189,0.042598262429237366,0.13166683912277222,0.14927850663661957,0.017808817327022552,0.1928941011428833,0.18486832082271576,0.012349875643849373,0.059901073575019836,0.059144485741853714,0.4722086489200592,0.21144229173660278,0.006349986884742975,0.010188077576458454,9.436349500901997e-05,0.0015280582010746002,0.19895440340042114,0.0005367479170672596,0.0084084989503026,0.004254987463355064,0.00029521764372475445,0.006132123991847038,0.008323455229401588,0.004918683785945177,0.0004337811842560768,0.006517523434013128,0.01361212506890297,0.04219694063067436,0.0052162837237119675,0.01796327531337738,0.0007130430894903839,0.02629433572292328,0.005477502476423979,0.01602567918598652,0.05908690020442009,0.0003099463938269764,0.00014539599942509085,0.0026087239384651184,0.004288884345442057,0.009210857562720776,0.006149777676910162,2.279232148794108e-06,2.5637452836235752e-06,0.00022767119662603363,0.23234453797340393,0.010566237673629075,0.09339675058921178
210,1.5312649566112668e-06,0.016510266810655594,0.0013332035159692168,0.3022578954696655,0.05048958957195282,0.2498595118522644,1.1917428309971001e-05,4.91849277750589e-07,6.551328510795429e-07,0.09243527799844742,0.040516361594200134,0.164528489112854,0.182563915848732,0.035917192697525024,0.12811487913131714,0.11712180823087692,0.024362713098526,0.052043672651052475,0.051000528037548065,0.4553942382335663,0.2467128187417984,0.008321121335029602,0.016808487474918365,4.6099117753328755e-05,0.0015681828372180462,0.009556252509355545,0.00010171680332859978,0.0038459075149148703,0.016426844522356987,0.00012401006824802607,0.00045580510050058365,0.0007944400422275066,0.003749959170818329,0.0028810754884034395,0.0002965052844956517,0.001108808210119605,0.035356488078832626,0.0010540856746956706,0.5537741184234619,0.0007682981085963547,0.024113627150654793,0.0032568457536399364,0.01753256469964981,0.0054952469654381275,3.305913196527399e-05,7.262764484039508e-06,0.0006306658033281565,0.0009699265938252211,5.690161924576387e-05,1.9266315575805493e-05,3.0578512451029383e-06,5.039950110585778e-07,2.016094822465675e-05,0.15590707398951054,0.008921735163312405,0.1011693802041312
213,2.900759682233911e-06,0.013665496371686459,0.0016339023131877184,0.3614868223667145,0.05021138861775398,0.1880170702934265,2.7780459276982583e-05,1.615523729014967e-06,9.442136956749891e-07,0.09401337057352066,0.048633985221385956,0.17042385041713715,0.18641749024391174,0.025395747274160385,0.13732485473155975,0.1234724298119545,0.02264847233891487,0.04601263254880905,0.049031734466552734,0.42614689469337463,0.22868642210960388,0.007263503968715668,0.012376205064356327,6.410033529391512e-05,0.002888608491048217,0.08147218078374863,0.0002959429984912276,0.00449677649885416,0.009235517121851444,9.216907346853986e-05,0.001953709637746215,0.003491469891741872,0.011322087608277798,0.0011758338660001755,0.002495560562238097,0.009823907166719437,0.022969160228967667,0.0009289776789955795,0.30288437008857727,0.0006414463859982789,0.04448314011096954,0.006329746451228857,0.02436920814216137,0.03557922691106796,2.0974333892809227e-05,5.07641198055353e-06,0.000571798940654844,0.0014329334953799844,0.0015328623121604323,0.0006626020767726004,3.1302497518481687e-06,1.5397364450109308e-06,1.3025372936681379e-05,0.22147950157523155,0.0076496993424370885,0.12231066729873419
216,3.4730508104985347e-06,0.005181153304874897,0.0012404214357957244,0.4530206024646759,0.08314847946166992,0.21859170496463776,4.504180469666608e-05,2.1105724954395555e-06,1.3623733821077622e-06,0.09571608901023865,0.05118114501237869,0.20682936906814575,0.21870462596416473,0.03570777177810669,0.09634728729724884,0.08397660404443741,0.035857196897268295,0.03817102685570717,0.041699737310409546,0.3931346535682678,0.2320089042186737,0.00783674605190754,0.011498752050101757,9.350047184852883e-05,0.002137810690328479,0.11936686933040619,0.0005430890596471727,0.0038895923644304276,0.010252254083752632,7.378338341368362e-05,0.0030800430104136467,0.006388527341187,0.007931215688586235,0.0015332112088799477,0.005731781478971243,0.02655123919248581,0.03138323873281479,0.00149069563485682,0.11975568532943726,0.0003134466824121773,0.05560636147856712,0.009095088578760624,0.02558598481118679,0.04885850101709366,2.990728899021633e-05,7.900081982370466e-06,0.0005301472847349942,0.0029797344468533993,0.0045705377124249935,0.0018298467621207237,3.5611089970188914e-06,2.368412879150128e-06,1.8903685486293398e-05,0.28619373589754105,0.0032107873703353107,0.1541630576054255
219,3.2441632811242016e-06,0.02717597223818302,0.003381408518180251,0.2591276168823242,0.035431910306215286,0.1701255738735199,1.476652869314421e-05,1.17084744033491e-06,7.878029464336578e-07,0.10683061182498932,0.06952988356351852,0.14372877776622772,0.1591341495513916,0.02215820737183094,0.15380506217479706,0.13365362584590912,0.024655258283019066,0.05708201602101326,0.0611574724316597,0.4384644031524658,0.25942128896713257,0.006585287395864725,0.00939345546066761,5.3143903642194346e-05,0.0007044321391731501,0.007826749235391617,0.00011833913595182821,0.0015793880447745323,0.004892420955002308,6.70247245579958e-05,0.019059840589761734,0.03215571492910385,0.0017534296493977308,0.0007049150299280882,0.0004628040478564799,0.001975391525775194,0.03935310244560242,0.0013801108580082655,0.24759158492088318,0.0009840271668508649,0.0405014269053936,0.0016646579606458545,0.0661248117685318,0.023808544501662254,3.7787958717672154e-05,9.917090210365131e-06,0.0020931570325046778,0.0046830447390675545,0.00030814026831649244,0.00014290391118265688,4.783187250723131e-06,1.4184664678396075e-06,2.3852524464018643e-05,0.13347718305885792,0.015278690378181636,0.10344772413372993
222,3.961436050303746e-06,0.027571065351366997,0.0036827039439231157,0.2638756334781647,0.03283580765128136,0.18010452389717102,1.1169609024364036e-05,1.4052777714823605e-06,9.475060664954071e-07,0.09453519433736801,0.06938274949789047,0.1549203097820282,0.1657697707414627,0.018481722101569176,0.1878667175769806,0.16705921292304993,0.018793124705553055,0.0537169948220253,0.05683208629488945,0.40111440420150757,0.28448259830474854,0.007498331367969513,0.011351087130606174,3.67736465705093e-05,0.000909141730517149,0.005970063153654337,8.671322575537488e-05,0.0011553255608305335,0.0033358412329107523,6.541871698573232e-05,0.08287287503480911,0.12750555574893951,0.0007503178785555065,0.0013282500440254807,0.0002443951671011746,0.0008966398891061544,0.040735553950071335,0.0016879315953701735,0.1945759505033493,0.0005569991189986467,0.07046381384134293,0.0027786619029939175,0.14126592874526978,0.0279853455722332,1.9672475900733843e-05,4.898499355476815e-06,0.0033995655830949545,0.005511589348316193,0.0001356870780000463,8.120007260004058e-05,5.1362699196033645e-06,1.6066524040070362e-06,1.228548762810533e-05,0.1349228483159095,0.015626884647645056,0.15808468808730444
225,2.9533096039813245e-06,0.007868625223636627,0.0018885901663452387,0.4045878052711487,0.03972636163234711,0.19136479496955872,0.00024570332607254386,2.200751396230771e-06,8.015960588636517e-07,0.06977815181016922,0.032996054738759995,0.12123345583677292,0.12531451880931854,0.016100313514471054,0.17883998155593872,0.16452144086360931,0.019106972962617874,0.07003571093082428,0.07114491611719131,0.4930730164051056,0.2757560610771179,0.008185850456357002,0.015256169252097607,0.0004443432844709605,0.0009787585586309433,0.33145496249198914,0.0012318931985646486,0.00580502487719059,0.010365143418312073,0.0011240735184401274,0.0042617665603756905,0.004715608898550272,0.0028905996587127447,0.0003479428414721042,0.03772608935832977,0.06911905109882355,0.14139723777770996,0.02213921584188938,0.0008671832038089633,0.00029549357714131474,0.007440561894327402,0.005787013564258814,0.002557296073064208,0.01984976977109909,0.014869599603116512,0.008175662718713284,0.01788429170846939,0.012228090316057205,0.023893022909760475,0.014211666770279408,1.8440357507643057e-06,3.5869318253389793e-06,0.011522631160914898,0.3680213838815689,0.004878607694990933,0.13785506024335822
228,4.373460797069129e-06,0.00748663442209363,0.0010355237172916532,0.37251555919647217,0.06217795982956886,0.29546645283699036,0.00018360294052399695,2.624072294565849e-06,8.965642450675659e-07,0.07901425659656525,0.03708062693476677,0.14469490945339203,0.16265173256397247,0.030784744769334793,0.119404137134552,0.10598812997341156,0.0254898089915514,0.05422849580645561,0.04993101954460144,0.5237032175064087,0.23361848294734955,0.007834558375179768,0.011599733494222164,0.00036761531373485923,0.0006090213428251445,0.11238441616296768,0.0005934535874985158,0.0036400710232555866,0.013176754117012024,0.0007621301920153201,0.0034264044370502234,0.004034492187201977,0.003966327756643295,0.0002191273815697059,0.03295007348060608,0.09787272661924362,0.21114972233772278,0.017319634556770325,0.00284031149931252,0.0011831946903839707,0.01829487271606922,0.0039931791834533215,0.009009643457829952,0.05006888136267662,0.003712712787091732,0.0015741415554657578,0.005168530624359846,0.005229399539530277,0.040052253752946854,0.022851785644888878,3.2366567666031187e-06,3.4711963508016197e-06,0.002643427171278745,0.24244998767971992,0.0042610790696926415,0.1266588186069081
231,3.7977924876031466e-06,0.007949558086693287,0.001082690549083054,0.41612544655799866,0.057665593922138214,0.2578689455986023,0.0001308204373344779,3.0489873097394593e-06,6.884510526106169e-07,0.09086084365844727,0.06417256593704224,0.1588486284017563,0.180113285779953,0.019855573773384094,0.16939662396907806,0.1610502153635025,0.015768583863973618,0.05052679777145386,0.043219976127147675,0.44409307837486267,0.20388752222061157,0.007327259052544832,0.007294310722500086,0.00027488204068504274,0.0010968315182253718,0.15226905047893524,0.00045572055387310684,0.002742093987762928,0.003835319308564067,0.0005854255286976695,0.017633283510804176,0.022599268704652786,0.005225600674748421,0.0004086789849679917,0.03302149102091789,0.05761658772826195,0.06020479276776314,0.014307350851595402,0.003964290022850037,0.0003927266807295382,0.01760348305106163,0.004380620550364256,0.009179305285215378,0.07943052798509598,0.0012580465991050005,0.0007997680804692209,0.005885982885956764,0.011498206295073032,0.04903996363282204,0.039621561765670776,3.986692263424629e-06,4.0159102354664356e-06,0.0010289073397871107,0.28419724851846695,0.0045161243178881705,0.1521193329244852
234,4.106905180378817e-06,0.014418055303394794,0.0019343059975653887,0.30170121788978577,0.03484363108873367,0.23091624677181244,0.00015126389916986227,2.7519163268152624e-06,9.225618100572319e-07,0.09574059396982193,0.05145573988556862,0.22604487836360931,0.23539438843727112,0.02244061790406704,0.1586044430732727,0.1510089635848999,0.01625920832157135,0.03471297398209572,0.030821874737739563,0.44315454363822937,0.25148245692253113,0.006635782774537802,0.008988562971353531,0.0003068641235586256,0.0013817021390423179,0.20648321509361267,0.0004810259852092713,0.0033536830451339483,0.0067466795444488525,0.0004058594349771738,0.015492770820856094,0.02130196802318096,0.003941655158996582,0.0005708163371309638,0.030282383784651756,0.07210735976696014,0.07995864003896713,0.012009861879050732,0.002144463127478957,0.00020654041145462543,0.015244275331497192,0.005393183324486017,0.007706574629992247,0.06464647501707077,0.002160355681553483,0.0011820208746939898,0.007701726630330086,0.013771723955869675,0.06561078131198883,0.045391689985990524,3.1280326311389217e-06,4.726167389890179e-06,0.0016711882781237364,0.2540922164916992,0.008176180650480092,0.11283198557794094
237,3.0967628390499158e-06,0.014842209406197071,0.003557763993740082,0.24558332562446594,0.06228432431817055,0.22022691369056702,1.0448129614815116e-05,5.676351406691538e-07,9.668060556577984e-07,0.10018862783908844,0.056068118661642075,0.17551228404045105,0.18809962272644043,0.019457731395959854,0.1872098445892334,0.18053634464740753,0.015227549709379673,0.04191343113780022,0.0439152829349041,0.3615104854106903,0.2576338052749634,0.006263351999223232,0.00973978266119957,2.07443972612964e-05,0.0009313701302744448,0.008876996114850044,7.016675954218954e-05,0.0019044680520892143,0.010879243724048138,0.0003833272203337401,0.003726418362930417,0.006577559281140566,0.00028374645626172423,0.0012682968517765403,0.00019843492191284895,0.0004912398289889097,0.1677841991186142,0.012443793006241322,0.026534797623753548,0.0007700565038248897,0.12148802727460861,0.006630089599639177,0.16654537618160248,0.012789088301360607,7.741295848973095e-05,2.5296802050434053e-05,0.0010922322981059551,0.0038758013397455215,6.642982771154493e-05,3.3661159250186756e-05,1.8229413853987353e-06,1.0115579698322108e-06,5.1354880270082504e-05,0.127230160869658,0.009199986699968576,0.08529576775617898
240,2.4965638658613898e-06,0.021512577310204506,0.0026854504831135273,0.25986939668655396,0.03343263268470764,0.23178087174892426,4.776000787387602e-05,8.50890842230001e-07,9.564787433191668e-07,0.09452605247497559,0.061222415417432785,0.15260986983776093,0.17521364986896515,0.01970623806118965,0.1630128175020218,0.15732888877391815,0.01859731785953045,0.05199248343706131,0.052051153033971786,0.48752889037132263,0.28166303038597107,0.007172214798629284,0.009086978621780872,0.00010725808533607051,0.002000223146751523,0.07100818306207657,0.0004435534356161952,0.005247311666607857,0.02597249671816826,0.00016097807383630425,0.00037297725793905556,0.0006215036264620721,0.006896488834172487,0.0007439627079293132,0.004589613527059555,0.025097297504544258,0.07333648204803467,0.001331664272584021,0.18297524750232697,0.0012525463243946433,0.03469308093190193,0.008250966668128967,0.008409572765231133,0.01160218846052885,4.6935281716287136e-05,9.165859410131816e-06,0.0004015769518446177,0.000779158144723624,0.000679618155118078,0.00019580328080337495,3.311920181658934e-06,1.3640985798701877e-06,2.8050570563209476e-05,0.16543878987431526,0.012099013896659017,0.08695462585698503
243,1.9723929653991945e-06,0.013650420121848583,0.00184341031126678,0.3152301013469696,0.056372031569480896,0.28097623586654663,1.6006730220397003e-05,5.041757731305552e-07,9.098470172830275e-07,0.08219418674707413,0.036730799823999405,0.16211596131324768,0.18317067623138428,0.017184320837259293,0.18958136439323425,0.17893172800540924,0.018726803362369537,0.05169929563999176,0.05004864186048508,0.47146132588386536,0.21646395325660706,0.009001425467431545,0.015772774815559387,4.552024620352313e-05,0.001547929015941918,0.01313251443207264,0.00013789752847515047,0.003360944101586938,0.014637826941907406,0.0001655185769777745,0.0005207855137996376,0.0009140887996181846,0.0023210481740534306,0.0026136727537959814,0.0003914823173545301,0.0016769878566265106,0.055195968598127365,0.0018385588191449642,0.293937623500824,0.0006824606098234653,0.04023449867963791,0.005092212930321693,0.025263341143727303,0.006899768486618996,2.6790938136400655e-05,6.172941994009307e-06,0.0004078688798472285,0.0010281481081619859,7.306110637728125e-05,2.4537603167118505e-05,2.854583954103873e-06,7.271048616530607e-07,1.648194006520498e-05,0.16418130788952112,0.0077469152165576816,0.1055549918867958
246,3.825878593488596e-06,0.030660774558782578,0.0016766900662332773,0.19338728487491608,0.029296258464455605,0.2635338604450226,5.876529394299723e-05,2.0649615635193186e-06,9.429169267605175e-07,0.06521540135145187,0.026979124173521996,0.22818979620933533,0.2448187917470932,0.02550390176475048,0.13206137716770172,0.12282995134592056,0.022138241678476334,0.0319550521671772,0.02928689308464527,0.4115724265575409,0.12329955399036407,0.01009619515389204,0.016598936170339584,7.107584679033607e-05,0.001574415946379304,0.17522132396697998,0.0008776028989814222,0.005395578220486641,0.005041112191975117,0.0003246583801228553,0.0032903715036809444,0.004653230309486389,0.004866893403232098,0.0004410790279507637,0.008139685727655888,0.020228084176778793,0.04578319936990738,0.004554723389446735,0.04209652170538902,0.0011405103141441941,0.06831537932157516,0.00966545008122921,0.030985457822680473,0.05902908369898796,5.100935231894255e-05,1.9320154024171643e-05,0.0007878657197579741,0.0017650576774030924,0.004027645103633404,0.002253298182040453,2.444057827233337e-06,2.4262460556201404e-06,3.5164753171557095e-05,0.18430430442094803,0.016168732312507927,0.06711029556269447
249,3.7615527617163025e-06,0.034833356738090515,0.0026190844364464283,0.14247721433639526,0.02845972217619419,0.24204224348068237,8.476157381664962e-05,1.5427423250002903e-06,8.653709073769278e-07,0.058151379227638245,0.02767334133386612,0.19207939505577087,0.216088205575943,0.02148868516087532,0.1388518512248993,0.13403059542179108,0.021833034232258797,0.03804487735033035,0.0334603451192379,0.427915096282959,0.14065644145011902,0.01115685235708952,0.01491211261600256,9.00485974852927e-05,0.0017240019515156746,0.2203429788351059,0.0009084978955797851,0.005902563221752644,0.008236943744122982,0.0004346957430243492,0.0013395125279203057,0.0016350758960470557,0.005053434520959854,0.00045511240023188293,0.009600742720067501,0.027540134266018867,0.07349775731563568,0.00478331046178937,0.022894779220223427,0.0011595747200772166,0.03707670047879219,0.008004280738532543,0.022129513323307037,0.05860745161771774,0.00016113242600113153,5.4177962738322094e-05,0.0010768463835120201,0.0011011918541043997,0.008937621489167213,0.004918471444398165,2.2441529381467262e-06,2.275976157761761e-06,0.00010765519436972681,0.18141009658575058,0.01872622058726847,0.04848393425345421
252,2.9850775717932265e-06,0.015665825456380844,0.004053223412483931,0.19867466390132904,0.05118141323328018,0.22489924728870392,9.23163170227781e-05,1.5915530866550398e-06,1.080853280654992e-06,0.06921574473381042,0.03483882173895836,0.13019156455993652,0.1535908728837967,0.011701196432113647,0.22162896394729614,0.2192835807800293,0.012603716924786568,0.054001566022634506,0.054909367114305496,0.5060060024261475,0.23017971217632294,0.0091022290289402,0.014422399923205376,0.0001241502759512514,0.0016575995832681656,0.24833431839942932,0.0016977732302621007,0.004765775054693222,0.009781095199286938,0.00025262637063860893,0.0008011222817003727,0.0010456211166456342,0.006283098831772804,0.00020300631877034903,0.014841985888779163,0.07837265729904175,0.07735395431518555,0.002162110060453415,0.05128020420670509,0.0028935435693711042,0.02304723672568798,0.0072189271450042725,0.013021600432693958,0.03881340101361275,0.00010026955715147778,2.7163039703737013e-05,0.0007374802371487021,0.0009528727969154716,0.0061310394667088985,0.0031819650903344154,3.8120931549201487e-06,2.2772549073124537e-06,6.37162984276074e-05,0.22350449115037918,0.009859524434432387,0.06684046909989168
255,5.145035629539052e-06,0.034117430448532104,0.007682549301534891,0.15874725580215454,0.028244122862815857,0.16891635954380035,7.382680632872507e-05,1.5144273675105069e-06,1.6983584600893664e-06,0.08288519829511642,0.03509444370865822,0.10775593668222427,0.1265861690044403,0.008695591241121292,0.2608305811882019,0.24707765877246857,0.012143400497734547,0.07048755139112473,0.07065269351005554,0.5236361622810364,0.21258890628814697,0.008155646733939648,0.01311738882213831,0.00011812548473244533,0.0018874427769333124,0.1511562168598175,0.0008264867938123643,0.008213996887207031,0.01704992912709713,0.00012080977467121556,0.001087352866306901,0.001862783799879253,0.0074905045330524445,0.0005188773502595723,0.006063186563551426,0.038425713777542114,0.08185984939336777,0.0014719695318490267,0.0996498391032219,0.0012186733074486256,0.0460224486887455,0.00783595722168684,0.015695124864578247,0.025581635534763336,6.277691863942891e-05,1.3271715943119489e-05,0.0005514879012480378,0.001414356054738164,0.0019511388381943107,0.0006416686228476465,3.1932577257975936e-06,2.7490257252793526e-06,3.80243172912742e-05,0.15495173633098602,0.020899989875033498,0.05389913082278023
258,3.1123897770157782e-06,0.019849112257361412,0.005314548499882221,0.20144551992416382,0.046725522726774216,0.18432803452014923,8.86869675014168e-05,1.4158310932543827e-06,1.2479472388804425e-06,0.07271485775709152,0.03271833807229996,0.18179328739643097,0.20835496485233307,0.01668417826294899,0.1621900051832199,0.14872735738754272,0.020768936723470688,0.03762172907590866,0.03679310157895088,0.4593279957771301,0.1508687436580658,0.00909934751689434,0.014148682355880737,0.00012608515680767596,0.0017900210805237293,0.1967650204896927,0.0011009573936462402,0.004648267757147551,0.0093774339184165,0.00015743249969091266,0.001181773142889142,0.0015242870431393385,0.007022344972938299,0.0004526993725448847,0.01231730729341507,0.05406942218542099,0.08583267033100128,0.002124450635164976,0.04592589661478996,0.0011952463537454605,0.02987784706056118,0.00868912786245346,0.010867739096283913,0.036476582288742065,9.802731074159965e-05,2.2120413632364944e-05,0.0011350630084052682,0.000946063722949475,0.004691159352660179,0.0019896209705621004,3.650376356745255e-06,2.574216296125087e-06,6.0073862186982296e-05,0.19910527020692825,0.012581830378621817,0.06805052670339744
261,3.1977801882021595e-06,0.006829347461462021,0.0027580184396356344,0.30828022956848145,0.0830506682395935,0.22253739833831787,5.3762163588544354e-05,3.4589959341246868e-06,8.045653885346837e-07,0.05029383674263954,0.033011823892593384,0.1423676460981369,0.15840525925159454,0.02699415571987629,0.12388482689857483,0.10857918113470078,0.024251628667116165,0.0512218214571476,0.05535797029733658,0.5129209756851196,0.267290323972702,0.011288633570075035,0.01561190839856863,7.02611796441488e-05,0.00181230076123029,0.1503797322511673,0.000909173337277025,0.003669552970677614,0.0024339386727660894,0.0003291423199698329,0.0035497164353728294,0.0034004447516053915,0.006500191055238247,0.00013003665662836283,0.008912903256714344,0.022682035341858864,0.04224338009953499,0.003126973519101739,0.0654250830411911,0.005392434541136026,0.048932600766420364,0.005887004546821117,0.033632829785346985,0.08465889096260071,5.432224861579016e-05,1.7654943803790957e-05,0.0015699032228440046,0.0009329976746812463,0.005338402930647135,0.003639311995357275,2.7989606223854935e-06,2.257975893371622e-06,3.598859620979056e-05,0.22932998090982437,0.004793682950548828,0.10507679691848655
264,3.1397214570461074e-06,0.00653373496606946,0.0027633297722786665,0.32131075859069824,0.08387020230293274,0.23625130951404572,5.477225568029098e-05,3.379107511136681e-06,7.446303129654552e-07,0.05640238896012306,0.03673278167843819,0.12246639281511307,0.13308435678482056,0.0245790034532547,0.129252627491951,0.114164799451828,0.023569520562887192,0.05785795673727989,0.06700274348258972,0.491396427154541,0.29688751697540283,0.009540306404232979,0.014105229638516903,6.553547427756712e-05,0.001557201612740755,0.1510368138551712,0.0012480042641982436,0.003152399556711316,0.0024097824934870005,0.00039876182563602924,0.0030396957881748676,0.0027800933457911015,0.004864831455051899,0.00013244955334812403,0.009891248308122158,0.023501040413975716,0.04665832594037056,0.003650814760476351,0.054723214358091354,0.0056044128723442554,0.056078724563121796,0.007733884267508984,0.038745295256376266,0.08975756913423538,4.373478441266343e-05,1.3816497812513262e-05,0.0013795004924759269,0.0006978678284212947,0.004936038516461849,0.0033806392457336187,2.820687086568796e-06,2.128045252902666e-06,2.8775641112588346e-05,0.23617378622293472,0.004648532369174063,0.10904351590822141
267,4.055417321069399e-06,0.008622107096016407,0.002961327787488699,0.2608760595321655,0.06794138997793198,0.2263520061969757,6.63100800011307e-05,3.8097234664746793e-06,8.158531841218064e-07,0.06975910067558289,0.06650206446647644,0.10609527677297592,0.12173830717802048,0.024259719997644424,0.13285836577415466,0.11928395926952362,0.020856402814388275,0.06810690462589264,0.07669097930192947,0.4803791344165802,0.3356599509716034,0.007765226997435093,0.008367960341274738,8.443959814030677e-05,0.0012292928295210004,0.17235702276229858,0.0013170569436624646,0.0030429114121943712,0.003465804038569331,0.0001513341412646696,0.009459834545850754,0.0105433389544487,0.006153619848191738,0.00021358572121243924,0.011676568537950516,0.04107208549976349,0.04288666322827339,0.002190257655456662,0.05595347285270691,0.0017434889450669289,0.044945672154426575,0.005425271112471819,0.03699342533946037,0.11426055431365967,6.072779797250405e-05,1.715195867291186e-05,0.0021085748448967934,0.0015350079629570246,0.01089190412312746,0.006718577351421118,3.920769813703373e-06,2.9691666441067355e-06,3.8939878322707955e-05,0.21661654114723206,0.005791717441752553,0.09362641101082166
270,4.830563739233185e-06,0.0131533183157444,0.004136791918426752,0.2712809145450592,0.052110206335783005,0.17626401782035828,6.41085862298496e-05,3.623081511250348e-06,9.829783493842115e-07,0.06502600759267807,0.05657745152711868,0.14777395129203796,0.17385970056056976,0.020859286189079285,0.13535737991333008,0.12083925306797028,0.023821022361516953,0.049822717905044556,0.05137966573238373,0.4902387857437134,0.2558085322380066,0.009399421513080597,0.00982823595404625,7.788069342495874e-05,0.000986541504971683,0.19358643889427185,0.0017206281190738082,0.0036307265982031822,0.003463148605078459,0.00015942490426823497,0.010134854353964329,0.014085925184190273,0.0044342828914523125,0.00016714389494154602,0.01027454063296318,0.033308856189250946,0.04151758924126625,0.002882914384827018,0.045427609235048294,0.0022679511457681656,0.05925271287560463,0.007944019511342049,0.04898663982748985,0.10272451490163803,3.806867607636377e-05,1.399913162458688e-05,0.0011625787010416389,0.002649822970852256,0.009981854818761349,0.0057511841878294945,3.840611043415265e-06,3.71335340787482e-06,2.6033903850475326e-05,0.23243367671966553,0.008645055117085576,0.0985005646944046
273,3.56422469849349e-06,0.006254860199987888,0.0011556921526789665,0.3487200140953064,0.06721985340118408,0.2758142352104187,7.662058487767354e-05,2.181772288167849e-06,4.949571348333848e-07,0.22936543822288513,0.179501473903656,0.1853622943162918,0.2169569432735443,0.010296311229467392,0.2456676959991455,0.22334928810596466,0.015812397003173828,0.04883025586605072,0.045155756175518036,0.5958765745162964,0.40296876430511475,0.002197708934545517,0.0022424357011914253,0.0001759992737788707,0.0005554415402002633,0.10315773636102676,0.0008785714162513614,0.003297048155218363,0.004436809103935957,0.0003885508340317756,0.004727094899863005,0.006288960110396147,0.005653302650898695,0.00034637461067177355,0.011255274526774883,0.03418286517262459,0.060931913554668427,0.007065788377076387,0.011513427831232548,0.0007044884841889143,0.025140034034848213,0.004646203946322203,0.014511133544147015,0.058165293186903,0.00043074204586446285,0.0002097452525049448,0.0017358053009957075,0.005658212583512068,0.016530286520719528,0.01093452237546444,2.631758889037883e-06,2.5150432065856876e-06,0.0003202436491847038,0.22593887522816658,0.0037052761763334274,0.11991202303518851
276,4.845651801588247e-06,0.04761051386594772,0.01441964227706194,0.12736086547374725,0.019938137382268906,0.12204565107822418,7.050285785226151e-05,1.4907363947713748e-06,8.675390859025356e-07,0.12939995527267456,0.08744078874588013,0.11190563440322876,0.1318586766719818,0.008445831015706062,0.2393980473279953,0.22496873140335083,0.017315292730927467,0.07201547175645828,0.0713820680975914,0.6239628791809082,0.3709334433078766,0.0045957500115036964,0.005503602791577578,0.00018327723955735564,0.00047507815179415047,0.05001020058989525,0.000977490097284317,0.0022534355521202087,0.022670064121484756,0.00018879475828725845,0.0008829398429952562,0.0014713226119056344,0.01009904034435749,0.0002708141109906137,0.006860827561467886,0.04015176743268967,0.11449387669563293,0.002093601506203413,0.05534174665808678,0.0017865975387394428,0.021458253264427185,0.0039040723349899054,0.01110321655869484,0.0372636616230011,0.0002925243170466274,7.258215919137001e-05,0.0007237900863401592,0.002419113414362073,0.006934951990842819,0.0019604102708399296,3.996185114374384e-06,3.3786595849960577e-06,0.0001825532381189987,0.08868553303182125,0.03101507807150483,0.04323837597621605
279,3.5425332498562057e-06,0.026144694536924362,0.006278869695961475,0.14370760321617126,0.03847856447100639,0.25801920890808105,7.247232861118391e-05,1.2808814062736928e-06,8.189057894014695e-07,0.11582770943641663,0.08760564029216766,0.08547042310237885,0.10878322273492813,0.007939005270600319,0.24373264610767365,0.22920969128608704,0.016974860802292824,0.08733956515789032,0.08983495086431503,0.6111922860145569,0.3672947585582733,0.00545155443251133,0.006005448754876852,0.00012861884897574782,0.0008746959501877427,0.06827810406684875,0.001406241673976183,0.002071188762784004,0.010241222567856312,0.00020850005967076868,0.000914276868570596,0.0011600503930822015,0.005261373706161976,0.0005327104590833187,0.009828218258917332,0.05280990153551102,0.08656880259513855,0.002531382255256176,0.07429429888725281,0.001014186767861247,0.054794467985630035,0.010679898783564568,0.015739910304546356,0.022885072976350784,3.679198562167585e-05,8.115672244457528e-06,0.0004471137945074588,0.0007950781146064401,0.0016308794729411602,0.0004903575172647834,3.7312909171305364e-06,2.3797424546501134e-06,2.245382893306669e-05,0.10599285364151001,0.01621178211644292,0.048593976825941354
282,5.4134097808855586e-06,0.019287647679448128,0.004886339884251356,0.17544306814670563,0.04363159090280533,0.2965189814567566,6.925986235728487e-05,1.8617519117469783e-06,1.106605395762017e-06,0.09840230643749237,0.04913890361785889,0.06565777212381363,0.07960908859968185,0.011149789206683636,0.20836248993873596,0.20292361080646515,0.015773046761751175,0.10778748244047165,0.12279855459928513,0.5938855409622192,0.3205130696296692,0.006728284060955048,0.010418529622256756,0.00011042886762879789,0.000771308783441782,0.05600333586335182,0.0016267132014036179,0.0017499692039564252,0.01798524335026741,0.00012798084935639054,0.001044193166308105,0.0016181167447939515,0.005940151400864124,0.0005187970236875117,0.008441523648798466,0.05709794908761978,0.12151587754487991,0.0018430171767249703,0.10130010545253754,0.0013499028282240033,0.05342905595898628,0.007615889422595501,0.029397331178188324,0.04315605387091637,3.9010199543554336e-05,7.031424956949195e-06,0.0003754462522920221,0.0010817734291777015,0.003752792486920953,0.0007965664262883365,5.780519586551236e-06,2.74284798251756e-06,2.3020812250251765e-05,0.11572320200502872,0.012086993781849742,0.059368459352602564
285,3.372922492417274e-06,0.019874578341841698,0.0017105890437960625,0.255259245634079,0.03648274391889572,0.36931291222572327,0.0001161111649707891,1.6180754300876288e-06,9.803411558095831e-07,0.08750791847705841,0.053873226046562195,0.06890569627285004,0.09263830631971359,0.009291690774261951,0.22537660598754883,0.21009357273578644,0.01661275140941143,0.11014633625745773,0.10509416460990906,0.6142921447753906,0.24132752418518066,0.009240923449397087,0.010714502073824406,0.00020480451348703355,0.0010044595692306757,0.18374744057655334,0.0032078062649816275,0.0028079142794013023,0.01204797811806202,6.131471309345216e-05,0.0014239187585189939,0.002238715533167124,0.019120048731565475,0.0016570984153077006,0.029117049649357796,0.13344241678714752,0.052120450884103775,0.0010056305909529328,0.08555907011032104,0.00018939697474706918,0.016953788697719574,0.00846228189766407,0.003828977467492223,0.01775350421667099,5.847409920534119e-05,1.113128564611543e-05,0.0008650025120005012,0.0017472457839176059,0.006479223258793354,0.001182343577966094,6.36855702396133e-06,3.532702066877391e-06,3.480269242572831e-05,0.21950334310531616,0.01079258369281888,0.08630729330858837
288,2.518446535759722e-06,0.02056344412267208,0.0028575719334185123,0.236465722322464,0.025598401203751564,0.2753086984157562,9.127552038989961e-05,1.275176259696309e-06,8.423872372986807e-07,0.07098899781703949,0.06451275944709778,0.11447237432003021,0.14974497258663177,0.012370523996651173,0.20599503815174103,0.2075711488723755,0.014139573089778423,0.0728783905506134,0.06558719277381897,0.6001176834106445,0.2964508533477783,0.01021643914282322,0.01051502674818039,0.00016241676348727196,0.0008794424356892705,0.26324647665023804,0.006527575198560953,0.005070908460766077,0.01484621874988079,0.00016843146295286715,0.0004944547545164824,0.0007967208512127399,0.014623802155256271,0.0007038562907837331,0.021011697128415108,0.08761250972747803,0.05650032311677933,0.0016328123165294528,0.05439656227827072,0.0004950128495693207,0.015598475001752377,0.014675763435661793,0.0032265703193843365,0.009940937161445618,6.103998748585582e-05,1.5384419384645298e-05,0.0004200997937005013,0.0012098182924091816,0.0026061113458126783,0.0005288691027089953,3.869349257001886e-06,2.6364264158473816e-06,3.821220343525056e-05,0.249856099486351,0.011710508028045297,0.07925229930939774
291,4.157840521656908e-06,0.02491198666393757,0.004102201666682959,0.140162855386734,0.033637747168540955,0.30585455894470215,0.00011538316175574437,1.8774136378851836e-06,9.633188255975256e-07,0.05971904844045639,0.054195836186409,0.054183006286621094,0.0719713345170021,0.013711965642869473,0.17650313675403595,0.1716354340314865,0.0181498471647501,0.139733225107193,0.14623352885246277,0.6792662143707275,0.4143250584602356,0.011802765540778637,0.011374414898455143,0.000159883129526861,0.0009499512962065637,0.2006901204586029,0.004666019231081009,0.005047514569014311,0.010071666911244392,7.78834437369369e-05,0.0016770357033237815,0.002339292084798217,0.010330308228731155,0.00034477608278393745,0.024257907643914223,0.1299879550933838,0.08960934728384018,0.0011576175456866622,0.08165914565324783,0.0009601187193766236,0.024911686778068542,0.011580920778214931,0.005893747787922621,0.010859967209398746,4.660292324842885e-05,7.478886800527107e-06,0.0009637424955144525,0.0010504849487915635,0.0018065846525132656,0.0003467823553364724,4.679806352214655e-06,3.8590824260609224e-06,2.704090502447798e-05,0.17042648792266846,0.014507094165310264,0.048059727724952005
294,4.245883246767335e-06,0.018632519990205765,0.005180843640118837,0.13224481046199799,0.047800373286008835,0.2608802020549774,0.00014787893451284617,1.9769199752772693e-06,9.76129967966699e-07,0.07045586407184601,0.06771034747362137,0.05541194975376129,0.07832057774066925,0.010681440122425556,0.21079827845096588,0.21043425798416138,0.015378252603113651,0.14233845472335815,0.13965831696987152,0.7069483995437622,0.39870360493659973,0.010284311138093472,0.00888916291296482,0.0002442391123622656,0.0006689493893645704,0.18022367358207703,0.003860092954710126,0.004448599647730589,0.008078793995082378,7.332304812734947e-05,0.0037563859950751066,0.005605013575404882,0.0070969657972455025,0.00022237880330067128,0.034923940896987915,0.18497930467128754,0.11206729710102081,0.0016012029955163598,0.029874591156840324,0.0009493228862993419,0.020070483908057213,0.009063685312867165,0.0049063945189118385,0.012801675125956535,0.00012330342724453658,2.268254138471093e-05,0.0015890041831880808,0.0025723883882164955,0.0033976694103330374,0.0007173201302066445,5.724840320908697e-06,5.402857368608238e-06,7.299298431462375e-05,0.1562342420220375,0.011906681815162301,0.04720207001082599
297,3.416957042645663e-06,0.027711229398846626,0.01265118271112442,0.12867045402526855,0.02610100619494915,0.1277567595243454,0.00016257884271908551,1.4227732663130155e-06,5.082914640297531e-07,0.18131378293037415,0.2163619101047516,0.12123113125562668,0.1602710336446762,0.008119569160044193,0.23716692626476288,0.24845924973487854,0.0177876278758049,0.08133038878440857,0.08089584112167358,0.7879670262336731,0.6435866355895996,0.0034313222859054804,0.0018903050804510713,0.00023856853658799082,0.0006577999447472394,0.2204931378364563,0.003270238172262907,0.007723070681095123,0.005277295131236315,0.00017781311180442572,0.004270099103450775,0.004549192264676094,0.004027956631034613,0.0001623251155251637,0.025041719898581505,0.12161260843276978,0.12842698395252228,0.0028832065872848034,0.014860542491078377,0.001064708107151091,0.01818116381764412,0.007587804459035397,0.0041079530492424965,0.0073560974560678005,0.00028279118123464286,5.923485878156498e-05,0.0031352397054433823,0.001980883302167058,0.001952026505023241,0.0005942845600657165,2.2397271095542237e-06,4.007008101325482e-06,0.00017101302000810392,0.17458179593086243,0.020181206054985523,0.045829915131131806
300,5.079816673969617e-06,0.06305812299251556,0.010711747221648693,0.08662820607423782,0.015190246514976025,0.19587725400924683,0.0001301873999182135,2.336428906346555e-06,7.190095629994175e-07,0.13354575634002686,0.12447001785039902,0.0799359455704689,0.10342235118150711,0.006847120355814695,0.2561204731464386,0.24811264872550964,0.01658501848578453,0.10748127102851868,0.10719136148691177,0.7144942879676819,0.5139315128326416,0.004718794487416744,0.004722686018794775,0.00019420705211814493,0.000819603621494025,0.20131319761276245,0.002504002768546343,0.006655560806393623,0.004752481821924448,8.73650933499448e-05,0.016915714368224144,0.020039236173033714,0.006189912557601929,0.00037892733234912157,0.015206155367195606,0.07336445897817612,0.07213832437992096,0.0014632527017965913,0.03790648281574249,0.00040912535041570663,0.025473881512880325,0.006334961857646704,0.00624267291277647,0.012639847584068775,0.00011356169125065207,2.1168449165998027e-05,0.003982058726251125,0.0026539796963334084,0.0018939502770081162,0.0005487208254635334,2.913610160248936e-06,5.674052772519644e-06,6.736507020832505e-05,0.14397070184350014,0.03688493510708213,0.04119438553849856
303,3.4227493870275794e-06,0.06357847154140472,0.013308119960129261,0.12197503447532654,0.01868884265422821,0.16303662955760956,6.49492722004652e-05,2.6983600491803372e-06,4.5731769660051214e-07,0.1728544682264328,0.17550396919250488,0.07541510462760925,0.09544356167316437,0.00636390270665288,0.2700386643409729,0.25478827953338623,0.016492532566189766,0.10832184553146362,0.11336805671453476,0.6862108707427979,0.45881786942481995,0.0033304996322840452,0.003193808253854513,0.000138353236252442,0.0005364574026316404,0.07519195228815079,0.0013539607170969248,0.002127398271113634,0.0015161257470026612,8.156341937137768e-05,0.05480201914906502,0.05083324760198593,0.007625084836035967,0.0002276605082442984,0.008627163246273994,0.0340963639318943,0.023879971355199814,0.0008130613132379949,0.1568017303943634,0.0009157420718111098,0.022457147017121315,0.002745947567746043,0.008888780139386654,0.02572489343583584,4.254323721397668e-05,1.0043550901173148e-05,0.008744878694415092,0.002987177111208439,0.001728174975141883,0.0008609282085672021,4.892383003607392e-06,3.760501840588404e-06,2.6293394057574915e-05,0.09858349338173866,0.03844329575076699,0.0758701004087925
306,3.616574304032838e-06,0.03861575573682785,0.02045181207358837,0.0949878841638565,0.023778842762112617,0.08971700072288513,0.00016250925546046346,2.0899701667076442e-06,4.0001634715736145e-07,0.2855261564254761,0.3771301209926605,0.2570473551750183,0.296210914850235,0.020952822640538216,0.1508418768644333,0.14487431943416595,0.0222657211124897,0.03604012727737427,0.034476686269044876,0.7804369926452637,0.6075153350830078,0.0016935613239184022,0.0006367402384057641,0.0002275910519529134,0.0005915716756135225,0.22820985317230225,0.0031930720433592796,0.005130191333591938,0.003227435750886798,0.0003078122972510755,0.013006968423724174,0.011557511985301971,0.007790828589349985,0.00010078490595333278,0.02983061410486698,0.11287068575620651,0.08332870900630951,0.0034368771594017744,0.017317889258265495,0.001402872847393155,0.014657076448202133,0.0030581059399992228,0.004322362598031759,0.022500716149806976,0.0006764328572899103,0.0001938915956998244,0.006910091731697321,0.002996298251673579,0.0064236982725560665,0.0027832265477627516,2.7794894776889123e-06,4.14625810662983e-06,0.00043516222649486735,0.16159886866807938,0.02953378390520811,0.039850788190960884
309,1.7496765849500662e-06,0.009536239318549633,0.004372951574623585,0.18370814621448517,0.05869315564632416,0.16301365196704865,0.00011229266237933189,2.2369649741449393e-06,2.488307870862627e-07,0.1892862468957901,0.19070161879062653,0.14641515910625458,0.15971675515174866,0.025079522281885147,0.12629291415214539,0.11356937885284424,0.026758208870887756,0.05803738906979561,0.06919653713703156,0.5790039300918579,0.6074243187904358,0.0023721628822386265,0.0018098949221894145,0.00016702742141205817,0.0005083068972453475,0.23786196112632751,0.003293838817626238,0.002511342754587531,0.002512464765459299,0.0006986973457969725,0.0076755257323384285,0.006265563424676657,0.004244988318532705,8.925992005970329e-05,0.046346236020326614,0.11571608483791351,0.04737479239702225,0.006507656536996365,0.008976655080914497,0.0013550939038395882,0.020072229206562042,0.0038200244307518005,0.009142493829131126,0.03789358213543892,0.0003645970136858523,0.00014910285244695842,0.004859217908233404,0.0015899871941655874,0.015352643094956875,0.009416903369128704,1.7940737961907871e-06,2.0574252630467527e-06,0.00025684993306640536,0.21078505367040634,0.006954595446586609,0.06588307845716675
312,1.2030496918669087e-06,0.013404144905507565,0.004929461982101202,0.17759732902050018,0.051600757986307144,0.11967284977436066,9.396982932230458e-05,1.687018311713473e-06,2.5396735736649134e-07,0.16712935268878937,0.15055833756923676,0.22050322592258453,0.2459288239479065,0.13695630431175232,0.03179675340652466,0.021545428782701492,0.13993331789970398,0.03913790360093117,0.03758033737540245,0.45471447706222534,0.40253767371177673,0.003202378284186125,0.0027880656998604536,0.00029927949071861804,0.0005070907645858824,0.29710525274276733,0.0019021180924028158,0.004740577191114426,0.0028838138096034527,0.001207933877594769,0.003266719402745366,0.003820569021627307,0.01155717484652996,6.579991895705462e-05,0.0354195162653923,0.07081425935029984,0.018950365483760834,0.008823994547128677,0.009271666407585144,0.0016757524572312832,0.007310093380510807,0.002495749620720744,0.0013909466797485948,0.01145832147449255,0.0013802731409668922,0.0012837963877245784,0.0033754908945411444,0.00781695730984211,0.010730971582233906,0.009245828725397587,1.4286306395661086e-06,2.1411369743873365e-06,0.0013320347643457353,0.23735129088163376,0.009166803443804383,0.061561539148290954
315,1.4386428119905759e-06,0.006495656445622444,0.002123340731486678,0.24740459024906158,0.13460379838943481,0.26561740040779114,5.982103175483644e-05,1.6949751397987711e-06,6.249956072679197e-07,0.12600335478782654,0.06055194512009621,0.239607036113739,0.2654097080230713,0.03491738438606262,0.09050066769123077,0.09095603227615356,0.04176688566803932,0.033762797713279724,0.03502696752548218,0.39162230491638184,0.3369617164134979,0.006173516623675823,0.010597193613648415,0.00019496104505378753,0.0015993149718269706,0.23291292786598206,0.0009226187248714268,0.0028967822436243296,0.0038647858891636133,0.0003767081070691347,0.004392304923385382,0.008367406204342842,0.01151208858937025,0.0008125997264869511,0.03385954722762108,0.06588715314865112,0.015924783423542976,0.006532849743962288,0.01415313221514225,0.00013151636812835932,0.02438618801534176,0.006796420086175203,0.0028851402457803488,0.013667237013578415,0.0001289906504098326,8.54091122164391e-05,0.0008064514258876443,0.0089421970769763,0.00545547204092145,0.0027879555709660053,1.893683361231524e-06,3.7753891319880495e-06,0.00010719988131313585,0.24015875905752182,0.004309498588554561,0.08672143379226327
318,1.4024889196662116e-06,0.012211187742650509,0.007030651438981295,0.1688225269317627,0.053004730492830276,0.12144960463047028,5.530935595743358e-05,1.1268222124272143e-06,4.85202463096357e-07,0.12985052168369293,0.1128104105591774,0.20904672145843506,0.23590131103992462,0.03590160980820656,0.09692901372909546,0.08958876878023148,0.03469599783420563,0.039812784641981125,0.03851088136434555,0.485512375831604,0.40906965732574463,0.00522918114438653,0.004949925467371941,0.0001253536611329764,0.00133058475330472,0.43835559487342834,0.004574713297188282,0.003566492348909378,0.010914314538240433,0.0010840146569535136,0.0005092593492008746,0.0012553415726870298,0.01060360949486494,0.0002818101493176073,0.026084834709763527,0.05823066458106041,0.013595023192465305,0.0067613678984344006,0.025609321892261505,0.0006727175205014646,0.01648790016770363,0.00868955533951521,0.0033007855527102947,0.01205811370164156,8.32420410006307e-05,7.47185040381737e-05,0.00012809682812076062,0.00517780939117074,0.00267545273527503,0.00149086257442832,2.2429890123021323e-06,2.5165427359752357e-06,7.89802725194022e-05,0.3035890609025955,0.009620919590815902,0.05686237595121687
321,2.076068540191045e-06,0.011112282983958721,0.007819946855306625,0.2018047273159027,0.07994106411933899,0.1347106695175171,1.4852071217319462e-05,5.717544695471588e-07,7.163914688135264e-07,0.12683899700641632,0.1120782122015953,0.1075170487165451,0.11091520637273788,0.029046891257166862,0.12236622720956802,0.11030138283967972,0.029038826003670692,0.07880675792694092,0.09260578453540802,0.5099384784698486,0.4718649685382843,0.0051605491898953915,0.005812608636915684,2.405448140052613e-05,0.003068710910156369,0.02790868654847145,0.00011219044972676784,0.004802321549504995,0.004487826954573393,9.529108501737937e-05,0.004445719998329878,0.0071512795984745026,0.00045964514720253646,0.0011660379823297262,0.00048651895485818386,0.0017273935955017805,0.034505538642406464,0.0017269315430894494,0.2639558017253876,0.0006643511005677283,0.18567489087581635,0.020603660494089127,0.07625466585159302,0.004178450908511877,2.9887721666455036e-06,6.167606443341356e-07,0.0004497913469094783,0.0009288949077017605,2.7031355784856714e-05,1.1965508747380227e-05,1.8728892428043764e-06,8.971321676654043e-07,1.8027664054898196e-06,0.11485670693218708,0.009466114919632673,0.07113390897090237
324,1.8873552107834257e-06,0.015028810128569603,0.009779815562069416,0.17160531878471375,0.05088842660188675,0.08074838668107986,3.119483153568581e-05,6.809581236666418e-07,7.222189424282988e-07,0.12322574108839035,0.12563905119895935,0.14016970992088318,0.1555844247341156,0.03011130727827549,0.10917406529188156,0.10438375920057297,0.027107736095786095,0.05820872262120247,0.06350429356098175,0.5733953714370728,0.47170647978782654,0.004955892451107502,0.0042938110418617725,6.509120430564508e-05,0.006280726287513971,0.21400795876979828,0.0004831262049265206,0.013029440306127071,0.01369895227253437,0.00025690620532259345,0.0002556503168307245,0.0005467002629302442,0.008705025538802147,0.0015514062251895666,0.004323417320847511,0.01464451290667057,0.01604822278022766,0.0015461156144738197,0.3115871250629425,0.00043377125984989107,0.06963275372982025,0.02418770268559456,0.007955124601721764,0.004497905261814594,5.6868370847951155e-06,1.7167452597277588e-06,7.577530050184578e-05,0.0007902902434580028,0.0002144031022908166,6.047975330147892e-05,1.5651460216759006e-06,1.2029922800138593e-06,3.701791172261437e-06,0.192806638777256,0.01240431284531951,0.057469223121491574
327,1.2028787068629754e-06,0.0011995009845122695,0.0004509419377427548,0.5320944786071777,0.2432325780391693,0.3030831813812256,0.00010364467016188428,1.7205609310622094e-06,4.1237200321120326e-07,0.7159051895141602,0.5443816184997559,0.6593279838562012,0.680925726890564,0.05230417475104332,0.10134749114513397,0.08155567198991776,0.037210091948509216,0.0052916076965630054,0.006377784535288811,0.6508580446243286,0.5566303730010986,0.0003569055115804076,0.0002737914037425071,0.00019958728807978332,0.0022935508750379086,0.2847050130367279,0.0013845085632055998,0.00496398052200675,0.003975320141762495,0.0007410658290609717,0.002206386998295784,0.0024369112215936184,0.008180920034646988,0.0006692656897939742,0.02729717269539833,0.07362145930528641,0.03003423474729061,0.005820748396217823,0.029861612245440483,0.0005102134309709072,0.016128718852996826,0.007777025457471609,0.0049973903223872185,0.020802708342671394,0.0003045331686735153,0.0001299042924074456,0.0020540112163871527,0.0022372801322489977,0.006913253106176853,0.004113748669624329,3.322556040075142e-06,1.3534328218156588e-06,0.00021721873054048046,0.4083997458219528,0.0008252214611275122,0.17891259227568904
330,1.222238552145427e-06,0.0084688114002347,0.000538013584446162,0.38639572262763977,0.055504344403743744,0.27612894773483276,5.776512625743635e-05,7.060575057948881e-07,3.627883700119128e-07,0.12885315716266632,0.11012005060911179,0.17213930189609528,0.20942673087120056,0.022455379366874695,0.12816596031188965,0.12082958966493607,0.027948498725891113,0.046530116349458694,0.042536262422800064,0.5178365111351013,0.3098929226398468,0.004672880284488201,0.004749758169054985,0.00011786141840275377,0.003346364013850689,0.26798972487449646,0.0006988081731833518,0.008308091200888157,0.004832216072827578,0.0007494160672649741,0.0003647953853942454,0.00047249605995602906,0.006180969532579184,0.000546008930541575,0.013584150932729244,0.03125814348459244,0.025201166048645973,0.005514179822057486,0.04195327311754227,0.0007727389456704259,0.027296295389533043,0.01851416938006878,0.004543773364275694,0.007258522789925337,4.500251816352829e-05,2.319982013432309e-05,0.0003122315974906087,0.0008477680967189372,0.0007224011933431029,0.0005119184497743845,1.4695029904032708e-06,1.006885213428177e-06,3.410116914892569e-05,0.3271927237510681,0.004503412492340431,0.12907767135766335
333,1.7475655340604135e-06,0.02128445729613304,0.0008087195456027985,0.31114229559898376,0.029260989278554916,0.20579682290554047,3.9677281165495515e-05,7.492719191759534e-07,6.296903052316338e-07,0.09954001009464264,0.06486015766859055,0.17673353850841522,0.20635861158370972,0.02868780307471752,0.11102292686700821,0.10349424928426743,0.03083590604364872,0.04558920860290527,0.04382826015353203,0.5054398775100708,0.26264259219169617,0.007077057845890522,0.009600401856005192,8.538810652680695e-05,0.004423742648214102,0.2307058572769165,0.0007000532350502908,0.013425121083855629,0.011112314648926258,0.00022140791406854987,0.00023132354544941336,0.00040308694588020444,0.012903795577585697,0.0014747630339115858,0.0049193743616342545,0.01879608817398548,0.017198313027620316,0.0012900701258331537,0.3154616951942444,0.0005654154811054468,0.042218565940856934,0.026084017008543015,0.005353203974664211,0.00568578252568841,9.179647349810693e-06,2.8848060082964366e-06,0.00014858068607281893,0.0005883857957087457,0.00024313175526913255,0.00010742298763943836,1.66202005402738e-06,9.56403937379946e-07,6.032226679053565e-06,0.27092407643795013,0.01104658842086792,0.10392556869677112
336,1.5509501736232778e-06,0.014895079657435417,0.001419797888956964,0.32130515575408936,0.059701431542634964,0.2109692543745041,2.0861665689153597e-05,6.747284828634292e-07,5.811128858113079e-07,0.08138352632522583,0.06958359479904175,0.11831948161125183,0.138004869222641,0.04230595380067825,0.08496269583702087,0.07547914981842041,0.04352112486958504,0.0671156495809555,0.06520155072212219,0.5110600590705872,0.32472023367881775,0.00809717271476984,0.01053546741604805,5.0170987378805876e-05,0.004903696943074465,0.12000972032546997,0.0005876488867215812,0.014393370598554611,0.010715562850236893,0.00022391793027054518,5.980528658255935e-05,0.00011309936962788925,0.01763838157057762,0.00238926918245852,0.0017321569612249732,0.0057143294252455235,0.00685254717245698,0.0005600556614808738,0.867117166519165,0.0012164360377937555,0.06907928735017776,0.04108704999089241,0.007179046515375376,0.003985365852713585,1.188516876027279e-06,3.3471962979092496e-07,4.232855644659139e-05,0.00020704042981378734,4.995429117116146e-05,2.1056283003417775e-05,1.939260300787282e-06,5.259610702523787e-07,7.61618252909102e-07,0.22065743803977966,0.00815743877319619,0.10715935347009993
339,1.305469595536124e-06,0.015457297675311565,0.002406649524345994,0.2915729582309723,0.05482502281665802,0.17244994640350342,2.4432085410808213e-05,9.237045901500096e-07,7.057606126181781e-07,0.06173431873321533,0.04656689614057541,0.1702778935432434,0.1937130242586136,0.03686460107564926,0.09690326452255249,0.08345790952444077,0.03615766763687134,0.045242734253406525,0.044506531208753586,0.4460337162017822,0.23560038208961487,0.011453930288553238,0.0160240326076746,6.0079786635469645e-05,0.004790970124304295,0.28976553678512573,0.0014642954338341951,0.009172334335744381,0.006213614251464605,0.00019666305161081254,0.00023938219237606972,0.0004104789695702493,0.023215657100081444,0.002317704726010561,0.0037500604521483183,0.011268069967627525,0.0056103551760315895,0.0006835479289293289,0.6513720154762268,0.0004979638615623116,0.03983422368764877,0.02656327560544014,0.00567042687907815,0.005986799020320177,1.9199878806830384e-06,5.736070534112514e-07,9.330576722277328e-05,0.00034041766775771976,0.00013977207709103823,6.497449066955596e-05,2.072933057206683e-06,9.33460682972509e-07,1.2467974670471449e-06,0.290669247508049,0.00893197359982878,0.0974076064643062
342,1.5989911616998143e-06,0.011071376502513885,0.002167482627555728,0.2921840250492096,0.06853332370519638,0.20901593565940857,3.6793004255741835e-05,1.0855421805899823e-06,6.82430652432231e-07,0.06356090307235718,0.05325213074684143,0.09445326775312424,0.10822305083274841,0.030059311538934708,0.11124500632286072,0.10028554499149323,0.029499482363462448,0.07927202433347702,0.08551716804504395,0.49933215975761414,0.32205986976623535,0.009341282770037651,0.011958636343479156,6.887239578645676e-05,0.004238643683493137,0.30286943912506104,0.0017447907011955976,0.007501600310206413,0.0076536815613508224,0.0002598812279757112,0.00022551997972186655,0.000298631057376042,0.017429543659090996,0.0012488948414102197,0.005503944121301174,0.020610839128494263,0.013683227822184563,0.0009096932481043041,0.42877575755119324,0.0008729861001484096,0.032925646752119064,0.018489794805645943,0.007366797886788845,0.00975793320685625,5.764274192188168e-06,1.4404660078071174e-06,0.00019502296345308423,0.0002596786362119019,0.00032731142709963024,0.0001499963691458106,2.283061121488572e-06,9.318072216046858e-07,3.6023700999976427e-06,0.2975267320871353,0.006619429565034807,0.09756939202876917
345,3.119084112768178e-06,0.005641108378767967,0.0013098313938826323,0.38395416736602783,0.0847846120595932,0.25367385149002075,5.396310370997526e-05,2.0567563296935987e-06,7.352121542680834e-07,0.05455689877271652,0.05016680434346199,0.05158812552690506,0.06152741611003876,0.02396407164633274,0.1255178451538086,0.112981416285038,0.026027360931038857,0.1343562752008438,0.15073081851005554,0.5305984020233154,0.33306512236595154,0.009112896397709846,0.010215859860181808,6.616466998821124e-05,0.0032823372166603804,0.25065165758132935,0.0011941015254706144,0.006944762077182531,0.003537380136549473,0.00031969178235158324,0.0011809770949184895,0.001259921700693667,0.00743422145023942,0.0003904586483258754,0.007404685486108065,0.025181379169225693,0.03363558277487755,0.0027224766090512276,0.11659341305494308,0.0019677821546792984,0.050581689924001694,0.013026410713791847,0.027330951765179634,0.029945075511932373,1.8565004211268388e-05,5.598895768343937e-06,0.0005597731214947999,0.0005292236455716193,0.001332063926383853,0.0008495997171849012,2.433577947158483e-06,1.3350102108233841e-06,1.2081949989806162e-05,0.3173029124736786,0.0034754698863252997,0.12879835538721332
348,3.0850751500111073e-06,0.008143270388245583,0.0023877888452261686,0.32826945185661316,0.0648597702383995,0.21320727467536926,5.759208943345584e-05,1.93813070836768e-06,7.746969572508533e-07,0.0705578625202179,0.043008219450712204,0.08589094132184982,0.09881521016359329,0.020438289269804955,0.12841084599494934,0.11921999603509903,0.02966892346739769,0.08364495635032654,0.09432103484869003,0.5486583709716797,0.3050355613231659,0.007593922317028046,0.011052113026380539,6.575983570655808e-05,0.003203613217920065,0.25641268491744995,0.0010275663807988167,0.006873568054288626,0.002635840093716979,0.00030286365654319525,0.0021579209715127945,0.0022335131652653217,0.0038172821514308453,0.0003556364099495113,0.007322550285607576,0.02333526313304901,0.04091953486204147,0.00370607478544116,0.06108162924647331,0.0016202928964048624,0.05157557129859924,0.012158596888184547,0.03452504053711891,0.03111407347023487,2.2307731342152692e-05,7.053413355606608e-06,0.0007905324455350637,0.0006745015853084624,0.0015300201484933496,0.0011062375269830227,2.0579786905727815e-06,1.7417337403458077e-06,1.468057234887965e-05,0.29234106838703156,0.005265529616735876,0.11088696199779709
351,2.891275926231174e-06,0.011469640769064426,0.0027150928508490324,0.3203955888748169,0.058289602398872375,0.21569383144378662,5.4648186051053926e-05,1.8690172964852536e-06,6.69956648380321e-07,0.060370396822690964,0.044410597532987595,0.0705488994717598,0.08530040830373764,0.015040050260722637,0.16101117432117462,0.14565600454807281,0.023501884192228317,0.09857533872127533,0.10939055681228638,0.5553068518638611,0.3056958019733429,0.008567006327211857,0.011106043122708797,6.503654003608972e-05,0.002512855688109994,0.2422400265932083,0.0012308575678616762,0.00659934664145112,0.0023522155825048685,0.0003299286763649434,0.0016568475402891636,0.0015653326408937573,0.005093754269182682,0.000334787619067356,0.007070855237543583,0.022963890805840492,0.030551757663488388,0.0026929164305329323,0.10759934037923813,0.0021108374930918217,0.04884150251746178,0.011733929626643658,0.026701685041189194,0.02780684269964695,1.7269276213482954e-05,5.305820195644628e-06,0.0007166618015617132,0.0004762910830322653,0.0011410313891246915,0.0008896361687220633,2.0939603473379975e-06,1.5514234519287129e-06,1.1287548204563791e-05,0.2813178077340126,0.007092366809956729,0.10787258968533327
354,2.930695700342767e-06,0.00940370187163353,0.002520493697375059,0.345907598733902,0.06372984498739243,0.21313261985778809,6.21572180534713e-05,2.0999896150897257e-06,6.943166681594448e-07,0.05595773831009865,0.04014857858419418,0.07164092361927032,0.08555202186107635,0.015445711091160774,0.15678702294826508,0.14377279579639435,0.024969670921564102,0.09705456346273422,0.10846013575792313,0.5516592264175415,0.2925304174423218,0.009247868321835995,0.01269105076789856,6.714569462928921e-05,0.0019235472427681088,0.24424929916858673,0.0015256969491019845,0.006699797231703997,0.0021375513169914484,0.0003338562382850796,0.0021767730358988047,0.0018762391991913319,0.003874380374327302,0.00019251163757871836,0.0074255745857954025,0.025313952937722206,0.04102291911840439,0.002899368992075324,0.07654858380556107,0.0037526623345911503,0.047971755266189575,0.011651099659502506,0.03146108612418175,0.030103446915745735,2.2723048459738493e-05,6.513633707072586e-06,0.0010721980361267924,0.00045826772111468017,0.0014530253829434514,0.0011275234865024686,2.105269459207193e-06,1.582230879648705e-06,1.461834108340554e-05,0.29507844895124435,0.005962097784504294,0.11665353698966403
357,2.683826323846006e-06,0.004027813207358122,0.0011410656152293086,0.4235243499279022,0.1053047627210617,0.27265623211860657,5.597735435003415e-05,2.180592900913325e-06,6.67573317514325e-07,0.0576607920229435,0.04020773246884346,0.06349387019872665,0.07426605373620987,0.014146608300507069,0.17930424213409424,0.16081951558589935,0.019522471353411674,0.10857301950454712,0.1258464902639389,0.5281075835227966,0.32218047976493835,0.008691531606018543,0.012461947277188301,6.515858694911003e-05,0.0024407373275607824,0.24461142718791962,0.0012855998938903213,0.006873126141726971,0.0021070162765681744,0.00034784089075401425,0.002297618892043829,0.002067907014861703,0.004263970535248518,0.0003382643626537174,0.00745021365582943,0.023054631426930428,0.03498385474085808,0.0032240995205938816,0.08359869569540024,0.0018741122912615538,0.05117284506559372,0.011088800616562366,0.03253098577260971,0.030810529366135597,2.117909025400877e-05,6.407685759768356e-06,0.0010048269759863615,0.0005099907284602523,0.0012862625299021602,0.0010445979423820972,2.0854149624938145e-06,1.310852894675918e-06,1.3793388006888563e-05,0.3340678885579109,0.0025844394112937152,0.14262995861160258
360,3.6861181342828786e-06,0.010511009953916073,0.002116977237164974,0.32135704159736633,0.05760108679533005,0.25196388363838196,6.772683991584927e-05,2.49347067438066e-06,7.380334636764019e-07,0.06248437985777855,0.04000484570860863,0.07061696797609329,0.08429135382175446,0.01589169353246689,0.15137359499931335,0.1392669528722763,0.026298409327864647,0.10088840126991272,0.1101609468460083,0.5587862730026245,0.298238605260849,0.008101608604192734,0.011780168861150742,7.228700269479305e-05,0.0021204310469329357,0.23112022876739502,0.0010480604832991958,0.0072851115837693214,0.0020398448687046766,0.00028516483143903315,0.0049359616823494434,0.004432005807757378,0.003447165247052908,0.00024137014406733215,0.00758239533752203,0.022959226742386818,0.045395273715257645,0.003573209047317505,0.05021097883582115,0.0020437694620341063,0.05304396525025368,0.008953244425356388,0.03767657279968262,0.03673381730914116,3.549933171598241e-05,1.0826404832187109e-05,0.0016898183384910226,0.000783576921094209,0.001902664196677506,0.0014441941166296601,1.950072601175634e-06,2.054411652352428e-06,2.3162868274084758e-05,0.2762386351823807,0.0063139935955405235,0.11024166969582438
363,3.540172656357754e-06,0.013049065135419369,0.0018967286450788379,0.2753461003303528,0.052611369639635086,0.2814248204231262,8.013469050638378e-05,2.1670223304681713e-06,7.506766905862605e-07,0.06530755758285522,0.039329782128334045,0.07356558740139008,0.08780248463153839,0.01266907062381506,0.17685744166374207,0.16298504173755646,0.02300332300364971,0.09508154541254044,0.10362634062767029,0.5419968366622925,0.28663894534111023,0.007684025447815657,0.011875174008309841,8.631103992229328e-05,0.002269221469759941,0.2235088050365448,0.000803935865405947,0.007731794845312834,0.002386212581768632,0.00027999922167509794,0.005108566954731941,0.0044215088710188866,0.00304093468002975,0.0002090729831252247,0.008873380720615387,0.028565559536218643,0.05960164964199066,0.0035619232803583145,0.037783581763505936,0.002064632950350642,0.04867805913090706,0.008374475874006748,0.02864672616124153,0.029491156339645386,5.618406066787429e-05,1.5553698176518083e-05,0.002296625403687358,0.0007723818416707218,0.0018431575736030936,0.001328508835285902,1.9049953152716625e-06,2.1433290839922847e-06,3.586887942219619e-05,0.2494274526834488,0.007472896890249103,0.09495872538536787
366,3.3706655813148245e-06,0.015683002769947052,0.004434266127645969,0.21920719742774963,0.05471186712384224,0.19987940788269043,7.143366383388638e-05,2.0360364487714833e-06,7.9972147659646e-07,0.05858379602432251,0.03211783990263939,0.08895810693502426,0.10607660561800003,0.013573394156992435,0.18034356832504272,0.16066598892211914,0.020142409950494766,0.07653026282787323,0.08394933491945267,0.5152785778045654,0.24458129703998566,0.008599177934229374,0.014098660089075565,8.141918806359172e-05,0.0014638567809015512,0.2132328599691391,0.0011186241172254086,0.007757698185741901,0.0022485991939902306,0.00023019971558824182,0.004597115330398083,0.004212290048599243,0.003554786555469036,0.0001818959863157943,0.007915566675364971,0.027457330375909805,0.054225414991378784,0.002953260438516736,0.04713386297225952,0.0025138272903859615,0.04210539907217026,0.007942491210997105,0.02412709966301918,0.031287651509046555,5.5883163440739736e-05,1.5814379366929643e-05,0.0021546296775341034,0.0008523176074959338,0.0019607143476605415,0.001417559920810163,2.0805539406865137e-06,2.1234798168734415e-06,3.584877140383469e-05,0.21622002869844437,0.01005863444879651,0.07600553426891565
369,3.0844751108816126e-06,0.015359701588749886,0.005139340180903673,0.21425849199295044,0.05842975154519081,0.2011795938014984,6.665306864306331e-05,1.594194827703177e-06,7.998725095603731e-07,0.059809278696775436,0.03604662045836449,0.09022746235132217,0.10999280214309692,0.008764070458710194,0.23036128282546997,0.2070876806974411,0.01700988970696926,0.07502255588769913,0.07997391372919083,0.5112621784210205,0.23898546397686005,0.008777773007750511,0.012748471461236477,7.421100599458441e-05,0.0017294191056862473,0.21805061399936676,0.0010808530496433377,0.008854194544255733,0.002443050965666771,0.00025291027850471437,0.0025876681320369244,0.0024085347540676594,0.003674919717013836,0.00026836589677259326,0.006135149858891964,0.020701605826616287,0.04978642612695694,0.0027043805457651615,0.06245419755578041,0.002093135379254818,0.04131235554814339,0.009203571826219559,0.021339653059840202,0.024149470031261444,4.139851807849482e-05,1.1282534615020268e-05,0.00146963179577142,0.0006408307235687971,0.0012245815014466643,0.0008753712754696608,1.9747228634514613e-06,1.9466424419078976e-06,2.6340526346757542e-05,0.2161545529961586,0.01024952088482678,0.07308489829301834
372,3.7939876165182795e-06,0.012722356244921684,0.004553249571472406,0.24692656099796295,0.05927090719342232,0.19449153542518616,6.553009734489024e-05,2.080897274936433e-06,9.885595773084788e-07,0.03979441523551941,0.02765817567706108,0.09075629711151123,0.10650686919689178,0.012343944050371647,0.18063883483409882,0.1619604378938675,0.02146597020328045,0.07632482796907425,0.08262938261032104,0.4214340150356293,0.20546235144138336,0.012323783710598946,0.017326679080724716,7.400485628750175e-05,0.0014732624404132366,0.21582642197608948,0.0010432443814352155,0.008934673853218555,0.0025920160114765167,0.00023327971575781703,0.004842159803956747,0.005198260303586721,0.003404648508876562,0.0002633289259392768,0.00601781764999032,0.018431730568408966,0.04997062310576439,0.0033396293874830008,0.04070071876049042,0.0017547296592965722,0.04637717083096504,0.008050316013395786,0.02716165781021118,0.03529348596930504,5.9777357819257304e-05,1.9530318240867928e-05,0.0017143902368843555,0.0012780901743099093,0.001994973048567772,0.0014129806077107787,1.9690719454956707e-06,2.40931467487826e-06,3.9653838030062616e-05,0.23137649148702621,0.008637802908197045,0.08565566036850214
375,3.7810893900314113e-06,0.009607342071831226,0.002847305266186595,0.32208451628685,0.07141843438148499,0.21515010297298431,6.88403524691239e-05,2.1144526272109943e-06,1.1552780279089347e-06,0.03930597007274628,0.024541711434721947,0.09646054357290268,0.11527504771947861,0.009175133891403675,0.226930171251297,0.19780410826206207,0.01700737699866295,0.0730581283569336,0.07745271921157837,0.39942479133605957,0.16494733095169067,0.013364557176828384,0.020345551893115044,9.28695808397606e-05,0.0012484618928283453,0.2157149612903595,0.0010677034733816981,0.009246920235455036,0.002731530461460352,0.00016809806402307004,0.008084741421043873,0.010508326813578606,0.0038261900190263987,0.00037517346208915114,0.006716156378388405,0.02062816359102726,0.04085350036621094,0.003094583982601762,0.03726854920387268,0.0009226271067745984,0.04037769138813019,0.007789892610162497,0.017934447154402733,0.028595231473445892,6.801199924666435e-05,2.4657683752593584e-05,0.0018642640206962824,0.002702356083318591,0.0019239939283579588,0.0012727021239697933,2.3465797767130425e-06,2.8108506739954464e-06,4.6334841499628965e-05,0.26889973878860474,0.006227323669008911,0.11355919484049082
378,3.445504489718587e-06,0.010046766139566898,0.0029463700484484434,0.3086669147014618,0.06897134333848953,0.20865914225578308,6.169052358018234e-05,2.1766845748061314e-06,1.0523273203943972e-06,0.03993387892842293,0.025522418320178986,0.11047546565532684,0.13017699122428894,0.008938883431255817,0.23608635365962982,0.20368120074272156,0.016275767236948013,0.06518691778182983,0.0697065144777298,0.3785480558872223,0.16915681958198547,0.012829182669520378,0.02064523473381996,8.911617624107748e-05,0.0011523260036483407,0.21809256076812744,0.001162138651125133,0.00955294445157051,0.002292980207130313,0.00020557611424010247,0.008028688840568066,0.010465485975146294,0.003878440475091338,0.00027237815083935857,0.006553838029503822,0.018770217895507812,0.03508157655596733,0.00334144732914865,0.0418122261762619,0.0012814769288524985,0.04098505154252052,0.007573659997433424,0.017848145216703415,0.02716662921011448,6.0156318795634434e-05,2.4362310796277598e-05,0.0016097963089123368,0.0027683014050126076,0.0015760379610583186,0.001128037110902369,2.1955165721010417e-06,2.7175456125405617e-06,4.2259314795956016e-05,0.2633797377347946,0.006496568094007671,0.10905369650572538
381,3.3397204788343515e-06,0.012986482121050358,0.0035718258004635572,0.24901960790157318,0.06216127797961235,0.23296818137168884,7.036255556158721e-05,1.9115852865070337e-06,9.343254987470573e-07,0.04905695468187332,0.026558684185147285,0.10338130593299866,0.12129952013492584,0.015568125993013382,0.15850532054901123,0.13969983160495758,0.023513255640864372,0.06603244692087173,0.07177405804395676,0.4353023171424866,0.18184547126293182,0.010434219613671303,0.017743809148669243,8.543622971046716e-05,0.0009506081114523113,0.20042726397514343,0.0013390107778832316,0.008835863322019577,0.002784303855150938,0.0002577350242063403,0.0046327561140060425,0.005288413260132074,0.003415929852053523,0.0001873416913440451,0.008442333899438381,0.02576480247080326,0.056941963732242584,0.004175263457000256,0.036136217415332794,0.0020972457714378834,0.04532800242304802,0.008276439271867275,0.018916631117463112,0.02473127283155918,6.66971827740781e-05,2.3775650333845988e-05,0.0015868034679442644,0.0015715769259259105,0.0015931937377899885,0.001095341518521309,2.033193823081092e-06,2.3793952550477115e-06,4.5236416553962044e-05,0.2247234359383583,0.008279153960756958,0.0863135924252371
384,5.0710796131170355e-06,0.025189893320202827,0.005716020241379738,0.16451962292194366,0.03920125216245651,0.21392787992954254,7.571701280539855e-05,2.16049124901474e-06,1.4591605577152222e-06,0.04442024976015091,0.019600071012973785,0.12965622544288635,0.15090961754322052,0.009353605099022388,0.22449709475040436,0.20188605785369873,0.016023650765419006,0.053213849663734436,0.05640505626797676,0.3713001608848572,0.15135100483894348,0.011746128089725971,0.026125052943825722,7.984033436514437e-05,0.0008875795174390078,0.21882908046245575,0.0018011206993833184,0.010374587029218674,0.004042993299663067,0.0002310499839950353,0.009388908743858337,0.012603901326656342,0.0020411827135831118,0.00020198880520183593,0.007100699935108423,0.025961406528949738,0.0802161768078804,0.004676961340010166,0.028418809175491333,0.0017544040456414223,0.08135955780744553,0.011257647536695004,0.04355582967400551,0.028539802879095078,4.572023681248538e-05,1.4479528545052744e-05,0.0013809220399707556,0.002003897912800312,0.001404451671987772,0.0007953179301694036,2.0221827981004026e-06,3.2590444334346103e-06,3.0099882678769063e-05,0.1916743516921997,0.015452956780791283,0.062170810997486115
387,2.780075192276854e-06,0.010936553589999676,0.0031072902493178844,0.27216479182243347,0.07969679683446884,0.23719222843647003,7.05491256667301e-05,2.003480403800495e-06,1.0388191640231526e-06,0.059964921325445175,0.025199783965945244,0.13034887611865997,0.14732755720615387,0.010890953242778778,0.21327966451644897,0.1853792816400528,0.018143801018595695,0.05314207077026367,0.06198647990822792,0.41788342595100403,0.19202230870723724,0.009051158092916012,0.021840475499629974,9.685932309366763e-05,0.000906079076230526,0.17827047407627106,0.0015268785646185279,0.008105812594294548,0.003963316325098276,0.00015020876890048385,0.00351529149338603,0.0038238498382270336,0.004790676757693291,0.00014748098328709602,0.007627199869602919,0.03362440690398216,0.06410999596118927,0.0017362746875733137,0.08544239401817322,0.0037114627193659544,0.04122040420770645,0.006875896360725164,0.015331743285059929,0.022763164713978767,5.583852544077672e-05,1.2558312846522313e-05,0.0019138369243592024,0.0009000306599773467,0.001362804789096117,0.0007444591028615832,2.4808969101286493e-06,2.1251410089462297e-06,3.419841914364952e-05,0.22521763294935226,0.00702192191965878,0.09316797771801551
390,2.768957074295031e-06,0.011384264566004276,0.00243515451438725,0.2622777223587036,0.07642440497875214,0.2712058126926422,6.793486681999639e-05,1.560466216687928e-06,1.0646799637470394e-06,0.057162392884492874,0.02416806109249592,0.11219382286071777,0.13270187377929688,0.010605410672724247,0.21584127843379974,0.1912122219800949,0.017648736014962196,0.06233557313680649,0.06995441019535065,0.44654253125190735,0.1784350574016571,0.009872651658952236,0.02170097827911377,8.772053843131289e-05,0.001060658018104732,0.19288036227226257,0.0016696815146133304,0.009075865149497986,0.004329701419919729,0.0001570244348840788,0.002170543884858489,0.002504540141671896,0.0042252191342413425,0.0002026346483035013,0.007330009248107672,0.03375725820660591,0.06153957545757294,0.0018634656444191933,0.0986718237400055,0.0030093875247985125,0.04646755009889603,0.00996549241244793,0.01606324501335621,0.01629721000790596,3.150275369989686e-05,7.2142292992793955e-06,0.0010972808813676238,0.0007435263833031058,0.0008269420359283686,0.0004415914590936154,2.462263864799752e-06,1.7997529084823327e-06,1.9358491499588126e-05,0.2275790423154831,0.006909709540195763,0.088984268795078
393,2.3981097001524176e-06,0.010973132215440273,0.0009903624886646867,0.2954883575439453,0.08200942724943161,0.36397290229797363,5.6587872677482665e-05,1.4383684856511536e-06,9.291592277804739e-07,0.061469968408346176,0.026098452508449554,0.10616372525691986,0.12687349319458008,0.008832097984850407,0.24026870727539062,0.21268229186534882,0.016268614679574966,0.06616702675819397,0.07365193963050842,0.4262663722038269,0.17856264114379883,0.009754469618201256,0.021706286817789078,7.732021185802296e-05,0.0017076723743230104,0.20455622673034668,0.0014415434561669827,0.008868299424648285,0.004165782127529383,0.00015814432117622346,0.001506251166574657,0.0018944931216537952,0.006696732714772224,0.0005267278174869716,0.006286574527621269,0.025531113147735596,0.03080303966999054,0.0013574861222878098,0.2071327418088913,0.00130045460537076,0.04909248650074005,0.011353762820363045,0.013474967330694199,0.013246409595012665,1.3529305761039723e-05,3.2217301395576214e-06,0.0005814540199935436,0.0006243556854315102,0.0005132368532940745,0.00024754280457273126,2.4511821266059997e-06,1.503811859038251e-06,8.375517950298672e-06,0.250022292137146,0.00598174735205248,0.09962970061072458
396,2.5402043775102356e-06,0.01737498678267002,0.0008294990984722972,0.26722872257232666,0.04806479811668396,0.3342219889163971,6.720115925418213e-05,1.092484012588102e-06,8.577133030485129e-07,0.07456984370946884,0.022018766030669212,0.11439429968595505,0.13455075025558472,0.009568499401211739,0.22326341271400452,0.1975005716085434,0.017867999151349068,0.06269065290689468,0.067536361515522,0.46984583139419556,0.14799164235591888,0.007558875717222691,0.02113940566778183,9.159621549770236e-05,0.0025957822799682617,0.20409436523914337,0.0006601095083169639,0.010570124723017216,0.005970807280391455,0.00019125451217405498,0.0013326570624485612,0.0016087214462459087,0.006004714872688055,0.0009880330180749297,0.006195482797920704,0.020124174654483795,0.04560985788702965,0.0021924213506281376,0.07376150041818619,0.0005309005500748754,0.03450384736061096,0.011601121164858341,0.009031825698912144,0.01382494531571865,5.267678716336377e-05,1.3154930456948932e-05,0.0011428468860685825,0.0007584156701341271,0.0007462031790055335,0.0003682396491058171,1.817152678995626e-06,1.5601581253577024e-06,3.291585881015635e-05,0.23566154390573502,0.009102242940571159,0.09005670036034037
399,2.590396434243303e-06,0.01200887281447649,0.0006084350752644241,0.3098140358924866,0.06040749326348305,0.3627127408981323,6.982907507335767e-05,1.1893253031303175e-06,8.478306199322105e-07,0.06935306638479233,0.020922593772411346,0.10784479230642319,0.12645509839057922,0.008763250894844532,0.23801574110984802,0.20778924226760864,0.016210580244660378,0.06586882472038269,0.07123970985412598,0.46558842062950134,0.15174517035484314,0.007903752848505974,0.022222954779863358,8.800911018624902e-05,0.002668347442522645,0.21100014448165894,0.0006451377994380891,0.011013118550181389,0.005328754894435406,0.0002312915603397414,0.0015973297413438559,0.0018173825228586793,0.005027288105338812,0.0010784139158204198,0.0061594899743795395,0.01887480355799198,0.04785454273223877,0.0027174102142453194,0.06225810572504997,0.00046255133929662406,0.040581971406936646,0.012135314755141735,0.01170826144516468,0.01445115264505148,5.1875878853024915e-05,1.3102781849738676e-05,0.0012741534737870097,0.0007098188507370651,0.0007755921105854213,0.00040438317228108644,1.6804267488623736e-06,1.4630606983701e-06,3.2489330351381795e-05,0.26040709018707275,0.006308653944870457,0.10440958271889637
402,2.0470874915190507e-06,0.010734980925917625,0.00022248101595323533,0.3212071359157562,0.0524139329791069,0.4693279266357422,6.0702612245222554e-05,8.372853130822477e-07,6.871051141388307e-07,0.05523500591516495,0.017895694822072983,0.1109783723950386,0.1272139847278595,0.014493347145617008,0.18688912689685822,0.17721429467201233,0.017303921282291412,0.06703564524650574,0.07253294438123703,0.4678551256656647,0.18004751205444336,0.010365271009504795,0.025951644405722618,8.708195673534647e-05,0.0024952974636107683,0.306799054145813,0.0013624071143567562,0.011625133454799652,0.011917789466679096,0.000398148171370849,0.00020468345610424876,0.0003632242442108691,0.006905168294906616,0.0005834589246660471,0.007090013939887285,0.02303168550133705,0.0394420400261879,0.002910306677222252,0.07027961313724518,0.001230819383636117,0.017806200310587883,0.013687714003026485,0.005900873336941004,0.009678718633949757,5.7155757531290874e-05,2.2211312170838937e-05,0.0002509996120352298,0.001202224986627698,0.0010003524366766214,0.0004262795555405319,2.0504032818280393e-06,1.065160404323251e-06,3.9683534851064906e-05,0.3140030950307846,0.00547873097093543,0.10725834787202378
405,1.7301136949754437e-06,0.01753672957420349,0.0009536707075312734,0.2572273015975952,0.03607174754142761,0.3401602506637573,0.0002559768909122795,1.6837570910865907e-06,6.755178105777304e-07,0.0665414035320282,0.030857793986797333,0.12860292196273804,0.14849159121513367,0.02098873071372509,0.1549481898546219,0.15572629868984222,0.022159846499562263,0.073458731174469,0.06464608013629913,0.5373354554176331,0.25573739409446716,0.009833796881139278,0.022596489638090134,0.0003743693814612925,0.0029858648777008057,0.614046573638916,0.004100361373275518,0.0030310899019241333,0.02343464456498623,0.014252674765884876,0.0013204488204792142,0.002130711916834116,0.006246744655072689,0.000335911987349391,0.07720715552568436,0.09062829613685608,0.03451669216156006,0.040314946323633194,0.0023930782917886972,0.00041814582073129714,0.0036232564598321915,0.004524657037109137,0.002156279981136322,0.0117002809420228,0.004679128061980009,0.005272279027849436,0.0016651382902637124,0.008707316592335701,0.005083858966827393,0.0029607308097183704,2.963212182294228e-06,4.6522304728569e-06,0.0049757035449147224,0.4356369376182556,0.009245200140867382,0.08689282077830285
408,1.8351622657064581e-06,0.0038367623928934336,0.00018582845223136246,0.42313480377197266,0.08047422021627426,0.377227783203125,0.0002993040543515235,2.1083435512991855e-06,4.034899347971077e-07,0.1912917196750641,0.14398948848247528,0.19922927021980286,0.22136124968528748,0.03673737868666649,0.12244118750095367,0.10771012306213379,0.0300891250371933,0.049747537821531296,0.048425424844026566,0.5508573651313782,0.4881560504436493,0.0027312394231557846,0.0037725770380347967,0.0007082755328156054,0.0021680500358343124,0.43324437737464905,0.0009138197056017816,0.005175032187253237,0.01616661809384823,0.004949267953634262,0.0012734831543639302,0.0017350178677588701,0.008400630205869675,0.0004146051360294223,0.0737445130944252,0.12260719388723373,0.045523516833782196,0.03211016580462456,0.0021509595680981874,0.00020717944425996393,0.002851023804396391,0.003223956795409322,0.0010940207866951823,0.014217400923371315,0.05794636532664299,0.05472448095679283,0.009598154574632645,0.038294870406389236,0.03830776363611221,0.032980773597955704,2.023282377194846e-06,2.78341258308501e-06,0.05633542314171791,0.42818959057331085,0.002011295422562398,0.14204776826469848
411,9.188065064336115e-07,0.011368517763912678,0.0002518020919524133,0.39303058385849,0.03324013575911522,0.2920684814453125,7.456973980879411e-05,3.164130646382546e-07,4.0946576973510673e-07,0.14391571283340454,0.10230590403079987,0.17622478306293488,0.2080060988664627,0.06448856741189957,0.06422514468431473,0.05217339098453522,0.06074833869934082,0.05185001343488693,0.04545147344470024,0.5379843711853027,0.3309485614299774,0.004800236783921719,0.005196295212954283,0.0003487289068289101,0.004729237873107195,0.13658268749713898,0.0001513742608949542,0.00843045860528946,0.03142125532031059,0.00030727809644304216,0.00010993400064762682,0.0002263547503389418,0.009571967646479607,0.0030104622710496187,0.02202255092561245,0.06454458832740784,0.037950899451971054,0.0036139197181910276,0.03277026116847992,0.00010304590250598267,0.013710915111005306,0.02392067201435566,0.0006247384590096772,0.0017525851726531982,0.00014579917478840798,5.1951472414657474e-05,0.0003063846961595118,0.0017664521001279354,0.000880444364156574,0.00024653045693412423,1.5751353430459858e-06,8.810790745883423e-07,9.887532360153273e-05,0.2648066356778145,0.0058101599279325455,0.13112229086982552
414,1.2707585028692847e-06,0.016841314733028412,0.0005350930732674897,0.31934380531311035,0.034706663340330124,0.31889092922210693,1.8134953279513866e-05,1.9427908171110175e-07,4.0462705896970874e-07,0.13725876808166504,0.09099265933036804,0.12099255621433258,0.14745251834392548,0.0615963414311409,0.0741470530629158,0.0631871223449707,0.05902840569615364,0.08037878572940826,0.0736265480518341,0.5559077262878418,0.35430121421813965,0.005439192522317171,0.0073121762834489346,6.379780097631738e-05,0.0029284199699759483,0.024152589961886406,6.126017979113385e-05,0.009811253286898136,0.03435203805565834,0.0006006679614074528,0.00011231815733481199,0.0003043549368157983,0.001071665552444756,0.0028615312185138464,0.000776514585595578,0.0018043572781607509,0.058023132383823395,0.007425883784890175,0.09808310121297836,0.0003362019488122314,0.046823639422655106,0.023828046396374702,0.009150021709501743,0.0006264151306822896,2.8566935725393705e-05,1.1769289812946226e-05,0.00010068481060443446,0.0020154016092419624,1.9473744032438844e-05,5.468665676744422e-06,1.161823433903919e-06,5.034555670135887e-07,2.0168112769169966e-05,0.17174819763749838,0.00868820390314795,0.10658682613575365
417,1.2496872159317718e-06,0.020471027120947838,0.0013632436748594046,0.23728534579277039,0.04667377471923828,0.2560400366783142,1.9290620912215672e-05,4.90185527723952e-07,4.991670721210539e-07,0.08273094892501831,0.06916884332895279,0.1893370896577835,0.20899905264377594,0.05432197451591492,0.07070860266685486,0.06305831670761108,0.055985692888498306,0.04530635103583336,0.038718994706869125,0.5002305507659912,0.34233957529067993,0.009645414538681507,0.012078089639544487,4.866077142651193e-05,0.01149320974946022,0.2438754290342331,0.001079560024663806,0.01774146780371666,0.02468314953148365,0.0007387755904346704,7.165799615904689e-06,2.0842056983383372e-05,0.03374209254980087,0.006818598601967096,0.0026213624514639378,0.005090713035315275,0.002568021649494767,0.0007797159487381577,0.909695029258728,0.0005724172806367278,0.08171705156564713,0.11595802754163742,0.004894025158137083,0.0021329568699002266,3.042345895210019e-07,1.229845310035671e-07,3.268061163907987e-06,0.00012309043086133897,4.769324732478708e-05,1.1455015737737995e-05,1.4688696410303237e-06,4.878741606262338e-07,2.136095602622845e-07,0.24058038741350174,0.010917135397903621,0.07910445121645655
420,1.3140759165253257e-06,0.010465620085597038,0.000996020040474832,0.3477195203304291,0.06600962579250336,0.26613786816596985,1.692351361270994e-05,5.599690098279098e-07,5.663579258907703e-07,0.06994311511516571,0.054518505930900574,0.14734366536140442,0.16325072944164276,0.03802613168954849,0.10060212761163712,0.0963350459933281,0.03664907440543175,0.05685893073678017,0.05099864304065704,0.4602355659008026,0.2937486171722412,0.01121568400412798,0.014899789355695248,4.209070175420493e-05,0.009629658423364162,0.2877672612667084,0.0014026256976649165,0.021493207663297653,0.0250142440199852,0.0009941667085513473,5.4207716857490595e-06,1.6796844647615217e-05,0.041275978088378906,0.005293053109198809,0.0017855613259598613,0.003989310469478369,0.00242136069573462,0.0007870016270317137,0.9371671080589294,0.0010233583161607385,0.07350007444620132,0.09378236532211304,0.006324872374534607,0.0025851018726825714,2.9738691864622524e-07,1.3420331868019275e-07,2.5339256808365462e-06,0.00014060246758162975,4.6761582780163735e-05,1.4357085092342459e-05,1.5568451772196568e-06,3.8395049273276527e-07,2.15795118663209e-07,0.3177433907985687,0.005730820063035935,0.11591391264892081
423,2.483285243215505e-06,0.022090855985879898,0.00030276807956397533,0.32752111554145813,0.03780848905444145,0.4255738854408264,3.147867028019391e-05,7.459387916242122e-07,6.323592742774053e-07,0.05833463743329048,0.024716690182685852,0.048776574432849884,0.06113339588046074,0.016797251999378204,0.17070195078849792,0.17465578019618988,0.023939650505781174,0.1656450480222702,0.15852156281471252,0.6103255748748779,0.2340080589056015,0.013022053055465221,0.028007900342345238,5.064800279797055e-05,0.003904320765286684,0.14078007638454437,0.0007781924214214087,0.05380094051361084,0.014166577719151974,0.0003537949232850224,2.1164370991755277e-05,5.13482082169503e-05,0.013617940247058868,0.0015108227962628007,0.001460244762711227,0.004821987822651863,0.00781490933150053,0.0006294717313721776,0.93455970287323,0.004006882198154926,0.09258982539176941,0.053018368780612946,0.008025161921977997,0.001534929615445435,9.389418096361624e-07,2.6351568749305443e-07,1.9061975763179362e-05,0.00021866821043659002,1.7440726878703572e-05,5.435311777546303e-06,1.6180168813662021e-06,3.9068103774297924e-07,6.012287485646084e-07,0.23415059596300125,0.011196812032721937,0.10919787604022228
426,1.6147088217621786e-06,0.002789606573060155,0.00014361053763423115,0.5075781345367432,0.15592670440673828,0.5445255041122437,3.2860109058674425e-05,1.0274198984916438e-06,8.030131084524328e-07,0.022969704121351242,0.009649119339883327,0.07772040367126465,0.09136432409286499,0.019495712593197823,0.15637582540512085,0.15520456433296204,0.018311144784092903,0.09323462843894958,0.08936266601085663,0.37180837988853455,0.12246125191450119,0.025552542880177498,0.056224461644887924,3.0673898436361924e-05,0.004203337244689465,0.397936075925827,0.003452679608017206,0.016530822962522507,0.01109016127884388,0.0008834081818349659,9.209482959704474e-05,0.00015138668823055923,0.012821945361793041,0.0017198766581714153,0.0023654215037822723,0.006815967615693808,0.009606244042515755,0.0014471608446910977,0.7800670266151428,0.001732752425596118,0.06322041153907776,0.024736938998103142,0.025810468941926956,0.006067685317248106,1.1542681477294536e-06,3.615780883592379e-07,4.024289228254929e-05,0.0001465470704715699,8.15230596344918e-05,3.122814086964354e-05,1.9400279143155785e-06,3.873968523748772e-07,7.579231180443458e-07,0.4527571052312851,0.001466608555347193,0.16927387201819025
429,1.640143068470934e-06,0.0020828936249017715,0.00024221159401349723,0.5281262397766113,0.18560609221458435,0.46442389488220215,7.34801942599006e-05,6.652542765550606e-07,9.003943546304072e-07,0.018759215250611305,0.007313820533454418,0.11850235611200333,0.1397852897644043,0.026771193370223045,0.11451683193445206,0.10568392276763916,0.028967535123229027,0.06251958757638931,0.05721952021121979,0.2338857799768448,0.057235874235630035,0.027179019525647163,0.0497390553355217,7.835985161364079e-05,0.002818104112520814,0.4512374997138977,0.0011335209710523486,0.01079467125236988,0.012869282625615597,0.001194512820802629,0.0005141329020261765,0.0009183454094454646,0.00461558997631073,0.0017944632563740015,0.005406641401350498,0.009919066913425922,0.03679332882165909,0.010328269563615322,0.020501039922237396,0.00029988415190018713,0.011199021711945534,0.008990571834146976,0.007366038393229246,0.01377017144113779,0.00022299561533145607,0.00014139273844193667,0.0005747132818214595,0.0026126152370125055,0.001446642680093646,0.0007949527353048325,1.7464975599068566e-06,9.720007483338122e-07,0.00018219417688669637,0.4896818697452545,0.0011625526094576344,0.17651957269602767
432,1.8811825839293306e-06,0.0029438817873597145,0.0001341334864264354,0.46182048320770264,0.2083319127559662,0.5228189826011658,4.815703505300917e-05,7.835768656150321e-07,1.1807959481302532e-06,0.01733030192553997,0.005760503467172384,0.2398049235343933,0.2542249262332916,0.030815014615654945,0.12664318084716797,0.11818525940179825,0.02079666219651699,0.029553083702921867,0.025699948891997337,0.171029731631279,0.03574231639504433,0.033233318477869034,0.060135725885629654,7.168047886807472e-05,0.002293340163305402,0.28241103887557983,0.0009276425116695464,0.010506735183298588,0.01272139698266983,0.0003931333194486797,0.0002838465734384954,0.0005995635292492807,0.011733748018741608,0.002969952067360282,0.005855764728039503,0.015510120429098606,0.019658895209431648,0.002831623423844576,0.12402710318565369,0.00036154629196971655,0.027673903852701187,0.01676437258720398,0.009095010347664356,0.02414463274180889,3.640958675532602e-05,1.7513009879621677e-05,0.00017599340935703367,0.0015749218873679638,0.0032437783665955067,0.0015711667947471142,2.3674281237617834e-06,8.425061537309375e-07,2.6961298317473847e-05,0.37211576104164124,0.001539007636893075,0.15423463110346347
435,1.9399503798922524e-06,0.0016925394302234054,4.976182754035108e-05,0.5199681520462036,0.2861437499523163,0.6519525051116943,0.00011894041381310672,1.1362060376995942e-06,9.548482466925634e-07,0.004654639400541782,0.0028354916721582413,0.12619194388389587,0.1566072702407837,0.057564664632081985,0.09189242124557495,0.06868388503789902,0.027110032737255096,0.05207402631640434,0.045093685388565063,0.10191512107849121,0.026962874457240105,0.0942477360367775,0.10913516581058502,0.00011590088251978159,0.0022479400504380465,0.42071470618247986,0.0015685957623645663,0.005931617226451635,0.00719075184315443,0.0021301668602973223,0.0011852110037580132,0.0012695641489699483,0.0042230067774653435,0.0007015700684860349,0.02573891542851925,0.04825600981712341,0.057855650782585144,0.0148695083335042,0.012800120748579502,0.0007996883359737694,0.01935410313308239,0.009494928643107414,0.013349219225347042,0.03464128077030182,0.00030107382917776704,0.00017529117758385837,0.001368603203445673,0.0013509471900761127,0.008204923011362553,0.00695569533854723,2.77695676231815e-06,9.419939033250557e-07,0.0002381825033808127,0.47034142911434174,0.0008711506288818782,0.17414097573297718
438,3.0008334306330653e-06,0.006051553413271904,4.7890083806123585e-05,0.4508495628833771,0.10885288566350937,0.6161441802978516,0.00012258865172043443,1.6978061694317148e-06,1.230456859957485e-06,0.004674193914979696,0.0023907071445137262,0.12705230712890625,0.150313138961792,0.04994157701730728,0.08722274005413055,0.06780833005905151,0.030367204919457436,0.052478402853012085,0.054304253309965134,0.09356819838285446,0.02808689884841442,0.09570745378732681,0.12476139515638351,0.00010740444849943742,0.005926927085965872,0.35060757398605347,0.0005212067044340074,0.0038977169897407293,0.0026475542690604925,0.0006558385211974382,0.012193887494504452,0.013877815566956997,0.0030510416254401207,0.0008102584979496896,0.03796325623989105,0.07300789654254913,0.0325801707804203,0.010162580758333206,0.01353448536247015,0.00034866505302488804,0.032037511467933655,0.011200230568647385,0.02119753137230873,0.06373398751020432,0.00011998718400718644,6.823633157182485e-05,0.002348668873310089,0.0030683940276503563,0.01080875750631094,0.010736064985394478,3.618306209318689e-06,1.987104269574047e-06,9.411175778950565e-05,0.40072856843471527,0.003049721748539014,0.15897375531494617
441,2.569083335401956e-06,0.0049626175314188,0.0001277941482840106,0.43554893136024475,0.11017279326915741,0.46675413846969604,0.00012487286585383117,1.2147191910116817e-06,1.1875787322424003e-06,0.004555017687380314,0.0020610434003174305,0.101341113448143,0.11729446053504944,0.06063338369131088,0.08061817288398743,0.060704343020915985,0.03004879131913185,0.06889782845973969,0.06868681311607361,0.12119058519601822,0.03780050203204155,0.08701609820127487,0.1259138286113739,0.00016990820586215705,0.002223328687250614,0.33413854241371155,0.0007979052606970072,0.006145870313048363,0.005623925477266312,0.001339481445029378,0.0021556406281888485,0.002541180467233062,0.00340617960318923,0.0009215921745635569,0.03694634139537811,0.074212945997715,0.058664094656705856,0.020559757947921753,0.005100963171571493,0.000347563240211457,0.019792776554822922,0.011222252622246742,0.008937967009842396,0.028724294155836105,0.0004948198911733925,0.0003452357486821711,0.001961120404303074,0.003314378671348095,0.010296039283275604,0.009461659006774426,2.1157054561626865e-06,1.4236296692615724e-06,0.0004200278199277818,0.38484373688697815,0.0025452058398514055,0.14674858415188888
444,1.9288852399768075e-06,0.014890399761497974,0.0008300652261823416,0.28422215580940247,0.07162752002477646,0.32734429836273193,7.32028202037327e-05,9.932410875990172e-07,1.1645279300864786e-06,0.007604304701089859,0.002793014980852604,0.09373325109481812,0.10500755906105042,0.04983806237578392,0.07857924699783325,0.06104434281587601,0.03481629118323326,0.07119552046060562,0.08720926940441132,0.17814336717128754,0.07173845171928406,0.04699403792619705,0.10741282254457474,0.00012814265210181475,0.003523926017805934,0.23626825213432312,0.00044574792264029384,0.0077478718012571335,0.00549315195530653,0.0005952768260613084,0.0005768173141404986,0.0007844936335459352,0.008071198128163815,0.0004691830836236477,0.021851489320397377,0.05657600983977318,0.034598980098962784,0.005463195964694023,0.04495488479733467,0.0013404627097770572,0.023555248975753784,0.012900163419544697,0.00393453286960721,0.013385926373302937,9.30163441807963e-05,4.346025889390148e-05,0.0006335219950415194,0.0012510360684245825,0.001615144545212388,0.0010414980351924896,1.91300955521001e-06,1.4506497336697066e-06,6.823830153734889e-05,0.2602452039718628,0.007860232493840158,0.09519448891902964
447,1.155874201685947e-06,0.01255844160914421,0.001215431373566389,0.23094263672828674,0.12573879957199097,0.30502888560295105,8.338257612194866e-05,9.247665957445861e-07,8.261491188932268e-07,0.003677214263007045,0.0009224451496265829,0.08048413693904877,0.08726238459348679,0.08048609644174576,0.050858743488788605,0.03509669378399849,0.06501470506191254,0.08667633682489395,0.10283725708723068,0.10146413743495941,0.04389301687479019,0.08237209171056747,0.24310113489627838,0.0001588267768966034,0.005319171119481325,0.4852083921432495,0.0013481189962476492,0.005104192066937685,0.003814611816778779,0.0026722336187958717,0.0004956329939886928,0.0005801118677482009,0.014434890821576118,0.0011265190551057458,0.037598952651023865,0.05119045451283455,0.012463632971048355,0.011014267802238464,0.033060796558856964,0.00040376692777499557,0.007172710727900267,0.007633424364030361,0.0018931058002635837,0.012836710549890995,0.00021444789308588952,0.00017427842249162495,0.0007593539194203913,0.0013552126474678516,0.0013451806735247374,0.001152133452706039,1.7375992911183857e-06,1.607812691872823e-06,0.00019436315778875723,0.3580755144357681,0.0068869364913553,0.07733946053000788
450,7.76426986703882e-07,0.002339293248951435,0.000463589298306033,0.4481765329837799,0.2504521310329437,0.3643573522567749,8.31146608106792e-05,5.321122102941445e-07,1.3191524885769468e-06,0.004918879363685846,0.001492816605605185,0.1798422783613205,0.1924779862165451,0.0718814805150032,0.063943050801754,0.04633758217096329,0.044770415872335434,0.038179244846105576,0.04207760468125343,0.07123452425003052,0.027183538302779198,0.07724443823099136,0.17180047929286957,0.0002887272275984287,0.0049429223872721195,0.31968897581100464,0.00045440293615683913,0.006045592948794365,0.009880607016384602,0.0012764680432155728,0.0001449404371669516,0.00023764953948557377,0.01783294603228569,0.002292070770636201,0.04684403911232948,0.09086702018976212,0.022095441818237305,0.009813806042075157,0.02688509225845337,0.00022821426682639867,0.00767346378415823,0.009699252434074879,0.0008784951642155647,0.008176025003194809,0.0003802002756856382,0.0002732320281211287,0.0005159631837159395,0.002304199617356062,0.003122693859040737,0.0018873619846999645,1.927759512909688e-06,1.0062707360702916e-06,0.00032671615190338343,0.3839327543973923,0.001401441273628734,0.14951970765347747
453,8.285746275760175e-07,0.009906844235956669,0.004303480964154005,0.19807711243629456,0.1634480357170105,0.2241118997335434,1.6024127035052516e-05,1.7431383980692772e-07,7.034644795567147e-07,0.01294639240950346,0.006686280015856028,0.12505418062210083,0.12683001160621643,0.05365113914012909,0.07216913253068924,0.061965979635715485,0.054333366453647614,0.07195637375116348,0.07620996236801147,0.18072420358657837,0.13687658309936523,0.037214670330286026,0.08370038121938705,4.11164146498777e-05,0.0029745884239673615,0.0650080218911171,0.0003315820067655295,0.025577589869499207,0.02292749099433422,0.0028927417006343603,5.2302912081358954e-06,1.47207647387404e-05,0.003459260566160083,0.0023766469676047564,0.0017572338692843914,0.002287775045260787,0.014813607558608055,0.007988817989826202,0.6273325681686401,0.002218043664470315,0.11260495334863663,0.1030530333518982,0.004551741760224104,0.0004842541820835322,2.0843094716838095e-06,1.4244609474189929e-06,8.010742021724582e-06,0.00026549771428108215,3.049112365260953e-06,1.6039792853916879e-06,7.193318651843583e-07,2.7933293722526287e-07,1.7543852095514012e-06,0.13154256716370583,0.007105162600055337,0.0660323544974138
456,9.844709438766586e-07,0.0022311904467642307,0.000832448189612478,0.3886626064777374,0.3141169548034668,0.38542255759239197,1.4114270015852526e-05,4.291982804716099e-07,1.0603642977002892e-06,0.025676771998405457,0.008810591883957386,0.2339974343776703,0.2376718670129776,0.04485209286212921,0.08610641956329346,0.07404520362615585,0.04238545149564743,0.03163526952266693,0.0327945351600647,0.19005639851093292,0.12689970433712006,0.024298759177327156,0.06407137215137482,5.103830335428938e-05,0.0021409529726952314,0.02789999358355999,0.00021487830963451415,0.004821754526346922,0.012235045433044434,0.00023294273705687374,0.00014884544361848384,0.0004708968917839229,0.005121052730828524,0.0059994542971253395,0.0014019125374034047,0.0032435902394354343,0.010069242678582668,0.0025184948462992907,0.5608569383621216,0.0003826944448519498,0.05761905014514923,0.019085366278886795,0.010312232188880444,0.004312181379646063,2.9910759167250944e-06,1.4415379609999945e-06,4.0033788536675274e-05,0.001359000219963491,5.661410978063941e-05,2.28096960199764e-05,2.4181172193493694e-06,5.560099225476733e-07,2.2163069388625445e-06,0.2082813000306487,0.0015318193181883544,0.1297607829377133
459,1.0643825589795597e-06,0.002154013840481639,0.000955955998506397,0.37648600339889526,0.2756679058074951,0.32993870973587036,2.5073770302697085e-05,6.196123081281257e-07,1.2921075267513515e-06,0.022755641490221024,0.012871481478214264,0.22763220965862274,0.23482489585876465,0.05486755445599556,0.07458686828613281,0.058162715286016464,0.04637239873409271,0.03149724006652832,0.03239597752690315,0.18347926437854767,0.12277935445308685,0.025926221162080765,0.043539050966501236,9.121793118538335e-05,0.002398523734882474,0.054857075214385986,0.00027766855782829225,0.0031542940996587276,0.008990433067083359,0.00014206387277226895,0.0005357409827411175,0.0013052424183115363,0.006724680308252573,0.001962054753676057,0.005374894943088293,0.01789763942360878,0.017313769087195396,0.002325804205611348,0.24423488974571228,0.0004743826575577259,0.038637030869722366,0.015370585955679417,0.006386045832186937,0.008927223272621632,8.72438704391243e-06,3.4928875720652286e-06,0.00015072841779328883,0.0019707325845956802,0.00031549163395538926,0.00014499806275125593,3.4948534448631108e-06,9.88940541901684e-07,6.108637307988829e-06,0.21567153930664062,0.001554984919494018,0.12610899559998265
462,1.50005757859617e-06,0.003899063216522336,0.0013351396191865206,0.30239084362983704,0.27219530940055847,0.35122010111808777,1.4247108993004076e-05,7.145403628783242e-07,1.6219873941736296e-06,0.017113856971263885,0.010206736624240875,0.17286217212677002,0.19323725998401642,0.05151284486055374,0.08804982900619507,0.06903491914272308,0.04076231271028519,0.04688422009348869,0.04559653252363205,0.1975710242986679,0.08791132271289825,0.038288965821266174,0.06926140189170837,3.8949605368543416e-05,0.00194873521104455,0.024156544357538223,0.00018189997354056686,0.005228662397712469,0.0038090930320322514,8.371712465304881e-05,0.004356279503554106,0.010338482446968555,0.001269376603886485,0.0006835091626271605,0.0008695276919752359,0.003267761552706361,0.01858285814523697,0.0014370722929015756,0.5723642706871033,0.0021180592011660337,0.12677673995494843,0.0188299547880888,0.03541919216513634,0.0032035871408879757,1.1741034313672571e-06,3.3609956062718993e-07,0.0002634075644891709,0.002490550745278597,1.638601861486677e-05,7.237755198730156e-06,4.159851414442528e-06,9.22230185551598e-07,7.551014959972235e-07,0.16327369399368763,0.0026171014178544283,0.1056952018601199
465,2.0938284706062404e-06,0.003642496420070529,0.0008837676723487675,0.3977341949939728,0.193346306681633,0.3342611789703369,2.4342409233213402e-05,9.213335374624876e-07,1.5401726614072686e-06,0.030556784942746162,0.012263314798474312,0.13833913207054138,0.1580706536769867,0.05425918847322464,0.08639227598905563,0.06883210688829422,0.03223712369799614,0.05404508858919144,0.049314677715301514,0.3368418216705322,0.1252044290304184,0.021891161799430847,0.049818895757198334,3.93132540921215e-05,0.006014298647642136,0.15755175054073334,0.0007992979953996837,0.015184705145657063,0.010397951118648052,0.00021437346003949642,0.000162548923981376,0.0005258361925370991,0.008226887322962284,0.0024382041301578283,0.002765331882983446,0.008498544804751873,0.006413927301764488,0.0011291621485725045,0.8189086318016052,0.0011158871930092573,0.20076744258403778,0.11327869445085526,0.017990203574299812,0.005228525958955288,2.896901207805058e-07,1.0523959304009622e-07,1.2708331269095652e-05,0.00045908489846624434,4.3870124500244856e-05,1.5656924006179906e-05,2.921804480138235e-06,8.146947152454231e-07,1.9746485691030102e-07,0.27764297276735306,0.0022631320462096483,0.13280752670349708
468,1.4085235306993127e-06,0.005690286867320538,0.0019167985301464796,0.32527977228164673,0.15512405335903168,0.22134961187839508,3.0103125027380884e-05,6.74879686357599e-07,1.387235329275427e-06,0.023401448503136635,0.012551059015095234,0.19172191619873047,0.2082386016845703,0.041931357234716415,0.08961286395788193,0.07845766842365265,0.03101777471601963,0.037250369787216187,0.03554285317659378,0.25254949927330017,0.1211019903421402,0.02584303915500641,0.04319500923156738,7.350289524765685e-05,0.007896244525909424,0.2353411316871643,0.0006657280609942973,0.00957231130450964,0.015041753649711609,0.00014305635704658926,0.00010508049308555201,0.00029203889425843954,0.022091727703809738,0.003457208164036274,0.0049125514924526215,0.019412580877542496,0.008175713010132313,0.0007409302634187043,0.5494399070739746,0.00042307612602598965,0.03945552930235863,0.04081457853317261,0.0038193860091269016,0.00784082617610693,3.1892677725409158e-06,1.0399739949207287e-06,4.2266434320481494e-05,0.0007154024206101894,0.000266950111836195,9.426582255400717e-05,2.9230529889900936e-06,1.0698566939026932e-06,2.1146208837308222e-06,0.2803104519844055,0.0038035426987335086,0.10855896388966357
471,1.4355235862240079e-06,0.012616545893251896,0.0026184278540313244,0.2799014747142792,0.07716979086399078,0.20535816252231598,3.93426998925861e-05,5.547636305891501e-07,1.0072790246340446e-06,0.033787086606025696,0.015183593146502972,0.19407497346401215,0.21619972586631775,0.051003895699977875,0.07867586612701416,0.06664370000362396,0.036256153136491776,0.037799738347530365,0.03220950812101364,0.3124430477619171,0.0877351313829422,0.019150273874402046,0.027451392263174057,8.62851957208477e-05,0.005866823252290487,0.2702329158782959,0.0006965153152123094,0.007357689086347818,0.010498251765966415,0.00027518856222741306,0.0001190165348816663,0.00029798122704960406,0.01581183262169361,0.0033826676663011312,0.008806662634015083,0.0233844593167305,0.010364418849349022,0.0023009616415947676,0.18545842170715332,0.00027673851582221687,0.029896607622504234,0.032255690544843674,0.00398412998765707,0.011783755384385586,1.1198491847608238e-05,5.792809133708943e-06,6.267457501962781e-05,0.001185565604828298,0.0008175712428055704,0.0004000348271802068,2.444284064040403e-06,1.2108687315048883e-06,8.49565049065859e-06,0.27506719529628754,0.00761748687364161,0.09343949082540348
474,1.8811521158568212e-06,0.006675646640360355,0.002148856408894062,0.33261430263519287,0.13302235305309296,0.210953027009964,3.4086919185938314e-05,9.784002941159997e-07,1.5344269286288181e-06,0.024600829929113388,0.010296097956597805,0.18528972566127777,0.20151284337043762,0.046351365745067596,0.08331827819347382,0.06796381622552872,0.03450452908873558,0.03635522723197937,0.03787633776664734,0.2221558839082718,0.09528256952762604,0.024508200585842133,0.044161356985569,7.679694681428373e-05,0.008995985612273216,0.18980257213115692,0.000314761302433908,0.005089420359581709,0.009118671528995037,0.00010851669503608719,0.0005516798701137304,0.0012544988421723247,0.017559977248311043,0.004619923420250416,0.006392823066562414,0.019943179562687874,0.010902022942900658,0.001125077367760241,0.2722375988960266,0.00019221082038711756,0.04004374146461487,0.021803000941872597,0.007376952096819878,0.024387340992689133,9.746501746121794e-06,2.972540869450313e-06,0.000181001698365435,0.0012168880784884095,0.0014015109045431018,0.0005919421091675758,3.270439947300474e-06,1.6384827858928475e-06,6.3595213077860535e-06,0.2612084373831749,0.004412251524627209,0.11147349378249298
477,2.476195277267834e-06,0.0064748539589345455,0.002374400617554784,0.3381427228450775,0.11214753985404968,0.1927657127380371,4.7697292757220566e-05,1.058061116054887e-06,1.5979575209712493e-06,0.025202544406056404,0.009003935381770134,0.17199623584747314,0.1820506751537323,0.06488119810819626,0.06139063090085983,0.04647878557443619,0.04960102215409279,0.03904232010245323,0.04348325729370117,0.25209060311317444,0.10616245120763779,0.021407034248113632,0.04285911098122597,7.838532474124804e-05,0.00474011804908514,0.26416459679603577,0.0007721658912487328,0.007597545627504587,0.016118453815579414,0.0002682743070181459,0.0002757235197350383,0.0006499834707938135,0.008963600732386112,0.0018955067498609424,0.007655308116227388,0.027243362739682198,0.025932256132364273,0.003142177127301693,0.11166448146104813,0.00047458408516831696,0.04858780652284622,0.022525537759065628,0.012965082190930843,0.025862067937850952,2.030898212979082e-05,8.284589966933709e-06,0.00011143014125991613,0.0013635343639180064,0.0018724914407357574,0.0007918245973996818,2.469344735800405e-06,1.6013473214115947e-06,1.4296786048362264e-05,0.30115365982055664,0.004424627288244665,0.11302280994520213
480,2.572716766735539e-06,0.006164050195366144,0.0020220924634486437,0.367899090051651,0.112037792801857,0.21021459996700287,9.710336598800495e-05,1.1738156899809837e-06,1.4512598909277585e-06,0.019148241728544235,0.006963222287595272,0.14395686984062195,0.1528722047805786,0.0494694709777832,0.07692878693342209,0.062380123883485794,0.036482419818639755,0.04749341681599617,0.051291629672050476,0.22201403975486755,0.08829789608716965,0.02568003535270691,0.05053652077913284,0.00017305898654740304,0.00244985637255013,0.21760620176792145,0.0004660785780288279,0.005277595017105341,0.018788721412420273,0.0004620623658411205,0.0004073621821589768,0.000751173181924969,0.008164673112332821,0.0014806801918894053,0.020530208945274353,0.06321552395820618,0.06860675662755966,0.007753489539027214,0.015763331204652786,0.0003795238444581628,0.022105226293206215,0.010014823637902737,0.007165308576077223,0.040425680577754974,0.00037254110793583095,0.00016346175107173622,0.0005941449198871851,0.0024303821846842766,0.019217893481254578,0.008861428126692772,2.546503537814715e-06,2.0644063170038862e-06,0.0002680014295037836,0.2927526459097862,0.004093071329407394,0.12301920847191165
483,3.232514018236543e-06,0.015741964802145958,0.00364976329728961,0.2742016613483429,0.06378047168254852,0.17973776161670685,8.503408025717363e-05,1.1032797146981466e-06,1.3777320191366016e-06,0.03652271628379822,0.012526239268481731,0.18153007328510284,0.19594326615333557,0.03756467252969742,0.09232740104198456,0.07896154373884201,0.030834494158625603,0.03806493058800697,0.03852427005767822,0.32777121663093567,0.11005602777004242,0.015700798481702805,0.028492094948887825,0.0001522750244475901,0.0021877374965697527,0.19817522168159485,0.00046535604633390903,0.006191373337060213,0.01884051412343979,0.00029109016759321094,0.0005258336896076798,0.0011240215972065926,0.008142029866576195,0.0015572403790429235,0.013732919469475746,0.04537947475910187,0.058350175619125366,0.005959658417850733,0.02185799553990364,0.0003123653004877269,0.025771576911211014,0.010979453101754189,0.007682011462748051,0.036241963505744934,0.0002278948377352208,9.860736463451758e-05,0.00046423825551755726,0.003254385432228446,0.011021270416676998,0.004976736381649971,2.5145898234768538e-06,2.6186000923189567e-06,0.00016325110118486919,0.23618844151496887,0.009695864049717784,0.0919505055450524
486,2.8165688945591683e-06,0.007960071787238121,0.0019075857708230615,0.40511566400527954,0.08153124153614044,0.20760688185691833,8.591539517510682e-05,1.3164491292627645e-06,1.4237002687877975e-06,0.02874019742012024,0.008630952797830105,0.18651272356510162,0.19616331160068512,0.04369758814573288,0.08231093734502792,0.0671640932559967,0.035610686987638474,0.03736509382724762,0.03882652893662453,0.2876986563205719,0.09241893142461777,0.018732700496912003,0.04191462695598602,0.0001310600491706282,0.002677634358406067,0.2858942449092865,0.0006858039414510131,0.006188146770000458,0.016749076545238495,0.00031070856493897736,0.0007495317840948701,0.0015494655817747116,0.006913230754435062,0.0012833550572395325,0.012820260599255562,0.041802722960710526,0.04451531171798706,0.0047902013175189495,0.019551925361156464,0.0003314119530841708,0.02111639268696308,0.010448812507092953,0.009628795087337494,0.043017979711294174,0.00020801454957108945,9.426807082490996e-05,0.0005490219336934388,0.0032175672240555286,0.015284232795238495,0.006905018351972103,2.4317664610862266e-06,2.3821335162210744e-06,0.0001511413101979997,0.345504954457283,0.004933828779030591,0.13580488712371638
489,2.9767481919407146e-06,0.002850729739293456,0.0006808174075558782,0.47297173738479614,0.15567070245742798,0.32510656118392944,0.0001365676725981757,1.4389364650924108e-06,1.7251926465178258e-06,0.016083139926195145,0.005693687126040459,0.1488838642835617,0.15785427391529083,0.047465838491916656,0.0750037133693695,0.06023518741130829,0.04198633134365082,0.04718228429555893,0.04904156178236008,0.20548094809055328,0.07658980041742325,0.030504439026117325,0.06292549520730972,0.0001739644503686577,0.0018799261888489127,0.32381272315979004,0.0009722687536850572,0.007284007500857115,0.02124798111617565,0.00046089294482953846,0.0011260980973020196,0.0020827101543545723,0.003931683022528887,0.0008620802545920014,0.019321361556649208,0.06909935176372528,0.101081982254982,0.008900217711925507,0.00860257726162672,0.0004249775956850499,0.022882012650370598,0.008976409211754799,0.010946797206997871,0.031921133399009705,0.0005297449533827603,0.0002245475770905614,0.0011242139153182507,0.0037803631275892258,0.015776822343468666,0.006693624891340733,2.4729456526983995e-06,2.1840769477421418e-06,0.00037714626523666084,0.3983922302722931,0.0017657735734246671,0.15872684854548424
492,1.811603624446434e-06,0.0013031798880547285,0.00015006573812570423,0.5941872596740723,0.2442740499973297,0.5039602518081665,9.279866208089516e-05,1.3271982197693433e-06,2.1411472062027315e-06,0.01629442721605301,0.0037899177987128496,0.17900137603282928,0.19861029088497162,0.0363924540579319,0.12063765525817871,0.10443967580795288,0.018760835751891136,0.037082452327013016,0.038701411336660385,0.20255790650844574,0.04949231073260307,0.035274773836135864,0.10848364979028702,0.00011965927114943042,0.005927578080445528,0.4246775507926941,0.0010877682361751795,0.005768968258053064,0.016899412497878075,0.0003153557190671563,0.0018927535274997354,0.0037351204082369804,0.005029790569096804,0.0017579265404492617,0.017563901841640472,0.055508606135845184,0.04354238882660866,0.003906960599124432,0.03447661176323891,0.00021595621365122497,0.02332037314772606,0.011683584190905094,0.009466584771871567,0.019263889640569687,8.70203657541424e-05,2.9849903512513265e-05,0.0008125764434225857,0.002650783397257328,0.0032791877165436745,0.0011476147919893265,4.040034127683612e-06,1.6140576235557091e-06,5.8435134633327834e-05,0.5094324052333832,0.0007266228130902164,0.19993837786993632
495,1.7384545571985655e-06,0.009114911779761314,0.001440787804313004,0.3526410162448883,0.14223413169384003,0.34761330485343933,1.6267016690107994e-05,5.934548426012043e-07,1.1038270031349384e-06,0.019324779510498047,0.006744002923369408,0.11466604471206665,0.12960383296012878,0.038719337433576584,0.10465307533740997,0.09626812487840652,0.036424264311790466,0.07393287867307663,0.06379685550928116,0.2985861003398895,0.08383635431528091,0.03495386242866516,0.1128101572394371,2.4466173272230662e-05,0.008907278068363667,0.11769146472215652,0.000629701535217464,0.05421428009867668,0.004513559862971306,0.00020064953423570842,4.165263453614898e-05,0.00011514400102896616,0.01127881184220314,0.006512838415801525,0.0007047883700579405,0.0012976793805137277,0.0016177725046873093,0.00037997617619112134,0.985781192779541,0.0019781063310801983,0.18085557222366333,0.1924038976430893,0.012845306657254696,0.0015555315185338259,6.72130653356362e-08,2.013281275026202e-08,8.414675903622992e-06,9.477895946474746e-05,4.813379746337887e-06,1.8247242223878857e-06,2.083013896481134e-06,3.6951777815374953e-07,4.367293904294911e-08,0.23516624048352242,0.005277849792037159,0.11759927096015114
498,1.568789457451203e-06,0.004368278663605452,0.00021336610370781273,0.45872366428375244,0.1403825432062149,0.5050384998321533,2.7903392037842423e-05,7.099636150087463e-07,1.1259821803832892e-06,0.010914967395365238,0.003802540944889188,0.07234135270118713,0.08430107682943344,0.04407183825969696,0.08898620307445526,0.07614070922136307,0.03633570298552513,0.10602651536464691,0.09244653582572937,0.2677958905696869,0.0704130083322525,0.05547265335917473,0.12581807374954224,3.631730578490533e-05,0.006605297792702913,0.43490543961524963,0.005452555138617754,0.018627723678946495,0.01987631432712078,0.001029578736051917,1.6658901586197317e-05,3.64068073395174e-05,0.030950136482715607,0.006627772003412247,0.0029569286853075027,0.007499918341636658,0.004009832628071308,0.0010710495989769697,0.9191029071807861,0.0009692895691841841,0.0605359748005867,0.07015936821699142,0.011638619005680084,0.0029939247760921717,3.678620430491719e-07,1.3098703277591994e-07,7.662341886316426e-06,8.033567428356037e-05,3.9216836739797145e-05,1.2661625078180805e-05,2.239519972135895e-06,3.1215520834848576e-07,2.4942453791254593e-07,0.44681455194950104,0.002290822383656632,0.15292557666422604
501,2.928228695964208e-06,0.0022023592609912157,0.0003949371166527271,0.46779394149780273,0.18885178864002228,0.45613181591033936,0.0001469401322538033,1.3802215335090295e-06,1.6113046967802802e-06,0.011922423727810383,0.005867891479283571,0.0898391455411911,0.10702037066221237,0.0407656691968441,0.09733894467353821,0.08673042804002762,0.025334248319268227,0.07785581052303314,0.07721668481826782,0.285868763923645,0.11532093584537506,0.04132905602455139,0.06607373803853989,0.00018251813889946789,0.0017517004162073135,0.45554837584495544,0.003320943797007203,0.006284602917730808,0.04525287076830864,0.0032946860883384943,0.0002963041188195348,0.0006977833108976483,0.003603428602218628,0.0010242376010864973,0.038513291627168655,0.08380527049303055,0.08138727396726608,0.03388964384794235,0.006071159616112709,0.00042127404594793916,0.019442645832896233,0.011018645949661732,0.01041314285248518,0.015812648460268974,0.0004799691087100655,0.0003620547358877957,0.00022847094805911183,0.005182050168514252,0.008229436352849007,0.003014214104041457,2.940984813903924e-06,2.177405121983611e-06,0.0004210119222989306,0.4616711586713791,0.0012986481888219714,0.15626267630917332
504,1.1989299082415528e-06,0.003920404240489006,0.00037455110577866435,0.4228929281234741,0.1614355891942978,0.3627537488937378,0.00010447412205394357,7.233142014229088e-07,1.4321665275929263e-06,0.01901356130838394,0.004770252853631973,0.1516193151473999,0.1767784208059311,0.032205820083618164,0.13894714415073395,0.12384135276079178,0.015605651773512363,0.04579339548945427,0.047907885164022446,0.22079332172870636,0.060798563063144684,0.030585678294301033,0.07894677668809891,0.0003387393953744322,0.002275896957144141,0.2442658543586731,0.0005303532816469669,0.004939700942486525,0.02749633602797985,0.00017582651344127953,0.0004955375916324556,0.0011883379193022847,0.016931921243667603,0.007009684108197689,0.04059477895498276,0.13188844919204712,0.0257080290466547,0.002311495365574956,0.03970227763056755,4.243812873028219e-05,0.00895861629396677,0.008478406816720963,0.0010142639512196183,0.009746554307639599,0.0003178295446559787,0.00011383469245629385,0.0007637874223291874,0.004493014886975288,0.009014522656798363,0.002684257924556732,3.4546083043096587e-06,1.4980518017182476e-06,0.00021583211855613627,0.3335793912410736,0.002147477673133835,0.14152560121146962
507,1.5209897128443117e-06,0.009909107349812984,0.00023625021276529878,0.37743815779685974,0.06601532548666,0.4022863209247589,0.00011866569548146799,7.264021064656845e-07,1.225843334395904e-06,0.023985419422388077,0.00558430515229702,0.16748195886611938,0.19359412789344788,0.05138196051120758,0.09898049384355545,0.08202018588781357,0.023541374132037163,0.04298043251037598,0.0393693670630455,0.32182830572128296,0.0613744780421257,0.026749802753329277,0.06251256912946701,0.00030891652568243444,0.003396573243662715,0.27878981828689575,0.00046269598533399403,0.0055696237832307816,0.03270714730024338,0.0002965437597595155,0.00025016505969688296,0.0005440141540020704,0.020575029775500298,0.005386034492403269,0.037035781890153885,0.12662826478481293,0.02949364110827446,0.0028298236429691315,0.037728067487478256,6.813617801526561e-05,0.008086413145065308,0.008054523728787899,0.0010546307312324643,0.011403052136301994,0.0004620972031261772,0.00018746874411590397,0.0006115752039477229,0.003710734425112605,0.01073719933629036,0.0038903539534658194,3.0642590900242794e-06,1.500359417150321e-06,0.0003247829736210406,0.32811398804187775,0.005072678781289142,0.12607744567018622
510,1.6072731341409963e-06,0.008673538453876972,0.0020625696051865816,0.296400785446167,0.12428678572177887,0.26319071650505066,2.9506425562431104e-05,3.96367028088207e-07,1.8251715800943202e-06,0.01577373594045639,0.0062413387931883335,0.1830546259880066,0.1994171142578125,0.05315645784139633,0.08171670138835907,0.0679825097322464,0.036018796265125275,0.03916746377944946,0.039295583963394165,0.20169733464717865,0.08824696391820908,0.036691345274448395,0.07561338692903519,8.322386565851048e-05,0.006985711865127087,0.09888532012701035,0.000269055541139096,0.012337766587734222,0.061656881123781204,0.00020978886459488422,3.45115659001749e-05,0.00010294238745700568,0.015474991872906685,0.021899765357375145,0.0029343741480261087,0.010565472766757011,0.015356686897575855,0.0010160313686355948,0.6171103715896606,0.00011397143680369481,0.059347689151763916,0.036175962537527084,0.004183475859463215,0.003707173280417919,5.024246547691291e-06,1.2577575034811161e-06,3.7087051168782637e-05,0.0004839572065975517,0.00015487484051845968,3.017457675014157e-05,2.1111825390107697e-06,6.392961040546652e-07,3.1410020255862037e-06,0.19764305278658867,0.005368054029531777,0.09884607979984139
513,1.7256501223528176e-06,0.015327014960348606,0.0003935637651011348,0.2767784595489502,0.07648156583309174,0.42559245228767395,2.6479203370399773e-05,4.69968597371917e-07,1.1948901601499529e-06,0.021493567153811455,0.007282270584255457,0.20443697273731232,0.22198526561260223,0.04711664840579033,0.09061487019062042,0.0779062882065773,0.03290252014994621,0.035568881779909134,0.03612316772341728,0.24628667533397675,0.11064949631690979,0.029196230694651604,0.06926421821117401,6.667639536317438e-05,0.004387332126498222,0.0833050012588501,0.0002760804782155901,0.011768577620387077,0.0328039787709713,0.00026059956871904433,6.604503141716123e-05,0.00020100285473745316,0.009965703822672367,0.013327613472938538,0.0025269577745348215,0.008142189122736454,0.011611329391598701,0.0014340659836307168,0.5842742323875427,0.00015323080879170448,0.06790943443775177,0.034171365201473236,0.005343176890164614,0.0039361403323709965,4.320101652410813e-06,1.5064600802361383e-06,3.5408920666668564e-05,0.0008574867970310152,0.00011260684550506994,3.077028668485582e-05,1.8755775954559795e-06,6.502733072011324e-07,2.9132808663234755e-06,0.18004173040390015,0.00786028936272487,0.09234850247836827
516,2.4389078134845477e-06,0.029329361394047737,0.00012156981392763555,0.30168166756629944,0.030170856043696404,0.43194910883903503,5.692315971828066e-05,9.115631769418542e-07,1.1630705785137252e-06,0.02964569814503193,0.006783763412386179,0.18382562696933746,0.2075219452381134,0.031607042998075485,0.13533759117126465,0.12219295650720596,0.016031576320528984,0.03704695403575897,0.038723405450582504,0.31366923451423645,0.0718754231929779,0.02233870141208172,0.0594480037689209,8.782927034189925e-05,0.008074896410107613,0.24718119204044342,0.0003129742690362036,0.009224367327988148,0.017902065068483353,0.00015259684005286545,0.0006903957109898329,0.0012935367412865162,0.01301406417042017,0.007392883766442537,0.007027669344097376,0.025119256228208542,0.020211298018693924,0.0012564007192850113,0.15731465816497803,7.707690383540466e-05,0.0336243137717247,0.013067076914012432,0.006637187674641609,0.014748590998351574,4.329570583649911e-05,1.124908885685727e-05,0.00047314027324318886,0.0013136224588379264,0.002027445938438177,0.0006437391857616603,2.202933046646649e-06,1.216994178321329e-06,2.727239734667819e-05,0.27443142980337143,0.014725465603987686,0.1012218666728586
519,2.3041359327180544e-06,0.01809087209403515,0.000387779000448063,0.28174731135368347,0.061240047216415405,0.37449875473976135,4.8220172175206244e-05,7.672912829548295e-07,1.4840328503851197e-06,0.014779657125473022,0.005323346704244614,0.23362882435321808,0.24839118123054504,0.04469463229179382,0.09107042849063873,0.07489515841007233,0.031231826171278954,0.030006397515535355,0.026710452511906624,0.16954241693019867,0.035812728106975555,0.038530636578798294,0.07054892927408218,9.166891686618328e-05,0.0042154318653047085,0.1226237341761589,0.0003055434499401599,0.005719403270632029,0.01201797928661108,0.00014823440869804472,0.000617894867900759,0.0011199942091479897,0.013594230636954308,0.00365675101056695,0.0064324564300477505,0.02649972401559353,0.024887025356292725,0.0015262993983924389,0.19749759137630463,0.0002476247027516365,0.03992816433310509,0.013427489437162876,0.008446845225989819,0.02235640026628971,2.9472963433363475e-05,8.525946213921998e-06,0.000352688308339566,0.0011831035371869802,0.0017513950588181615,0.0006967114750295877,3.0221549423004035e-06,1.2106747817597352e-06,1.8999454823642736e-05,0.2021855227649212,0.009239325547241606,0.09449506681024407
522,1.703356019788771e-06,0.015017252415418625,0.0006952099502086639,0.27916252613067627,0.07329586148262024,0.31908121705055237,4.947324487147853e-05,5.888005603083002e-07,1.422514174009848e-06,0.017177514731884003,0.00621035834774375,0.24363002181053162,0.25687375664711,0.03695663437247276,0.10538014769554138,0.09115149825811386,0.02565329521894455,0.027897335588932037,0.026314323768019676,0.20146986842155457,0.04939728602766991,0.032892923802137375,0.06327684968709946,0.0001045928438543342,0.005161567125469446,0.14522908627986908,0.0003062147297896445,0.006955381482839584,0.017005568370223045,0.00020750329713337123,0.00021348698646761477,0.0003858346026390791,0.014441024512052536,0.0039637344889342785,0.007511531002819538,0.028975462540984154,0.026010051369667053,0.0014554981607943773,0.20370720326900482,0.00026545344735495746,0.03501415625214577,0.017340177670121193,0.004517422057688236,0.012633314356207848,2.8848891815869138e-05,7.881254532549065e-06,0.0002579213469289243,0.0007112533203326166,0.0011683806078508496,0.00041058994247578084,2.530426399971475e-06,1.0265188166158623e-06,1.83650731742091e-05,0.21219580620527267,0.007856231182813644,0.09325394923992765
525,2.177924216084648e-06,0.013602027669548988,0.0006739612435922027,0.270033597946167,0.0672178715467453,0.3210929334163666,9.812017378862947e-05,9.839959602686577e-07,1.1402364634705009e-06,0.020599277690052986,0.007234760094434023,0.1885029822587967,0.2085755169391632,0.028250575065612793,0.1321192979812622,0.12024148553609848,0.01806262508034706,0.035074926912784576,0.03407483920454979,0.25562989711761475,0.05896763876080513,0.024401526898145676,0.05041009932756424,0.00014053197810426354,0.0034239713568240404,0.1957874894142151,0.0002817553759086877,0.0073133534751832485,0.007936909794807434,0.0002735461457632482,0.0020358001347631216,0.002406822284683585,0.0050930846482515335,0.0011782520450651646,0.01466386765241623,0.04858596622943878,0.0742710679769516,0.00438652653247118,0.019482018426060677,0.0003137875464744866,0.029887698590755463,0.0099661098793149,0.007394874934107065,0.02154454216361046,0.00022248504683375359,6.214098539203405e-05,0.002466256497427821,0.001238372060470283,0.004635963123291731,0.0023106313310563564,2.198098172812024e-06,1.6059232166298898e-06,0.00014231301611289382,0.23291054368019104,0.0071379944565705955,0.09149207345520456
528,3.3053604511223966e-06,0.014259965158998966,0.0004113293834961951,0.2732613980770111,0.05667954683303833,0.40836670994758606,0.00017434853361919522,1.1274026974206208e-06,1.4877938383506262e-06,0.020051265135407448,0.005691584665328264,0.19996006786823273,0.21808016300201416,0.018338104709982872,0.16738899052143097,0.1621098667383194,0.015624701045453548,0.03591647371649742,0.031121939420700073,0.2638496160507202,0.04541240632534027,0.028505396097898483,0.058700285851955414,0.00018840920529328287,0.003101878333836794,0.20254968106746674,0.0002634073025546968,0.006561377085745335,0.011166788637638092,0.000234874794841744,0.004208861384540796,0.0051954323425889015,0.003209915943443775,0.0017571754287928343,0.02097601257264614,0.07563228160142899,0.12034531682729721,0.005690418649464846,0.006770475301891565,0.00015903076564427465,0.029610076919198036,0.01031653955578804,0.010266819037497044,0.03422168642282486,0.000556154060177505,0.00014376387116499245,0.004299851134419441,0.002170598367229104,0.015261614695191383,0.007120336871594191,2.6292902930435957e-06,2.439987383695552e-06,0.00034995896567124873,0.23790553957223892,0.007335647271247581,0.09422189726804693
531,2.7355883958080085e-06,0.012760660611093044,0.0009357392555102706,0.22696973383426666,0.06958130747079849,0.35982540249824524,0.0001434366131434217,1.1300475080133765e-06,1.4757483768335078e-06,0.02322617545723915,0.005331262014806271,0.2121845930814743,0.22957316040992737,0.021930202841758728,0.14340411126613617,0.13611800968647003,0.018060950562357903,0.032893359661102295,0.03026600368320942,0.2622663378715515,0.048080042004585266,0.023716049268841743,0.06394699215888977,0.00017118098912760615,0.002218046924099326,0.20127646625041962,0.00035277882125228643,0.0074912491254508495,0.009174748323857784,0.0002344007370993495,0.004343188833445311,0.005699739791452885,0.003412843681871891,0.0011966611491516232,0.019258977845311165,0.06331584602594376,0.10130919516086578,0.005754572339355946,0.008463427424430847,0.0002087395405396819,0.028513798490166664,0.009023490361869335,0.007985327392816544,0.025380829349160194,0.0004253692750353366,0.00011975286179222167,0.003787326393648982,0.002352513140067458,0.007993779145181179,0.003613887121900916,2.3347918158833636e-06,2.5185186132148374e-06,0.00027256106841377914,0.21412310004234314,0.0068481999333016574,0.07900422081972162
534,2.4903954454202903e-06,0.004647986032068729,0.00035451119765639305,0.33471524715423584,0.13196569681167603,0.44170206785202026,0.00013718148693442345,1.183694735118479e-06,1.1412297453716747e-06,0.03184181824326515,0.007230856455862522,0.18174749612808228,0.2085067480802536,0.01403607614338398,0.1887158900499344,0.1756983995437622,0.016555646434426308,0.04020553082227707,0.035342421382665634,0.3062235116958618,0.05054238811135292,0.017194043844938278,0.05190950259566307,0.00018150270625483245,0.0014975271187722683,0.2236798107624054,0.0004794496635440737,0.012661957181990147,0.007685407530516386,0.00042947963811457157,0.003009720938280225,0.004019947722554207,0.003836427116766572,0.0007364755147136748,0.013858265243470669,0.038590412586927414,0.09957659989595413,0.008297266438603401,0.008101883344352245,0.00039730718708597124,0.02197440154850483,0.007707296870648861,0.006500486750155687,0.017543107271194458,0.0006738363299518824,0.00024789306917227805,0.003223935142159462,0.0030107530765235424,0.00434532156214118,0.0023416057229042053,1.954373374246643e-06,2.109449724230217e-06,0.0004608646995620802,0.2791975289583206,0.0025012486148625612,0.11391497193835676
537,2.3396773940476123e-06,0.004996676929295063,0.000554304220713675,0.31042060256004333,0.13460153341293335,0.42178988456726074,0.00011673742847051471,1.1128154255857226e-06,1.0707171895774081e-06,0.03149563446640968,0.0078798932954669,0.17666906118392944,0.2044762521982193,0.010847920551896095,0.2265368103981018,0.21194066107273102,0.013010470196604729,0.03926481306552887,0.03598371893167496,0.2978498339653015,0.05965426191687584,0.016334962099790573,0.047867145389318466,0.00014492191257886589,0.0015754761407151818,0.23969028890132904,0.0005510667688213289,0.012526770122349262,0.00607267627492547,0.0004361268656793982,0.0031432979740202427,0.003920191898941994,0.003252232912927866,0.0006429265486076474,0.01107877679169178,0.030148915946483612,0.09018189460039139,0.007636400870978832,0.008978955447673798,0.00047523874673061073,0.022509492933750153,0.008548949845135212,0.007885767146945,0.017204536125063896,0.0004269377386663109,0.00015189306577667594,0.0030669604893773794,0.002180131385102868,0.003222724888473749,0.0018442519940435886,1.8571855662230519e-06,2.0032894099131227e-06,0.0002894154022214934,0.2750554457306862,0.002775490575004369,0.10582803081100185
540,1.65146911967895e-06,0.003997059538960457,0.00040335889207199216,0.403898149728775,0.1320274919271469,0.4076647162437439,7.49485770938918e-05,9.482789664616575e-07,1.0209840866082232e-06,0.026855675503611565,0.00758734904229641,0.12915712594985962,0.1592845469713211,0.013828196562826633,0.21131670475006104,0.20855160057544708,0.01070548314601183,0.05314285308122635,0.050435516983270645,0.34935250878334045,0.05983152985572815,0.020848317071795464,0.05112757533788681,0.0001023965742206201,0.0033231100533157587,0.285626083612442,0.0006545023061335087,0.008704404346644878,0.0047369045205414295,0.00027855500229634345,0.0013943525264039636,0.0019955493044108152,0.006237389054149389,0.0007422659546136856,0.010762502439320087,0.029706628993153572,0.035024821758270264,0.0031989722047001123,0.03810172528028488,0.0005840614903718233,0.01629672944545746,0.010540991090238094,0.005048788618296385,0.014860870316624641,9.182711073663086e-05,3.411826764931902e-05,0.001118961488828063,0.0016218858072534204,0.0016855900175869465,0.000946659769397229,2.8321942409093026e-06,1.3788269370706985e-06,6.297268919297494e-05,0.3447621166706085,0.0022002092155162245,0.1357626838531966
543,2.300782853126293e-06,0.012524287216365337,0.0003148438117932528,0.30592647194862366,0.058474063873291016,0.4296201467514038,9.055941336555406e-05,8.802031175036973e-07,8.614407533968915e-07,0.04417997971177101,0.009006582200527191,0.10628044605255127,0.13268981873989105,0.012174878269433975,0.22433261573314667,0.21990492939949036,0.011119022965431213,0.06318015605211258,0.06187905743718147,0.47405892610549927,0.06567125022411346,0.01364094763994217,0.03903705254197121,9.5093906566035e-05,0.0032369785476475954,0.27765873074531555,0.0006233039894141257,0.010213873349130154,0.007073084823787212,0.0002840606903191656,0.001069508958607912,0.0013940285425633192,0.005213840398937464,0.0007816788856871426,0.00911758653819561,0.02808620221912861,0.05766661465167999,0.00345447170548141,0.03302180767059326,0.0006220610230229795,0.018545499071478844,0.010647617280483246,0.007552746683359146,0.015454713255167007,0.00011754110164474696,3.559587639756501e-05,0.0012295604683458805,0.0011108211474493146,0.0020294063724577427,0.0010251947678625584,2.5610404463805025e-06,1.383378958053072e-06,7.656848902115598e-05,0.2917926013469696,0.006419565514079295,0.1027966698165983
546,9.188713647745317e-07,0.012802711687982082,0.003782994346693158,0.19476653635501862,0.140316903591156,0.29536592960357666,1.7786556782084517e-05,3.067991372063261e-07,9.403997864865232e-07,0.012316843494772911,0.008542202413082123,0.09334583580493927,0.11270610988140106,0.038764383643865585,0.10681797564029694,0.10100091248750687,0.025973597541451454,0.07991233468055725,0.06987479329109192,0.2369917333126068,0.08985912799835205,0.049313656985759735,0.07169318944215775,5.6336317356908694e-05,0.0027668694965541363,0.08662682771682739,0.0011217084247618914,0.011426636017858982,0.028193669393658638,0.0005166240152902901,3.831125468423124e-06,1.0463734724908136e-05,0.04895489662885666,0.008537659421563148,0.002406453713774681,0.006383991334587336,0.0025585528928786516,0.00040261304820887744,0.9735406041145325,0.0010735149262472987,0.04051676020026207,0.04514392837882042,0.0018879162380471826,0.001545456238090992,5.700264296137902e-07,2.132208294369775e-07,6.044663223292446e-06,0.00015286945563275367,3.852753798128106e-05,9.79016567725921e-06,2.8199742700962815e-06,2.917612391684088e-07,3.916236295253839e-07,0.140696682035923,0.00829285301733762,0.06492694373840398
549,4.20944843426696e-06,0.061820726841688156,0.007187691051512957,0.0889781042933464,0.03895888477563858,0.1966761201620102,5.321647768141702e-05,9.744129556565895e-07,3.1723654956294922e-06,0.005865502171218395,0.00236857240088284,0.12810686230659485,0.1449098289012909,0.04220668226480484,0.08749713003635406,0.07116218656301498,0.027713490650057793,0.04815417155623436,0.05304435268044472,0.12222077697515488,0.038437262177467346,0.07292663305997849,0.12280689179897308,6.993149145273492e-05,0.0073104603216052055,0.2987690269947052,0.0007039773627184331,0.006486781872808933,0.015697717666625977,0.00012917687126901,0.0012807503808289766,0.002763239201158285,0.010539046488702297,0.003000569064170122,0.009451385587453842,0.04362977296113968,0.018481506034731865,0.0011740358313545585,0.2517938017845154,0.00020862453675363213,0.0545545257627964,0.013774152845144272,0.01683594472706318,0.02600087784230709,9.585822226654273e-06,2.73594059763127e-06,0.00020719724125228822,0.0013901732163503766,0.0018701774533838034,0.0006201444775797427,3.2992793421726674e-06,2.3563638933410402e-06,6.160881412142771e-06,0.1938735656440258,0.034504208946600556,0.031007364625111222
552,4.2309320633648895e-06,0.04316554591059685,0.0014802395598962903,0.11477883905172348,0.040752217173576355,0.30323514342308044,9.207375842379406e-05,1.0126332199433818e-06,1.8513765098759905e-06,0.013736827298998833,0.0034696729853749275,0.15257877111434937,0.172374427318573,0.02950744889676571,0.12001582980155945,0.10878447443246841,0.018630243837833405,0.0415395125746727,0.04347418621182442,0.19189655780792236,0.04181686043739319,0.03719957172870636,0.0797881931066513,0.00010625536378938705,0.002046221401542425,0.26941969990730286,0.0006918474100530148,0.009908555075526237,0.01931966282427311,0.000166080761118792,0.001234864816069603,0.00262324302457273,0.008797829039394855,0.0024640511255711317,0.010921471752226353,0.05235794931650162,0.041227787733078,0.002520955167710781,0.068304143846035,0.00019494746811687946,0.02850586548447609,0.007408566307276487,0.01028816495090723,0.029316339641809464,0.00012122230691602454,4.254157465766184e-05,0.0005494823562912643,0.0031181727536022663,0.007726783864200115,0.0027835669461637735,2.7261787636234658e-06,2.247095380880637e-06,8.188194078684319e-05,0.19209926947951317,0.02232289273524657,0.03954564896412194
555,2.499021775292931e-06,0.0628204420208931,0.004987830761820078,0.11300905793905258,0.03650379180908203,0.18428680300712585,4.371076647657901e-05,5.405389629231649e-07,1.8546597857493907e-06,0.017832521349191666,0.006187894847244024,0.13480710983276367,0.15648864209651947,0.037775903940200806,0.09843222051858902,0.08806977421045303,0.025473391637206078,0.04767998680472374,0.04826844856142998,0.24744229018688202,0.06512638926506042,0.031997326761484146,0.06223535165190697,0.00011245511996094137,0.004788931459188461,0.12766139209270477,0.0003476406564004719,0.006008358672261238,0.037322998046875,0.00012473826063796878,0.00011952299246331677,0.0003311586333438754,0.02347763255238533,0.004341964144259691,0.008526744320988655,0.04050518944859505,0.018514540046453476,0.0007475632592104375,0.4339827299118042,0.00027500130818225443,0.029199663549661636,0.016982555389404297,0.0034308854956179857,0.010261979885399342,1.2943142792209983e-05,3.4105758004443487e-06,8.244862692663446e-05,0.001041159383021295,0.0011554262600839138,0.00028765047318302095,3.83266751668998e-06,1.4790805380471284e-06,8.176859296327166e-06,0.12033522501587868,0.03390413639135659,0.03781991318828659
558,1.526929509054753e-06,0.02389630302786827,0.0005221405299380422,0.18382807075977325,0.08268328756093979,0.4466632306575775,2.1809522877447307e-05,4.963733886143018e-07,1.0139045798496227e-06,0.014736441895365715,0.005125622730702162,0.1759040802717209,0.20174448192119598,0.0666981190443039,0.07797463983297348,0.05819935351610184,0.03625813499093056,0.039217542856931686,0.03313352167606354,0.17865197360515594,0.041136857122182846,0.044329360127449036,0.08836985379457474,4.35600959463045e-05,0.002407748717814684,0.05363187938928604,0.0004919056664220989,0.005453780293464661,0.015991121530532837,0.00024992405087687075,8.539217378711328e-05,0.00020440533990040421,0.01172077190130949,0.003445104928687215,0.002563296817243099,0.008685125038027763,0.00879337266087532,0.0009216004982590675,0.8355474472045898,0.0009598018368706107,0.07707303762435913,0.02295154333114624,0.012319541536271572,0.007601652294397354,1.451467596780276e-06,4.77145079003094e-07,2.9153221476008184e-05,0.00036354034091345966,0.00016220843826886266,5.1502345741027966e-05,3.587284027162241e-06,5.201929411668971e-07,9.64306337891685e-07,0.11872997507452965,0.012209221778903157,0.06137262275782026
561,2.082209448417416e-06,0.043292634189128876,0.0003274365735705942,0.181245356798172,0.04306110739707947,0.4745856821537018,3.141808701911941e-05,5.71196949294972e-07,1.1606141470110742e-06,0.022616297006607056,0.0056285918690264225,0.1429825723171234,0.17660336196422577,0.02438531070947647,0.1557452231645584,0.15050210058689117,0.015264919959008694,0.047055684030056,0.04391275346279144,0.2862221300601959,0.03524162992835045,0.03227788954973221,0.07626013457775116,5.502679414348677e-05,0.0027464241720736027,0.03183489665389061,0.00019955266907345504,0.0023096429649740458,0.009183400310575962,0.00012943924230057746,0.0010289977071806788,0.001876301714219153,0.005470918957144022,0.003177148289978504,0.0034761501010507345,0.013738016597926617,0.023620780557394028,0.0013895174488425255,0.4361249804496765,0.0003863224701490253,0.06135667860507965,0.01085536740720272,0.018010005354881287,0.01227246131747961,6.660351573373191e-06,1.6695483964213054e-06,0.00022359643480740488,0.0008885724237188697,0.0003018351271748543,0.0001102074165828526,5.277786840451881e-06,9.338070299236279e-07,4.164949984897248e-06,0.1065401267260313,0.021810035381349735,0.06138355207319061
564,1.8233342871099012e-06,0.04014398530125618,0.0006704067345708609,0.1566045731306076,0.04929516091942787,0.42857077717781067,1.5775594874867238e-05,2.73297615649426e-07,9.386105261910416e-07,0.024372365325689316,0.0069088381715118885,0.1613926738500595,0.19413188099861145,0.028329143300652504,0.14801859855651855,0.14432986080646515,0.01588653400540352,0.04421231150627136,0.040113415569067,0.2544575035572052,0.04512132331728935,0.029575007036328316,0.06623038649559021,2.5981007638620213e-05,0.0014820803189650178,0.010346539318561554,8.953390351962298e-05,0.001756147714331746,0.023104051128029823,0.00037560181226581335,0.0005216099671088159,0.0010920314816758037,0.0006738972733728588,0.002604082925245166,0.0005055719520896673,0.0017084251157939434,0.09352844208478928,0.004854060709476471,0.19189117848873138,0.0008102406864054501,0.07940622419118881,0.01128353551030159,0.05369384214282036,0.004908285569399595,1.4787936379434541e-05,3.6290709886088734e-06,0.00019466329831629992,0.0008396655321121216,5.134703314979561e-05,1.687719122855924e-05,3.6896421988785733e-06,5.933445095251955e-07,9.208503684021707e-06,0.08347555622458458,0.02040719601791352,0.05273940485979741
567,1.8925026097349473e-06,0.024392612278461456,0.0003886229242198169,0.17172881960868835,0.06924549490213394,0.4905768632888794,1.4920286048436537e-05,3.7028786437076633e-07,9.624454833101481e-07,0.020961204543709755,0.005090970546007156,0.1422829031944275,0.16676540672779083,0.043649546802043915,0.0940680131316185,0.08287189900875092,0.03364412859082222,0.04976755753159523,0.05023490637540817,0.24278536438941956,0.050378549844026566,0.03094608150422573,0.07867696136236191,5.249285095487721e-05,0.0009479987784288824,0.004430020228028297,5.234922718955204e-05,0.001333878142759204,0.025461306795477867,0.00013676915841642767,0.0005474992212839425,0.0013769023353233933,0.003575896378606558,0.0029532250482589006,0.00041840222547762096,0.002228653756901622,0.0378110334277153,0.00142996187787503,0.4587661325931549,0.0006786440499126911,0.01635761186480522,0.001630855374969542,0.019630908966064453,0.010056138038635254,5.820400110678747e-05,1.5694833564339206e-05,0.00030768115539103746,0.0027843464631587267,0.0002835130726452917,7.525186811108142e-05,5.711240191885736e-06,6.487860559900582e-07,3.694941733556334e-05,0.08807941991835833,0.012390617601340637,0.05788440705509856
570,1.4507950254483148e-06,0.008630002848803997,0.0004017873725388199,0.31350550055503845,0.13306090235710144,0.4157370924949646,1.581391188665293e-05,5.744396389673057e-07,1.0783595598695683e-06,0.01960037276148796,0.007323535159230232,0.12390182167291641,0.14687639474868774,0.03674384206533432,0.12373611330986023,0.11078665405511856,0.02078801766037941,0.055609673261642456,0.05787951871752739,0.24738028645515442,0.05644921958446503,0.03267759084701538,0.06960471719503403,5.20569046784658e-05,0.0018881092546507716,0.01949012652039528,0.0001697482366580516,0.0038531776517629623,0.008316230960190296,8.895309292711318e-05,0.0004030133713968098,0.0007957079797051847,0.012467986904084682,0.002431177766993642,0.0010186313884332776,0.004198526497930288,0.014824007637798786,0.0006533194100484252,0.7512775659561157,0.001015866524539888,0.022987449541687965,0.005213033873587847,0.010958082973957062,0.008319763466715813,1.0172860129387118e-05,2.5590970835764892e-06,0.0002764911623671651,0.0009484057663939893,0.00017901275714393705,6.442765879910439e-05,5.1019405873375945e-06,5.185944473851123e-07,6.365978606481804e-06,0.16649781353771687,0.0045158951106714085,0.10490140730204682
573,3.4463096199033316e-06,0.03647680953145027,0.0008660300518386066,0.14903002977371216,0.04223546385765076,0.3411681056022644,5.96029385633301e-05,9.016953299578745e-07,1.2808277460862882e-06,0.04392566904425621,0.009629394859075546,0.11532609909772873,0.14635351300239563,0.014930042438209057,0.17884640395641327,0.17519572377204895,0.01562078483402729,0.05772504210472107,0.0553174689412117,0.45593583583831787,0.06352724879980087,0.015853649005293846,0.03912007436156273,6.702146492898464e-05,0.0047915843315422535,0.2544555366039276,0.0006622526561841369,0.013454464264214039,0.01604628935456276,0.00014692556578665972,0.0004445665399543941,0.0008517639944329858,0.016892069950699806,0.0022482064086943865,0.004524407908320427,0.020004546269774437,0.022705571725964546,0.0009046248160302639,0.35510051250457764,0.00042678372119553387,0.03616709262132645,0.012194965966045856,0.01060725748538971,0.014647843316197395,1.5717645510449074e-05,3.7786307984788436e-06,0.00022215883655007929,0.0007721110596321523,0.0008697956800460815,0.00029532599728554487,2.8726028631353984e-06,1.5225265315166325e-06,9.748138154463959e-06,0.20174278318881989,0.01867141979164444,0.05010878676936651
576,2.005109081437695e-06,0.02000856027007103,0.000307206908473745,0.2628633975982666,0.07792247831821442,0.425561785697937,4.0802417061058804e-05,9.608158961782465e-07,1.4454669781116536e-06,0.018492430448532104,0.004259634763002396,0.16221028566360474,0.19016575813293457,0.02542930841445923,0.1476939469575882,0.1370326429605484,0.015575464814901352,0.04017513990402222,0.0405806228518486,0.24135896563529968,0.04102766141295433,0.03539373353123665,0.10584961622953415,6.903428584337234e-05,0.004050652030855417,0.11930989474058151,0.00046349273179657757,0.005691959522664547,0.009365325793623924,0.00010613151971483603,0.0005978717235848308,0.0011317110620439053,0.016862154006958008,0.0013897245517000556,0.0069031803868710995,0.03167698159813881,0.015815697610378265,0.0006212081643752754,0.6277461051940918,0.0010149512672796845,0.04857603460550308,0.015026762150228024,0.008501249365508556,0.013967722654342651,4.984311090083793e-06,1.1487400115584023e-06,0.00019168482685927302,0.0006182850920595229,0.0005051773623563349,0.00020105937437620014,4.778760285262251e-06,1.0869313200601027e-06,3.0665255508210976e-06,0.19108664616942406,0.010157883589272387,0.08819766012796511
579,2.1140233457117574e-06,0.006860554683953524,0.0003971582045778632,0.31337088346481323,0.16648729145526886,0.41106054186820984,3.449939322308637e-05,1.0657720395101933e-06,1.4163658761390252e-06,0.02502306178212166,0.006669865921139717,0.1837022453546524,0.21316248178482056,0.016565874218940735,0.17104102671146393,0.1684025228023529,0.01720728725194931,0.03834567219018936,0.03590872138738632,0.2836773693561554,0.05927831307053566,0.02676611952483654,0.0777493268251419,4.815010106540285e-05,0.004132344853132963,0.2075653076171875,0.0008868457516655326,0.011818832717835903,0.009319046512246132,0.00014129301416687667,0.0003715568454936147,0.0008251313702203333,0.01629568822681904,0.002480395371094346,0.003336352063342929,0.012570291757583618,0.00899234414100647,0.0006148741231299937,0.7210363149642944,0.0007289682980626822,0.08179263770580292,0.029160361737012863,0.015110094100236893,0.012462223879992962,1.6028660638767178e-06,4.2414777112753654e-07,7.160682434914634e-05,0.00047015820746310055,0.00029320394969545305,0.00011439138324931264,2.9572893254226074e-06,9.816836836762377e-07,1.0135069175021272e-06,0.26046809554100037,0.0036288564442656934,0.10485585722684239
582,1.98848829313647e-06,0.0023454073816537857,0.00039908336475491524,0.4291338622570038,0.20406155288219452,0.3813602924346924,4.433705908013508e-05,1.3554698625739547e-06,1.4119382285571191e-06,0.019726447761058807,0.010188797488808632,0.175968199968338,0.19850049912929535,0.028922265395522118,0.14279639720916748,0.12830370664596558,0.015345297753810883,0.03949153423309326,0.03773532062768936,0.2585303783416748,0.07890822738409042,0.029940389096736908,0.04801986739039421,5.104414594825357e-05,0.005027745850384235,0.310491144657135,0.0009708261350169778,0.010008323937654495,0.005862236488610506,0.00023452234745491296,0.0017935445066541433,0.0028839099686592817,0.005567555781453848,0.0018812365597113967,0.005083950702100992,0.01754900813102722,0.02008816786110401,0.002030280651524663,0.22858385741710663,0.00042411129106767476,0.06784883141517639,0.014288338832557201,0.032509543001651764,0.018531519919633865,7.310651199077256e-06,2.0705720089608803e-06,0.0003355671069584787,0.0007661101990379393,0.000773400126490742,0.0003518415614962578,2.868624960683519e-06,1.0158220220546355e-06,4.690611604019068e-06,0.3698125034570694,0.0013722453732043505,0.14460377224410573
585,3.342205673106946e-06,0.002966177649796009,0.00047223037108778954,0.422134131193161,0.18807849287986755,0.3897400498390198,6.682203093077987e-05,2.563004500188981e-06,1.4022976984051638e-06,0.031585730612277985,0.00892498530447483,0.14387163519859314,0.1695246547460556,0.017306556925177574,0.1896812617778778,0.18233457207679749,0.010830758139491081,0.04528946056962013,0.04703938588500023,0.33925533294677734,0.05779477208852768,0.019406193867325783,0.048449743539094925,5.1113944209646434e-05,0.00238340487703681,0.31369027495384216,0.0012999128084629774,0.008247794583439827,0.0033298286143690348,0.00018462711886968464,0.013433335348963737,0.02042081393301487,0.003467757720500231,0.0004348445509094745,0.006545454263687134,0.02127395197749138,0.03032761812210083,0.0027050585485994816,0.08757518231868744,0.0010850338730961084,0.05991317704319954,0.007918496616184711,0.06102648377418518,0.0504302904009819,2.178227441618219e-05,6.967350600461941e-06,0.0012022244045510888,0.0020475510973483324,0.003175589954480529,0.0017690361710265279,4.1750258787942585e-06,2.0223776573402574e-06,1.4374812508322066e-05,0.3679122030735016,0.0017192040104418993,0.1519960934917132
588,3.4146048619732028e-06,0.0034600363578647375,0.0004446894454304129,0.4314630627632141,0.16504719853401184,0.36618366837501526,6.866196781629696e-05,2.4186085738620022e-06,1.4813081179454457e-06,0.0272198598831892,0.009567415341734886,0.15709169209003448,0.17661358416080475,0.021547267213463783,0.15378397703170776,0.14023245871067047,0.015382744371891022,0.0396653413772583,0.045694105327129364,0.2729482352733612,0.0756707414984703,0.0207185298204422,0.047264017164707184,6.116019358159974e-05,0.0021716768387705088,0.29396358132362366,0.0011128510814160109,0.008059406653046608,0.004202868789434433,0.00016751038492657244,0.012405836954712868,0.01844741590321064,0.0029178468976169825,0.0005047336453571916,0.007087191101163626,0.025642240419983864,0.038820113986730576,0.002687462605535984,0.06463993340730667,0.0008162517915479839,0.06356631219387054,0.008591591380536556,0.05257818102836609,0.04524794593453407,2.8454289349610917e-05,8.559356501791626e-06,0.0014365509850904346,0.002063110703602433,0.003970468882471323,0.0020252387039363384,3.4171655443060445e-06,1.9869432890118333e-06,1.8506822925701272e-05,0.3627133220434189,0.0019523629016475752,0.1541054385403792
591,3.3322758099529892e-06,0.0025448754895478487,0.0005999496788717806,0.4702194631099701,0.16367122530937195,0.306550532579422,6.22078005108051e-05,2.9390166673692875e-06,1.3751407550444128e-06,0.01787574216723442,0.0075277723371982574,0.17346630990505219,0.18624131381511688,0.029469717293977737,0.12188054621219635,0.1013539582490921,0.02171194553375244,0.038534220308065414,0.04341338574886322,0.24404610693454742,0.08182992041110992,0.026941761374473572,0.060569725930690765,5.620067531708628e-05,0.001414995756931603,0.29661625623703003,0.0012927067000418901,0.011921221390366554,0.0034281702246516943,0.0002563271264079958,0.014003085903823376,0.01910264417529106,0.0025176480412483215,0.00026022986276075244,0.004682307131588459,0.014324710704386234,0.0427282452583313,0.003651208011433482,0.04704230651259422,0.0017334000440314412,0.05959625169634819,0.006909459829330444,0.058805160224437714,0.04095873609185219,5.069521284895018e-05,1.6999327272060327e-05,0.0021117718424648046,0.0022562933154404163,0.0036705804523080587,0.0018854737281799316,2.28909789257159e-06,1.816925646380696e-06,3.384727006050525e-05,0.38341785967350006,0.0015724125842098147,0.1677750643963615
594,2.4245969143521506e-06,0.0011665842030197382,0.0002547191979829222,0.5611783266067505,0.25086861848831177,0.3845880627632141,4.054563760291785e-05,2.543830987633555e-06,1.203267629534821e-06,0.01441649068146944,0.008895406499505043,0.16219820082187653,0.17828811705112457,0.053561970591545105,0.0843166634440422,0.06213052570819855,0.033049166202545166,0.043173979967832565,0.04555578529834747,0.231693834066391,0.09522466361522675,0.03353342413902283,0.053671129047870636,4.713169619208202e-05,0.0021505062468349934,0.27176031470298767,0.0011464215349406004,0.012556360103189945,0.002437749644741416,0.000314519798848778,0.004429568070918322,0.005995878484100103,0.004529334604740143,0.000255398394074291,0.003911285195499659,0.0110533582046628,0.023992102593183517,0.003224192885681987,0.12087175995111465,0.0030207671225070953,0.06125423312187195,0.008639226667582989,0.04439714550971985,0.028541158884763718,2.0316052541602403e-05,7.890022970968857e-06,0.0008648521034047008,0.0014971023192629218,0.0015037860721349716,0.0008990159840323031,2.1282260149746435e-06,1.0957623999274801e-06,1.410303775628563e-05,0.4164693206548691,0.0007106517005013302,0.19053459105392298
597,3.1991376090445556e-06,0.0021829442121088505,0.0002671492111403495,0.4771202802658081,0.21263937652111053,0.4243883490562439,5.2242205129005015e-05,2.581530452516745e-06,1.2489092569012428e-06,0.02513398602604866,0.01004071719944477,0.1587531417608261,0.1829332560300827,0.015434680506587029,0.2127174437046051,0.20650869607925415,0.009419617243111134,0.04050775617361069,0.04341087490320206,0.2919498383998871,0.0777508094906807,0.021540211513638496,0.04684817045927048,3.802673381869681e-05,0.0032187479082494974,0.2900759279727936,0.0009602362988516688,0.010268035344779491,0.002776527777314186,0.00022573015303350985,0.01025691069662571,0.012470278888940811,0.0027195557486265898,0.0005669189849868417,0.003682997776195407,0.011016464792191982,0.032115910202264786,0.002626210218295455,0.10317401587963104,0.00118751369882375,0.08229722827672958,0.010112405754625797,0.10357705503702164,0.055211443454027176,1.5584684661007486e-05,4.235436790622771e-06,0.0013312763767316937,0.0009638906922191381,0.002399170771241188,0.001375894178636372,2.951248688987107e-06,1.3694243534700945e-06,9.910060725815129e-06,0.38359810411930084,0.0012250467116246,0.16661582328379154
600,2.8379774903442012e-06,0.006962483283132315,0.0006506937788799405,0.27437832951545715,0.13964326679706573,0.36553889513015747,3.239704528823495e-05,1.667973037910997e-06,1.2903551578347106e-06,0.011224274523556232,0.005094895139336586,0.2331198900938034,0.2522304654121399,0.026402974501252174,0.1722605973482132,0.15515349805355072,0.0106598399579525,0.028776615858078003,0.02375028468668461,0.15943528711795807,0.03588509187102318,0.044187281280756,0.079539455473423,3.0411694751819596e-05,0.0027926750481128693,0.2337867170572281,0.001252850517630577,0.014016515575349331,0.0030413062777370214,0.0002625726046971977,0.0027166244108229876,0.0037011567037552595,0.005795611999928951,0.0006667543784715235,0.0022920642513781786,0.006457032170146704,0.019979750737547874,0.0017486338037997484,0.3066950738430023,0.0020202575251460075,0.10055619478225708,0.01624934934079647,0.06367535144090652,0.03604608774185181,5.960389444226166e-06,1.7487624290879467e-06,0.00039606745122000575,0.0005483650602400303,0.0006712643662467599,0.00036579862353391945,2.5530516722938046e-06,1.0086968131872709e-06,3.8545759366570564e-06,0.2540825232863426,0.0038065885310061276,0.09359870354334514
603,4.009924850834068e-06,0.008027262054383755,0.0006325157009996474,0.27923688292503357,0.1297924667596817,0.360509991645813,3.2689673389540985e-05,2.1563148493441986e-06,1.624286028345523e-06,0.012220376171171665,0.0060236332938075066,0.2231966257095337,0.24401408433914185,0.03016655705869198,0.1528269201517105,0.13096965849399567,0.013622449710965157,0.02949104830622673,0.026280352845788002,0.16666674613952637,0.04055256024003029,0.042266491800546646,0.07524596154689789,2.7784963094745763e-05,0.002427734900265932,0.2528156638145447,0.0017366951797157526,0.014075763523578644,0.003110049059614539,0.00014795467723160982,0.006153692025691271,0.0099195446819067,0.004680158570408821,0.0007093881140463054,0.0020054758060723543,0.006341264583170414,0.019723547622561455,0.0014195545809343457,0.3377189040184021,0.001665917574428022,0.12809519469738007,0.020332293584942818,0.09943456202745438,0.04425649717450142,3.4508250337239588e-06,9.451190408071852e-07,0.0003768517926800996,0.0008707663509994745,0.0006651632720604539,0.0003119557804893702,3.2194357117987238e-06,1.4248087154555833e-06,2.197972037265572e-06,0.2660262733697891,0.004329888877691701,0.09843670654421051
606,3.430216338529135e-06,0.0067008924670517445,0.0004949062713421881,0.2885611653327942,0.14159086346626282,0.3965350091457367,3.959608875447884e-05,2.2534088657266693e-06,1.395874619447568e-06,0.011989127844572067,0.0063294111751019955,0.24529923498630524,0.26643913984298706,0.03028108738362789,0.16457389295101166,0.14026305079460144,0.01164051704108715,0.026349879801273346,0.0225579421967268,0.16282673180103302,0.03462062403559685,0.0419369712471962,0.0695633590221405,3.0549043003702536e-05,0.0035280303563922644,0.2704160511493683,0.0011970612686127424,0.013135770335793495,0.0018430568743497133,0.00019891306874342263,0.01733819581568241,0.020298052579164505,0.003181775799021125,0.0006750318570993841,0.00260447571054101,0.006336699705570936,0.02444699965417385,0.0022117597982287407,0.15925736725330353,0.0011920372489839792,0.10699289292097092,0.014839251525700092,0.10311023145914078,0.05294148623943329,7.922398253867868e-06,2.1464443307195324e-06,0.0013038204051554203,0.0007940650102682412,0.000828517135232687,0.0004785875207744539,3.0693745429744013e-06,1.472168037253141e-06,5.0344212922937e-06,0.27948860824108124,0.0035978993691969663,0.10873247124254704
609,3.1990216484700795e-06,0.002614341676235199,0.00034573295852169394,0.3495922386646271,0.22308233380317688,0.46658894419670105,4.909078052151017e-05,2.6072198124893475e-06,1.4461012369793025e-06,0.012188615277409554,0.008671149611473083,0.2306908518075943,0.2547854483127594,0.031007610261440277,0.1568378359079361,0.13615913689136505,0.01289081759750843,0.029153915122151375,0.0232952069491148,0.1663389503955841,0.039655398577451706,0.039673104882240295,0.055267199873924255,3.2960131647996604e-05,0.003764628665521741,0.3054717481136322,0.0014014648040756583,0.01139748003333807,0.00175548589322716,0.0002886182628571987,0.020294837653636932,0.020452165976166725,0.002648860216140747,0.0004379082238301635,0.003415587591007352,0.008070778101682663,0.03447572514414787,0.0032247172202914953,0.09404422342777252,0.0017416367772966623,0.11032911390066147,0.01499667577445507,0.1285618245601654,0.06321664154529572,1.1963158613070846e-05,3.1931115245242836e-06,0.001957881497219205,0.0007246973109431565,0.0011403533862903714,0.0007348476792685688,3.2121920412464533e-06,1.4177496723277727e-06,7.578135068797565e-06,0.32753199338912964,0.0014800373173784465,0.13011308076481023
612,3.039694320250419e-06,0.0013039279729127884,0.00017242137982975692,0.46246376633644104,0.33223211765289307,0.561092734336853,4.3339245166862383e-05,2.7242790565651376e-06,1.6842918739712331e-06,0.011701923795044422,0.004954220727086067,0.1875736266374588,0.2138473242521286,0.026004327461123466,0.18212947249412537,0.16292262077331543,0.010063793510198593,0.03598611056804657,0.03183114156126976,0.17413221299648285,0.0350162610411644,0.04455222934484482,0.0926704928278923,3.0508919735439122e-05,0.0037663455586880445,0.3085038661956787,0.001704593189060688,0.009894602000713348,0.0019816472195088863,0.00021364660642575473,0.014359688386321068,0.017108548432588577,0.003562117926776409,0.0008118419791571796,0.0033583207987248898,0.008371510542929173,0.02267451398074627,0.0022638675291091204,0.17167431116104126,0.0010785952908918262,0.10722971707582474,0.01632506027817726,0.11709066480398178,0.06009019911289215,6.353252047119895e-06,1.6856497495609801e-06,0.0010893233120441437,0.000763482938054949,0.0010271751089021564,0.0006000134744681418,3.7226004678814206e-06,1.2406505902617937e-06,4.0194508983404376e-06,0.3854838162660599,0.0007381746763712727,0.16464400105178356
615,2.806211568895378e-06,0.0012242536759003997,0.00022444999194703996,0.49441125988960266,0.3281327188014984,0.48673945665359497,3.446562550379895e-05,2.8648576062551e-06,1.3032417882641312e-06,0.019378311932086945,0.006990712136030197,0.16049182415008545,0.1867102086544037,0.01358791347593069,0.23350974917411804,0.22763612866401672,0.009004331193864346,0.04216703027486801,0.04434039071202278,0.24694249033927917,0.061562176793813705,0.02797263115644455,0.07538603246212006,2.9265424018376507e-05,0.00380519381724298,0.2900380790233612,0.0011441824026405811,0.012593116611242294,0.001587008940987289,0.0002101454301737249,0.011528149247169495,0.014761289581656456,0.004123059567064047,0.0007947448175400496,0.002329994924366474,0.005212294403463602,0.014766784384846687,0.001999566564336419,0.23274019360542297,0.0011514334473758936,0.08352538198232651,0.011224020272493362,0.10325443744659424,0.051057979464530945,5.948078978690319e-06,1.7712942508296692e-06,0.0008789468556642532,0.0008675233111716807,0.0008478068630211055,0.0005382923409342766,2.9109551178407855e-06,1.2435219787221286e-06,3.859686614759994e-06,0.39222466945648193,0.0007243518339237198,0.17356689957280955
618,3.472451226116391e-06,0.002808410907164216,0.00015862290456425399,0.41551917791366577,0.23115640878677368,0.5487359762191772,4.825665746466257e-05,2.8285771804803517e-06,1.5533008763668477e-06,0.013492473401129246,0.004468992818146944,0.18635687232017517,0.21520467102527618,0.021790610626339912,0.18225553631782532,0.16954010725021362,0.011433588340878487,0.03354059159755707,0.034146156162023544,0.19119150936603546,0.03511665761470795,0.0391676090657711,0.09945221990346909,3.232048766221851e-05,0.0029797658789902925,0.31743350625038147,0.0019035175209864974,0.007887247949838638,0.0023290817625820637,0.00018258322961628437,0.013316662982106209,0.017302656546235085,0.0036266217939555645,0.0004701096040662378,0.003965000156313181,0.011573145166039467,0.024937070906162262,0.0020158689003437757,0.15836726129055023,0.0017675765557214618,0.08285752683877945,0.01192368846386671,0.10698074847459793,0.0738309845328331,8.3235217971378e-06,2.3281124867935432e-06,0.0010167397558689117,0.0010562388924881816,0.001821465790271759,0.0011295424774289131,4.231053026160225e-06,1.4884764141243068e-06,5.325817141965672e-06,0.3664763420820236,0.001483516905864235,0.14871283248066902
621,2.7650964966596803e-06,0.0013962379889562726,0.00013645259605254978,0.4700615406036377,0.3443920612335205,0.5797383785247803,4.501887087826617e-05,2.35623815569852e-06,1.7540472754262737e-06,0.01779874600470066,0.005105274263769388,0.1508762538433075,0.18224190175533295,0.013007855042815208,0.24440093338489532,0.24211396276950836,0.008243217132985592,0.04487447440624237,0.043892309069633484,0.2503332495689392,0.04264988750219345,0.034092191606760025,0.09605756402015686,3.897877468261868e-05,0.0045778886415064335,0.328214168548584,0.0015781313413754106,0.007536718621850014,0.0028851127717643976,0.0001458154438296333,0.006958403158932924,0.011132889427244663,0.005859702825546265,0.0011226951610296965,0.004727891180664301,0.01398104801774025,0.01584477350115776,0.0016090883873403072,0.26755791902542114,0.0007585330749861896,0.06376153975725174,0.013215419836342335,0.0569852776825428,0.0429845005273819,4.969393557985313e-06,1.408786829415476e-06,0.0005134580424055457,0.0012289350852370262,0.001016437541693449,0.0005367852281779051,5.199273346079281e-06,1.4878959291309002e-06,3.1890901937003946e-06,0.39913785457611084,0.0007663452925044112,0.16271761106327176
624,2.2953172447159886e-06,0.0006538323941640556,0.00010965665569528937,0.5523919463157654,0.39678457379341125,0.5823109149932861,5.2182600484229624e-05,2.3738534764561336e-06,1.631579721106391e-06,0.013232257217168808,0.005148166790604591,0.16315557062625885,0.18825753033161163,0.016832394525408745,0.2397950291633606,0.2446504682302475,0.006505989003926516,0.04206714779138565,0.04221079871058464,0.21068836748600006,0.06301384419202805,0.03901046887040138,0.09765423089265823,4.1014205635292456e-05,0.0047224415466189384,0.43343931436538696,0.00226099556311965,0.006993310991674662,0.004500050097703934,0.0007697711698710918,0.00457283528521657,0.006427939049899578,0.00278108729980886,0.0006713740876875818,0.006168489810079336,0.013922180980443954,0.030803116038441658,0.006142807193100452,0.06512246280908585,0.0011222378816455603,0.05767715349793434,0.013024811632931232,0.07510057091712952,0.043186236172914505,1.8474171156412922e-05,6.995053354330594e-06,0.0006241447990760207,0.0011540304403752089,0.0013275868259370327,0.0007750929798930883,3.8295911508612335e-06,1.2266350495337974e-06,1.2734612255371758e-05,0.49291563034057617,0.0003817445249296725,0.18779757355029383
627,1.3713637372347875e-06,0.0012857327237725258,0.00013082406076136976,0.4961986839771271,0.27611398696899414,0.5317529439926147,0.00014058170199859887,1.0222702258033678e-06,1.2811648275601328e-06,0.012210060842335224,0.003666170872747898,0.14492225646972656,0.1733032613992691,0.02906583808362484,0.15343692898750305,0.14873424172401428,0.011854343116283417,0.051513079553842545,0.043297890573740005,0.2149033099412918,0.04022878408432007,0.04565338417887688,0.09668026119470596,0.000247161922743544,0.0015077386051416397,0.3418150842189789,0.001211934257298708,0.0070495447143912315,0.010368043556809425,0.0009397075627930462,0.000996971852146089,0.001642639865167439,0.00515848770737648,0.0005064094439148903,0.04737698659300804,0.11490334570407867,0.06315325200557709,0.012438783422112465,0.008216824382543564,0.000587511109188199,0.010857145301997662,0.009043052792549133,0.002856646664440632,0.012981874868273735,0.0007079735514707863,0.000446200865553692,0.0015009577618911862,0.005762232933193445,0.006614418234676123,0.004196778405457735,3.285987077106256e-06,1.3959717080069822e-06,0.0005770872085122392,0.419006884098053,0.0007082783922669478,0.16627943189814687
630,1.6477673625558964e-06,0.00245097978040576,0.0005270203691907227,0.46069300174713135,0.21423788368701935,0.3529449999332428,4.5628290536114946e-05,9.120901722781127e-07,1.745461759128375e-06,0.011467657051980495,0.004070056136697531,0.12145669013261795,0.1430560201406479,0.029715998098254204,0.14380401372909546,0.13211721181869507,0.013850688003003597,0.0576782189309597,0.05924249440431595,0.17937074601650238,0.04726512357592583,0.045938268303871155,0.09337382763624191,0.00011558367987163365,0.0012733449693769217,0.1531967669725418,0.001025219215080142,0.008341089822351933,0.008994191884994507,0.0003512146940920502,0.0002466205332893878,0.0005356123438104987,0.01309679914265871,0.00034596191835589707,0.013125274330377579,0.04556763917207718,0.03271888196468353,0.0031981617212295532,0.1471288651227951,0.0036180103197693825,0.02837265096604824,0.015920540317893028,0.004175583366304636,0.011776743456721306,3.533760900609195e-05,1.7275651771342382e-05,0.00017429934814572334,0.0018599515315145254,0.0008629848016425967,0.000499224232044071,3.456315198491211e-06,9.579229072187445e-07,2.6306630388717167e-05,0.3069448843598366,0.0014890000747982413,0.1538250782080771
633,1.2484198350648512e-06,0.004715273156762123,0.001050046063028276,0.36280032992362976,0.21036556363105774,0.35918885469436646,1.612152118468657e-05,6.440232596105488e-07,1.293440277549962e-06,0.017988810315728188,0.004792309366166592,0.11930736899375916,0.13559670746326447,0.013157671317458153,0.24477054178714752,0.2562354803085327,0.008064779452979565,0.05668254569172859,0.06294441223144531,0.17436102032661438,0.06302497535943985,0.028203921392560005,0.09874870628118515,5.590016735368408e-05,0.00060171919176355,0.0292766522616148,0.0008701753686182201,0.0035531148314476013,0.012697876431047916,0.00027954281540587544,0.00012234679888933897,0.00024284330720547587,0.01205635815858841,0.0006230518338270485,0.0017457903595641255,0.006622001528739929,0.027515415102243423,0.001225155545398593,0.5629589557647705,0.004807618446648121,0.027340766042470932,0.007646521553397179,0.008762277662754059,0.009690823964774609,1.3903164472139906e-05,4.435275968717178e-06,0.000130835163872689,0.0007266894681379199,0.0001716098195174709,7.67936508054845e-05,4.006503786513349e-06,5.000914597985684e-07,9.169220220428542e-06,0.19603849109262228,0.0028826596098951995,0.12105517334324152
636,1.5143031077968772e-06,0.0009866200853139162,0.0008893750491552055,0.4501282274723053,0.34202009439468384,0.43291300535202026,1.1203331268916372e-05,8.574548928663717e-07,2.2097312921687262e-06,0.013606999069452286,0.005057860165834427,0.12036751955747604,0.1251489222049713,0.007850409485399723,0.4474826157093048,0.4655405282974243,0.0028031421825289726,0.06778234988451004,0.07131867855787277,0.08853467553853989,0.05464751273393631,0.04411206394433975,0.10170062631368637,5.006603169022128e-05,0.00012878404231742024,0.008685510605573654,0.0032730819657444954,0.0015528728254139423,0.02270388789474964,0.00033069265191443264,0.0001051971921697259,0.00025473764981143177,0.0076265460811555386,0.00015423477452713996,0.000685689621604979,0.004244871437549591,0.038785241544246674,0.0009380878764204681,0.6743984222412109,0.04397764801979065,0.022165343165397644,0.004237156827002764,0.019600147381424904,0.018833402544260025,2.4484823370585218e-05,7.5829589150089305e-06,7.165115675888956e-05,0.0020378956105560064,0.000249505479587242,6.401353311957791e-05,1.1201568668184336e-05,4.452056145964889e-07,1.6033891142797074e-05,0.22940686903893948,0.0009379975672345608,0.1501627207714288
639,2.457044729453628e-06,0.008054333738982677,0.005551574751734734,0.2200537919998169,0.099764384329319,0.2284003645181656,2.2128242562757805e-05,1.2138633564973134e-06,1.711727804831753e-06,0.02379513904452324,0.008614773862063885,0.12180180847644806,0.1289084106683731,0.002006567781791091,0.6518614888191223,0.6384360790252686,0.0019813927356153727,0.05841236561536789,0.06507769227027893,0.12141378968954086,0.07147369533777237,0.027285123243927956,0.05109695345163345,6.678852514596656e-05,0.00016804596816655248,0.016294345259666443,0.003328923834487796,0.0012226676335558295,0.011476634070277214,0.00026711178361438215,0.0007185332360677421,0.0009436901891604066,0.0036812012549489737,0.0001086646516341716,0.0013019292382523417,0.007390434853732586,0.0851849913597107,0.0009972978150472045,0.23116828501224518,0.022032449021935463,0.021446390077471733,0.00249127927236259,0.034875500947237015,0.05926644057035446,8.848364086588845e-05,1.7391861547366716e-05,0.0005424555856734514,0.0011972789652645588,0.001503569190390408,0.00042966922046616673,8.420511221629567e-06,1.0644251915437053e-06,5.293775120662758e-05,0.11817406862974167,0.0068029542453587055,0.07390533847501501
642,2.4177345494535984e-06,0.028772706165909767,0.02504284866154194,0.08297444880008698,0.09115401655435562,0.12143071740865707,2.2732712750439532e-05,1.5451585113623878e-06,1.4748829926247708e-06,0.013523207977414131,0.007299650926142931,0.14409533143043518,0.15491874516010284,0.0010680488776415586,0.7237768173217773,0.7011226415634155,0.0018099198350682855,0.04433859884738922,0.04983024299144745,0.07308720052242279,0.05807122960686684,0.04536939039826393,0.061076682060956955,8.755298767937347e-05,6.332876364467666e-05,0.008299040608108044,0.0035102025140076876,0.00038094495539553463,0.003600195748731494,0.00016420484462287277,0.009729187935590744,0.010256199166178703,0.003060546237975359,4.6469522203551605e-05,0.0017172350781038404,0.006807067431509495,0.06316837668418884,0.0010784751502797008,0.17567354440689087,0.020645350217819214,0.011784165166318417,0.0007124055991880596,0.034913867712020874,0.1158469170331955,0.00026249195798300207,6.4768799347803e-05,0.004028658848255873,0.003443079302087426,0.003581987228244543,0.0014685755595564842,1.1935581824218389e-05,1.743127882036788e-06,0.00016363037866540253,0.04563674470409751,0.026907777413725853,0.034319945300618805
645,2.9297370929270983e-06,0.010204078629612923,0.012919961474835873,0.1044103130698204,0.1310151219367981,0.17770907282829285,6.439084972953424e-05,2.8280348942644196e-06,1.348085447716585e-06,0.020633485168218613,0.010407999157905579,0.14644648134708405,0.1607295572757721,0.0018975294660776854,0.6316452026367188,0.6148688793182373,0.002258126623928547,0.04240609332919121,0.04637403041124344,0.11896119266748428,0.08223112672567368,0.032577354460954666,0.04142988100647926,0.00013530399883165956,0.00011491212353575975,0.051251158118247986,0.008927064016461372,0.0011605550535023212,0.003959348890930414,0.00038343394408002496,0.008574805222451687,0.007863422855734825,0.00386003777384758,2.7343752663000487e-05,0.010351002216339111,0.03253566473722458,0.09398537129163742,0.002174606081098318,0.04756489023566246,0.022606298327445984,0.018343744799494743,0.0019236671505495906,0.02069484256207943,0.13796012103557587,0.0004030944255646318,0.00010184676648350433,0.004290487617254257,0.0023412066511809826,0.008604513481259346,0.0035939631052315235,9.172322279482614e-06,2.9694724617002066e-06,0.00025247059602406807,0.0778307355940342,0.011562020052224398,0.040282847049335636
648,2.8063293484592577e-06,0.010737224481999874,0.009240545332431793,0.08768308162689209,0.1468469798564911,0.23736289143562317,2.9143828214728273e-05,2.2910612642590422e-06,1.4701870441058418e-06,0.032452695071697235,0.009790119715034962,0.200963094830513,0.2017964869737625,0.0023491671308875084,0.6072069406509399,0.5932306051254272,0.0023691877722740173,0.03304233029484749,0.040556393563747406,0.10662276297807693,0.1290394514799118,0.015533187426626682,0.06007732078433037,8.836651977617294e-05,5.860813689650968e-05,0.021182535216212273,0.007970135658979416,0.0011965881567448378,0.0072285085916519165,0.00041527560097165406,0.0018637353787198663,0.0023726208601146936,0.003583790035918355,7.127899880288169e-05,0.0023841182701289654,0.009685155004262924,0.11520319432020187,0.0028565148822963238,0.07948053628206253,0.016547078266739845,0.021874021738767624,0.0020177767146378756,0.030844777822494507,0.09626628458499908,0.0003557423478923738,9.806507296161726e-05,0.0013807431096211076,0.0029500324744731188,0.0028540645726025105,0.0011146569158881903,5.94513494434068e-06,1.8149738707506913e-06,0.00022690371042699553,0.05443280842155218,0.009988884907215834,0.030639812621908884
651,3.1057868454809068e-06,0.019662106409668922,0.03444407135248184,0.07368273288011551,0.09877118468284607,0.07533622533082962,3.0516021070070565e-05,1.9084029645455303e-06,1.993318619497586e-06,0.02998690865933895,0.01083371601998806,0.23196500539779663,0.2218077927827835,0.0029398242477327585,0.5778061151504517,0.5673980116844177,0.0021329172886908054,0.028272857889533043,0.03293692320585251,0.10643438249826431,0.10803884267807007,0.021743813529610634,0.045777831226587296,8.634537516627461e-05,0.00013462398783303797,0.058164432644844055,0.009196443483233452,0.0019123873207718134,0.010935543105006218,0.00030654456350021064,0.0008231484098359942,0.0012147976085543633,0.008144192397594452,0.00012043470633216202,0.004684609826654196,0.02067163586616516,0.06679690629243851,0.0014145511668175459,0.1635749191045761,0.011731203645467758,0.023454545065760612,0.004134942311793566,0.023541519418358803,0.10363112390041351,0.00010572848259471357,2.7688894988386892e-05,0.0005081240087747574,0.0018867761828005314,0.007367314770817757,0.0025530303828418255,6.944073902559467e-06,2.0829463664995274e-06,6.670868879155023e-05,0.06592358276247978,0.027053088881075382,0.025240226299501956
654,9.717591638036538e-06,0.11120335757732391,0.0734095349907875,0.010059655643999577,0.019065720960497856,0.06270290911197662,8.793469896772876e-05,2.2659917249256978e-06,2.721069904509932e-06,0.042500074952840805,0.012938219122588634,0.0869259163737297,0.09325878322124481,0.0017546135932207108,0.609537661075592,0.5834014415740967,0.0028223914559930563,0.08574066311120987,0.08985970914363861,0.37671607732772827,0.16684110462665558,0.019688811153173447,0.02950185164809227,0.00014884132542647421,0.00024739131913520396,0.10851876437664032,0.006481084041297436,0.0037804797757416964,0.023085566237568855,0.0002729867410380393,0.0016069007106125355,0.002914121374487877,0.005825046915560961,0.0003134150174446404,0.006362485233694315,0.03321850672364235,0.0814870223402977,0.001526028267107904,0.06084618717432022,0.0021907684858888388,0.03089391067624092,0.005326555576175451,0.029218314215540886,0.12255077809095383,0.00019555400649551302,4.808962330571376e-05,0.0006524175405502319,0.0036306404508650303,0.01928551122546196,0.005808295216411352,4.763726337841945e-06,4.471537067729514e-06,0.00012182181490061339,0.05928921001031995,0.09230644628405571,0.004860225909699996
657,8.763151527091395e-06,0.06491148471832275,0.023537712171673775,0.06295910477638245,0.033263854682445526,0.11166949570178986,0.00011273931886535138,2.501859626136138e-06,1.9011276890523732e-06,0.041543878614902496,0.01892004907131195,0.09019356966018677,0.106172114610672,0.002925528446212411,0.4875662922859192,0.4650721251964569,0.004347221460193396,0.08472239226102829,0.08164394646883011,0.4608871042728424,0.1842557042837143,0.018304822966456413,0.021823756396770477,0.00020981987472623587,0.00022555414761882275,0.1097249686717987,0.0036316344048827887,0.004632958211004734,0.038257189095020294,0.00026376088499091566,0.0008819889044389129,0.001764657092280686,0.011806715279817581,0.00020339923503343016,0.009189754724502563,0.05025766044855118,0.11322566866874695,0.0018527930369600654,0.057914722710847855,0.0031037116423249245,0.018144594505429268,0.0028698579408228397,0.013196641579270363,0.08160144835710526,0.0007063362863846123,0.00017788095283322036,0.0007918808260001242,0.0041268994100391865,0.027104303240776062,0.007727972697466612,5.230530859989813e-06,5.207530648476677e-06,0.00044210861960891634,0.08634203672409058,0.044224598444998264,0.021868583591034014
660,5.229418547969544e-06,0.016094505786895752,0.012415813282132149,0.10908609628677368,0.07041880488395691,0.13847683370113373,0.00019239143875893205,2.222672492280253e-06,1.6325353726642788e-06,0.01926036737859249,0.009664071723818779,0.14570413529872894,0.15425607562065125,0.010153427720069885,0.23998227715492249,0.248370960354805,0.009114748798310757,0.04927961155772209,0.0478537417948246,0.2550642192363739,0.11196895688772202,0.0276325773447752,0.03758291155099869,0.00022015502327121794,0.00020097658853046596,0.23956634104251862,0.0041368273086845875,0.005145099945366383,0.022399311885237694,0.0009610572014935315,0.0018176429439336061,0.002458051545545459,0.004534346982836723,0.0004019367625005543,0.024191200733184814,0.07193687558174133,0.1392657309770584,0.012408915907144547,0.004174996167421341,0.0008503200951963663,0.012566760182380676,0.0035548037849366665,0.01286495104432106,0.10534239560365677,0.004198883194476366,0.0021254525054246187,0.00338434474542737,0.0042463731952011585,0.10594313591718674,0.0647089034318924,3.0088458515820093e-06,3.5824089081870625e-06,0.0031621678499504924,0.17432621866464615,0.01425515953451395,0.03778726359208425
663,2.7031765057472512e-06,0.006084703840315342,0.003374677849933505,0.23573370277881622,0.12767043709754944,0.24271032214164734,0.0001681389258010313,1.9844510461553e-06,1.2679149676841917e-06,0.035256266593933105,0.013064531609416008,0.205336332321167,0.21498487889766693,0.00860162079334259,0.2747807204723358,0.27552542090415955,0.007857606746256351,0.03187049180269241,0.033212367445230484,0.2511822283267975,0.15517543256282806,0.01605873927474022,0.0341280922293663,0.0002161313168471679,0.00033263760269619524,0.22740037739276886,0.003494354197755456,0.0036138768773525953,0.02502618357539177,0.001154400291852653,0.001103915274143219,0.0015331432223320007,0.0034418783616274595,0.0002772323787212372,0.042539652436971664,0.1267579197883606,0.12156230956315994,0.010066619142889977,0.00627886364236474,0.0012595856096595526,0.019974200055003166,0.006598843261599541,0.013167710974812508,0.06345254182815552,0.0008852067403495312,0.000353695621015504,0.0014179096324369311,0.0018529772059991956,0.06142052263021469,0.029001682996749878,3.2942361940513365e-06,2.913212938437937e-06,0.0006194511806825176,0.23156704008579254,0.0047296908451244235,0.07945692042509715
666,1.6979357724267174e-06,0.012099981307983398,0.005428384989500046,0.17197808623313904,0.10554417967796326,0.19221630692481995,7.3854265792761e-05,7.04361980297108e-07,8.435143286078528e-07,0.028357602655887604,0.018272506073117256,0.11403189599514008,0.129974827170372,0.02070285752415657,0.14852194488048553,0.15527628362178802,0.013398791663348675,0.055092260241508484,0.06280635297298431,0.3247380554676056,0.22878149151802063,0.01803789846599102,0.02232871577143669,0.00011763910879381001,0.0014551510103046894,0.21846796572208405,0.0011004185071215034,0.006262010429054499,0.021706625819206238,0.0008732319693081081,0.00011041254037991166,0.00018353555060457438,0.0063912817277014256,0.0009533973643556237,0.020769229158759117,0.06008576974272728,0.05140644311904907,0.005284740123897791,0.04967687651515007,0.0007701130234636366,0.029555389657616615,0.018078597262501717,0.00464216060936451,0.013119980692863464,7.628666935488582e-05,2.8321772333583795e-05,0.00021086999913677573,0.0006326021975837648,0.002573208184912801,0.0011203004978597164,2.1956946056889137e-06,1.2866772749475786e-06,5.2304220844234806e-05,0.19522302597761154,0.008764183148741722,0.05742401144137451
669,1.2948497669640346e-06,0.016440512612462044,0.00799679197371006,0.15875011682510376,0.11034666746854782,0.1821688562631607,1.627210440346971e-05,4.7632400423935906e-07,9.186882152789622e-07,0.046445030719041824,0.023379696533083916,0.12531229853630066,0.13789516687393188,0.01589360460639,0.18352055549621582,0.17412185668945312,0.020044738426804543,0.06884999573230743,0.0726277083158493,0.37679600715637207,0.2185947597026825,0.01375831849873066,0.03098176419734955,3.252089300076477e-05,0.0014781823847442865,0.023476403206586838,0.00019275612430647016,0.00484537472948432,0.004275841172784567,0.00023228205100167543,0.0015550005482509732,0.002855254802852869,0.0007282671867869794,0.00024273635062854737,0.0007950781146064401,0.002574383281171322,0.03247138112783432,0.0024544168263673782,0.379433274269104,0.005779495928436518,0.11326542496681213,0.019328905269503593,0.027674566954374313,0.0019325845642015338,3.605547590268543e-06,1.016348164739611e-06,0.0002741813659667969,0.0009309239103458822,8.144491403072607e-06,4.4134785639471374e-06,2.3031232103676302e-06,9.153692985819362e-07,2.310947877504077e-06,0.0911132600158453,0.012218652293086052,0.054386790725402534
672,1.119401986215962e-06,0.0034696811344474554,0.0017981569981202483,0.29002946615219116,0.24781613051891327,0.3141784369945526,2.8106818717787974e-05,6.542899768646748e-07,9.347871809950448e-07,0.03799871355295181,0.01831059157848358,0.10778596997261047,0.1298266053199768,0.015091726556420326,0.2005840390920639,0.21521911025047302,0.011510985903441906,0.07034595310688019,0.06671285629272461,0.42778462171554565,0.1818327158689499,0.01810772903263569,0.03458566591143608,5.81899585085921e-05,0.0020657258573919535,0.21195778250694275,0.0029158855322748423,0.013965542428195477,0.009288768284022808,0.0003487074573058635,2.6794923542183824e-05,7.476042082998902e-05,0.02335975132882595,0.0008255450520664454,0.0055236672051250935,0.016440441831946373,0.006467156112194061,0.0008693429408594966,0.8137149810791016,0.003553969319909811,0.05002496764063835,0.0721062645316124,0.0028833644464612007,0.0028207518626004457,9.004759817798913e-07,3.6989291629652143e-07,1.2775187315128278e-05,0.0003989840915892273,5.14881539857015e-05,2.0782219507964328e-05,3.1863585263636196e-06,6.790509132770239e-07,6.351844490382064e-07,0.25099362432956696,0.002633919066283852,0.09671034049885445
675,1.186602844427398e-06,0.005548917222768068,0.002091542351990938,0.32426920533180237,0.14934131503105164,0.22937090694904327,3.18147758662235e-05,7.154840773182514e-07,1.0187528687310987e-06,0.03171989321708679,0.016209643334150314,0.1906052976846695,0.20809252560138702,0.01924814283847809,0.17192547023296356,0.1687431037425995,0.01398287620395422,0.03698631748557091,0.0372924879193306,0.2448044866323471,0.1279447078704834,0.019787682220339775,0.03404048830270767,6.661347288172692e-05,0.002110415603965521,0.17938067018985748,0.0012965323403477669,0.006467321887612343,0.007711520418524742,0.00033855540095828474,0.00011441909737186506,0.00025217540678568184,0.011918745003640652,0.0009633068693801761,0.00845914613455534,0.023786207661032677,0.012055245228111744,0.0018005610909312963,0.3624608516693115,0.0014669569209218025,0.05748378112912178,0.03942256048321724,0.005592904053628445,0.010659685358405113,4.074867320014164e-06,1.7868746908789035e-06,4.966917913407087e-05,0.0006062981556169689,0.0003623190277721733,0.00020770120318047702,2.657983486642479e-06,8.663179755785677e-07,2.9308710054465337e-06,0.2518249377608299,0.0038202297873795033,0.1082119332786533
678,2.2214646833162988e-06,0.005010134074836969,0.0013726979959756136,0.33976688981056213,0.19644597172737122,0.3092419505119324,1.2877681001555175e-05,8.070483659139427e-07,1.4559566352545517e-06,0.019026977941393852,0.010081627406179905,0.1679951399564743,0.18847256898880005,0.031035643070936203,0.12662051618099213,0.11602631211280823,0.02222655713558197,0.04343646764755249,0.04332253709435463,0.19084115326404572,0.09041343629360199,0.029923273250460625,0.055610112845897675,2.9865248507121578e-05,0.0007428142707794905,0.020392179489135742,0.00041829494875855744,0.004636777564883232,0.009077966213226318,0.0001394021965097636,0.0007225864101201296,0.0020728360395878553,0.0026065015699714422,0.0004003127396572381,0.0005588841158896685,0.002440045354887843,0.024425944313406944,0.0015836284728720784,0.5972115993499756,0.007485620211809874,0.08691257238388062,0.012611421756446362,0.041965875774621964,0.011532317847013474,3.561767925930326e-06,1.338217316515511e-06,8.778824849287048e-05,0.002165713580325246,5.9705052990466356e-05,2.6578805773169734e-05,4.429823093232699e-06,7.80743164341402e-07,2.4499926212229184e-06,0.18007953464984894,0.0031914160354062915,0.11418743742009003
681,1.9696242361533223e-06,0.002047715475782752,0.0005102690774947405,0.5139078497886658,0.2960200011730194,0.40315166115760803,1.1619603355939034e-05,1.1963097676925827e-06,1.7481422673881752e-06,0.015615872107446194,0.0073299226351082325,0.161109060049057,0.17158620059490204,0.026169147342443466,0.1496949940919876,0.14347513020038605,0.016174810007214546,0.04601570963859558,0.04876837506890297,0.14396211504936218,0.09078996628522873,0.03747568279504776,0.08656024187803268,2.8593345632543787e-05,0.0011294386349618435,0.031220749020576477,0.0006514777196571231,0.003962204325944185,0.011279774829745293,0.00011594642273848876,0.0004912381409667432,0.0016718012047931552,0.006194405257701874,0.0011894154595211148,0.0008857162320055068,0.004115324001759291,0.006518388167023659,0.0005964853917248547,0.9064195156097412,0.0031512086279690266,0.12455544620752335,0.01907975599169731,0.05016154423356056,0.018218262121081352,6.422053502319613e-07,2.2146967637581838e-07,2.7904536182177253e-05,0.0012858564732596278,0.0001127249124692753,4.750590960611589e-05,5.373941348807421e-06,6.34307809832535e-07,4.3183751330388986e-07,0.2725642994046211,0.0012789922766387463,0.17202362971147522
684,2.0243999188096495e-06,0.00379778235219419,0.0016942507354542613,0.3764568269252777,0.19071348011493683,0.22457093000411987,2.1032781660323963e-05,1.3093061852487153e-06,1.8153477867599577e-06,0.02014649100601673,0.008018032647669315,0.23115377128124237,0.2331893891096115,0.024292021989822388,0.1397532969713211,0.1374335139989853,0.017519492655992508,0.03215325251221657,0.028983842581510544,0.2033078819513321,0.07479236274957657,0.03281848132610321,0.06976351886987686,3.656463377410546e-05,0.004674509167671204,0.21036025881767273,0.0015571325784549117,0.007267902139574289,0.010267865844070911,0.0002327769179828465,0.00016875057190191,0.00048736072494648397,0.02003634348511696,0.003146454691886902,0.004033144563436508,0.01136568933725357,0.004367268644273281,0.0007729359203949571,0.8516861796379089,0.00104318477679044,0.15025167167186737,0.06033214554190636,0.025015482679009438,0.02342088147997856,3.919570019661478e-07,1.4896718880663684e-07,1.4211895177140832e-05,0.0004331069940235466,0.00028466281946748495,0.00013606228458229452,3.5121308883390157e-06,9.371964324600413e-07,2.704620953863923e-07,0.2934085428714752,0.0027460165438242257,0.1257043127407087
687,1.6922567738220096e-06,0.0013791044475510716,0.0004238756373524666,0.5287793874740601,0.28098076581954956,0.32888635993003845,4.5687771489610896e-05,1.708617560325365e-06,1.4897019582349458e-06,0.02272733859717846,0.009669649414718151,0.2268477827310562,0.23408010601997375,0.031907957047224045,0.13328887522220612,0.11682440340518951,0.016245972365140915,0.02982228994369507,0.03015860728919506,0.16532810032367706,0.07263725250959396,0.02711815945804119,0.05127495154738426,7.030923006823286e-05,0.002205368597060442,0.25016114115715027,0.0016716477693989873,0.004236046224832535,0.00447026127949357,0.00022597411589231342,0.0017714174464344978,0.0031517345923930407,0.007101886440068483,0.0009988653473556042,0.013424919918179512,0.03907262906432152,0.01787286251783371,0.0027753144968301058,0.12485532462596893,0.000734423752874136,0.060428932309150696,0.02350741997361183,0.019705137237906456,0.045222409069538116,1.1086007361882366e-05,4.570199962472543e-06,0.0003108167147729546,0.0013093706220388412,0.0027097435668110847,0.001985899405553937,4.063190772285452e-06,1.3159708487364696e-06,7.828103662177455e-06,0.38947026431560516,0.0009014900424517691,0.17790084650429586
690,1.3624057828565128e-06,0.000792801205534488,0.0003306526050437242,0.5604873895645142,0.3316575288772583,0.3210196793079376,4.5221622713143006e-05,1.6832368601171765e-06,1.5097422192411614e-06,0.020911311730742455,0.008480711840093136,0.2963578999042511,0.2966729700565338,0.04927251860499382,0.11742545664310455,0.09145794808864594,0.017539294436573982,0.022260677069425583,0.020948300138115883,0.1135336384177208,0.07786992192268372,0.02879551239311695,0.05821545794606209,9.132341801887378e-05,0.002217810368165374,0.24504947662353516,0.0014745936496183276,0.004499458242207766,0.005168577190488577,0.0004000611661467701,0.0009994864230975509,0.0019007509108632803,0.007213796488940716,0.0005853951442986727,0.017536353319883347,0.04769972711801529,0.022419769316911697,0.004704883322119713,0.06753841042518616,0.0013525584945455194,0.04475424811244011,0.02372906170785427,0.014786082319915295,0.04571050778031349,2.5267025193898007e-05,1.3601971659227274e-05,0.00027271671569906175,0.0018508469220250845,0.004420064389705658,0.003519908059388399,3.822880444204202e-06,1.2096857062715571e-06,1.943449842656264e-05,0.40276843309402466,0.0005617269052891061,0.187795875632825
693,1.9226263248128816e-06,0.00031997202313505113,0.0001287894119741395,0.6900395154953003,0.5310736298561096,0.4555909037590027,2.9232929591671564e-05,1.8461366835254012e-06,1.8990039052368957e-06,0.015641137957572937,0.005694956053048372,0.1949116289615631,0.190132275223732,0.08115988224744797,0.06783100962638855,0.044139664620161057,0.04205914959311485,0.03685632348060608,0.04075928404927254,0.12235097587108612,0.0950113907456398,0.036383628845214844,0.08486530929803848,5.913992936257273e-05,0.002333344891667366,0.14364022016525269,0.0009627628023736179,0.007157538086175919,0.013335107825696468,0.00035165876033715904,0.0002067435416392982,0.0005197307327762246,0.010675331577658653,0.0011605378240346909,0.0050080930814146996,0.016426578164100647,0.014586621895432472,0.0021236480679363012,0.4354783594608307,0.002546060597524047,0.1010323315858841,0.030724648386240005,0.026056671515107155,0.03714708238840103,5.418110049504321e-06,2.1982573343848344e-06,5.7536206441000104e-05,0.0008491501212120056,0.0013014805736020207,0.0007220394909381866,3.3052469916583505e-06,7.510454338444106e-07,3.8081836919445777e-06,0.4168398678302765,0.00022438071755459532,0.2302553299232386
696,1.2973713410247e-06,0.000856025842949748,0.0002604321634862572,0.5729222893714905,0.36558106541633606,0.36425337195396423,3.3520307624712586e-05,1.2386868775138282e-06,1.147156012848427e-06,0.02641982026398182,0.008365701884031296,0.24314835667610168,0.2400892674922943,0.02568390779197216,0.14648185670375824,0.13784155249595642,0.015209939330816269,0.029339173808693886,0.0285171065479517,0.20838353037834167,0.07937503606081009,0.025203485041856766,0.05890950560569763,4.296747283660807e-05,0.0035726320929825306,0.2773723304271698,0.0013702503638342023,0.0105312280356884,0.00694051431491971,0.0003336812660563737,0.0002563508169259876,0.0004429660621099174,0.009781076572835445,0.001028732513077557,0.0038116557989269495,0.011182290501892567,0.015365058556199074,0.0015609241090714931,0.39924055337905884,0.0021809404715895653,0.0653277114033699,0.032536111772060394,0.020634859800338745,0.01947059854865074,4.815266947844066e-06,1.4034175137567217e-06,0.00014846782141830772,0.0002894846838898957,0.0006780157564207911,0.00038342992775142193,2.6967418307322077e-06,6.056955044186907e-07,3.1093422308003937e-06,0.42514730989933014,0.0005582290032180026,0.1912072020835088
699,2.065792841676739e-06,0.003111193422228098,0.0005468250601552427,0.417983740568161,0.2705654799938202,0.3741247355937958,1.5557494407403283e-05,8.205670383176766e-07,1.0614145367071615e-06,0.03438061475753784,0.009412976913154125,0.201619490981102,0.21248432993888855,0.0316573791205883,0.12267247587442398,0.11362900584936142,0.021150214597582817,0.03498189151287079,0.03412014991044998,0.2534197270870209,0.08913503587245941,0.021396681666374207,0.05043519660830498,2.475376459187828e-05,0.004803796298801899,0.07269685715436935,0.0002920770784839988,0.014049986377358437,0.009232668206095695,0.00014318531611934304,0.00028943334473297,0.0006897634011693299,0.006981832440942526,0.005270845722407103,0.0006721465033479035,0.001809926819987595,0.007867623120546341,0.0008346451795659959,0.8273391723632812,0.0007802239852026105,0.13531561195850372,0.032296888530254364,0.04431244358420372,0.016577234491705894,1.1644179949144018e-06,3.3226567097699444e-07,6.786784797441214e-05,0.00033899580012075603,9.03285326785408e-05,4.636276207747869e-05,2.4525429580535274e-06,5.079663196738693e-07,7.483418329456981e-07,0.24534029886126518,0.0018290092411916703,0.1396543124380211
702,1.6126974742292077e-06,0.0011879524681717157,0.00043059178278781474,0.5376052856445312,0.38371628522872925,0.31846582889556885,1.3492287507688161e-05,1.1315098618069896e-06,1.5912875142021221e-06,0.017812244594097137,0.005652101710438728,0.27537843585014343,0.28239864110946655,0.057317789644002914,0.10283057391643524,0.070271797478199,0.022870071232318878,0.02175436168909073,0.021314037963747978,0.09210369735956192,0.05587991699576378,0.03645467013120651,0.08039139211177826,3.286925857537426e-05,0.004266245290637016,0.10142672061920166,0.00047425038064830005,0.009966584853827953,0.006277215667068958,0.00013052127906121314,0.0004380491154734045,0.0011042706901207566,0.011782272718846798,0.0036387224681675434,0.0015172245912253857,0.004001650493592024,0.0064474972896277905,0.0010396682191640139,0.7432202100753784,0.0008973864023573697,0.1163257285952568,0.0317041389644146,0.03757914900779724,0.028015580028295517,1.4981660569901578e-06,5.493676553669502e-07,6.847699114587158e-05,0.0006191313150338829,0.00029686084599234164,0.00017776685126591474,2.883859679059242e-06,5.403925911195984e-07,1.023766856178554e-06,0.31951600313186646,0.0008092721254797652,0.17971586848337515
705,2.6587517822918016e-06,0.0031447054352611303,0.00015652677393518388,0.49969127774238586,0.22314460575580597,0.42036163806915283,3.555991861503571e-05,1.1976545692959917e-06,1.4257439033826813e-06,0.021319156512618065,0.004606975242495537,0.2620719075202942,0.26258817315101624,0.049115102738142014,0.08910757303237915,0.07210233062505722,0.028752585873007774,0.026828287169337273,0.02339695766568184,0.20210160315036774,0.042586859315633774,0.03470302000641823,0.0736955851316452,4.845974763156846e-05,0.002603192813694477,0.15793544054031372,0.0007020896882750094,0.012290014885365963,0.011893630027770996,0.00034894575946964324,0.00023558665998280048,0.0006045753252692521,0.008223114535212517,0.001385037205182016,0.0033618598245084286,0.009647260420024395,0.018453916534781456,0.002776476088911295,0.3510061800479889,0.0017578840488567948,0.12920315563678741,0.03741323947906494,0.026121558621525764,0.02453704923391342,6.1635942074644845e-06,2.6902944227913395e-06,6.474662950495258e-05,0.0008705037762410939,0.000798444205429405,0.0003916575515177101,2.5035972157638753e-06,8.400542697017954e-07,4.426944315127912e-06,0.3288133591413498,0.001650616104598157,0.16684381324254596
708,3.969347289967118e-06,0.005650375969707966,0.00035003089578822255,0.44203370809555054,0.17724402248859406,0.41366586089134216,1.5414641893585213e-05,8.857734314915433e-07,1.617459929548204e-06,0.018183529376983643,0.004128089174628258,0.22580556571483612,0.23274779319763184,0.05767989903688431,0.07721737772226334,0.05684618651866913,0.04253043606877327,0.03253883868455887,0.03066747635602951,0.16738486289978027,0.03688546270132065,0.041496362537145615,0.09428767114877701,1.2286100172786973e-05,0.0018909536302089691,0.027757009491324425,0.0001232997892657295,0.007216449826955795,0.008145729079842567,9.302627586293966e-05,0.003997397143393755,0.010393314994871616,0.0006554835708811879,0.002077320124953985,0.00021309853764250875,0.0006499592564068735,0.029094967991113663,0.0018570013344287872,0.4197002649307251,0.0011819627834483981,0.32199305295944214,0.029840126633644104,0.27165576815605164,0.026206474751234055,2.504554913684842e-06,6.309442710517033e-07,0.00026810119743458927,0.0015359423123300076,9.12092364160344e-05,3.977942469646223e-05,2.3310140022658743e-06,7.41527117043006e-07,1.5677495923682727e-06,0.23489535879343748,0.003000203432748094,0.15214147341127196
711,1.7625034161028452e-06,0.0007992148748598993,0.00015637415344826877,0.6080973148345947,0.4500362277030945,0.524856686592102,2.6735708161140792e-05,9.320418143943243e-07,8.069283126133087e-07,0.021174641326069832,0.007831864058971405,0.16266967356204987,0.17326028645038605,0.051801037043333054,0.09397037327289581,0.07074523717164993,0.0315370038151741,0.05098174884915352,0.04683414101600647,0.2412131130695343,0.09015219658613205,0.03551807254552841,0.05317725986242294,5.3831525292480364e-05,0.0020302387420088053,0.0365469716489315,0.00012053591490257531,0.01091177761554718,0.0022419001907110214,9.916086128214374e-05,0.003939091227948666,0.00707016559317708,0.0017848907737061381,0.0014865635894238949,0.0008328230469487607,0.0027976217679679394,0.014842486940324306,0.0019136046757921576,0.3157043159008026,0.0008643194450996816,0.03726271539926529,0.004126280080527067,0.026104848831892014,0.011343282647430897,2.988202868436929e-05,1.1226861715840641e-05,0.0010818528244271874,0.00316780642606318,0.00027840310940518975,0.00015664161765016615,3.10488303512102e-06,6.268090260164172e-07,2.0554445200104965e-05,0.3223221432417631,0.000477794514154084,0.20636885721857348
714,3.867475243168883e-06,0.0016098447376862168,7.969368016347289e-05,0.6172671914100647,0.23664066195487976,0.4742755889892578,0.00045449569006450474,2.4998084882099647e-06,1.3882610119253513e-06,0.010631117969751358,0.004080262966454029,0.0966402068734169,0.11326782405376434,0.08152227848768234,0.059004347771406174,0.03923213481903076,0.05127542465925217,0.07819963991641998,0.07445084303617477,0.20588809251785278,0.05450061708688736,0.054195038974285126,0.07356112450361252,0.0005920645780861378,0.0022942437790334225,0.3011867105960846,0.00042459246469661593,0.005798773840069771,0.013248356059193611,0.004212134517729282,0.0026107796002179384,0.003070928854867816,0.003769512055441737,0.000536426727194339,0.08835539221763611,0.14080163836479187,0.11658219248056412,0.07155206054449081,0.0013052262365818024,0.00040791439823806286,0.009295514784753323,0.0050882212817668915,0.005703348200768232,0.034640420228242874,0.035020578652620316,0.030732518061995506,0.011861354112625122,0.016448184847831726,0.13782493770122528,0.12479019910097122,3.1943025078362552e-06,2.9073539735691156e-06,0.03287654835730791,0.45922695100307465,0.0008447692089248449,0.20764963328838348
717,5.687715656677028e-06,0.0037559077609330416,0.00033380408422090113,0.43436962366104126,0.1956184208393097,0.39559364318847656,0.0004235321539454162,2.3207398953672964e-06,2.2812828319729306e-06,0.013507389463484287,0.005845239385962486,0.17912982404232025,0.2021121233701706,0.08538361638784409,0.05252134054899216,0.03433810919523239,0.06340890377759933,0.040777064859867096,0.03664283826947212,0.18049857020378113,0.05570780858397484,0.04665009304881096,0.04762403294444084,0.0009032677626237273,0.0007417752058245242,0.12217476963996887,0.0003699307271745056,0.003676300635561347,0.017004547640681267,0.0024801583494991064,0.003750058589503169,0.005615505389869213,0.0025855950079858303,0.0003553168207872659,0.0978885293006897,0.20786318182945251,0.1742745041847229,0.08485390245914459,0.0006671860464848578,0.0006739984382875264,0.015718117356300354,0.011064300313591957,0.0050969310104846954,0.0385095588862896,0.02031635120511055,0.017219191417098045,0.008177909068763256,0.0429849810898304,0.16978074610233307,0.1219756007194519,4.573374098981731e-06,5.314728241501143e-06,0.018767771311104298,0.27827219665050507,0.0020448559225769714,0.1479117292134712
720,3.7304937450244324e-06,0.0032947720028460026,0.0008419849909842014,0.4143467843532562,0.1857559084892273,0.28524482250213623,0.0002659674210008234,1.8753504491542117e-06,2.350181148358388e-06,0.014225120656192303,0.0057669528760015965,0.2441537231206894,0.24864734709262848,0.11955825239419937,0.04368077963590622,0.0206300038844347,0.08910951018333435,0.029716460034251213,0.02693122997879982,0.12667544186115265,0.054844267666339874,0.04228262975811958,0.04953942447900772,0.0008863232214935124,0.001118505373597145,0.14229437708854675,0.00036207595258019865,0.0032035582698881626,0.018298141658306122,0.0016321229049935937,0.0021167737431824207,0.003708852222189307,0.004592873156070709,0.0005115976673550904,0.08467838168144226,0.18371501564979553,0.10449735820293427,0.050509851425886154,0.0013330329675227404,0.00043868471402674913,0.01076973881572485,0.009107081219553947,0.003142319153994322,0.03748580813407898,0.011168921366333961,0.009953254833817482,0.004692600108683109,0.04039880633354187,0.13817347586154938,0.09835852682590485,4.1731032069947105e-06,4.721139703178778e-06,0.010561088100075722,0.2783205807209015,0.002068378496915102,0.1400574701062093
723,3.024101033588522e-06,0.004691488575190306,0.0004710241628345102,0.4054725766181946,0.16739226877689362,0.34069472551345825,0.000239798886468634,1.472103463129315e-06,1.63006336606486e-06,0.01027882844209671,0.004586636088788509,0.20742657780647278,0.22243808209896088,0.081778384745121,0.08138128370046616,0.04215550795197487,0.032589007169008255,0.032293982803821564,0.030161431059241295,0.12502610683441162,0.05845027044415474,0.05149920657277107,0.060550156980752945,0.0005238711019046605,0.002699277363717556,0.2928018867969513,0.000513807637616992,0.0048606665804982185,0.024547405540943146,0.001638670451939106,0.0010987368877977133,0.0018822960555553436,0.006722967606037855,0.0009045015904121101,0.07349777966737747,0.1585577428340912,0.0785611942410469,0.026318080723285675,0.002790184924378991,0.0002703384088817984,0.008494360372424126,0.007149356417357922,0.0031289716716855764,0.03594376891851425,0.006264025345444679,0.004686827305704355,0.002552629681304097,0.012135200202465057,0.0798264592885971,0.04780396446585655,3.843846570816822e-06,3.511421027724282e-06,0.005475426325574517,0.34913723170757294,0.002581256369012408,0.13615120318718255
726,2.4717503492865944e-06,0.0055206273682415485,0.00030352905741892755,0.40500789880752563,0.1750350147485733,0.4449128210544586,1.5017672012618277e-05,4.467358962756407e-07,9.354247936244064e-07,0.01431364007294178,0.0048378328792750835,0.18183179199695587,0.19319020211696625,0.11275883764028549,0.05450339615345001,0.027651770040392876,0.06357207894325256,0.0389055460691452,0.037856996059417725,0.1430123746395111,0.05431241914629936,0.041061386466026306,0.0725499615073204,1.7194310203194618e-05,0.002907072426751256,0.01701497659087181,4.215907392790541e-05,0.005390506237745285,0.007942897267639637,0.000429538544267416,0.0014133413787931204,0.0023582647554576397,0.0004821332113351673,0.0030473945662379265,0.00022523546067532152,0.00040138617623597383,0.0712946206331253,0.0099661098793149,0.09630012512207031,0.0006736873183399439,0.14414435625076294,0.016198333352804184,0.14345237612724304,0.011811144649982452,2.948465771623887e-05,9.688683348940685e-06,0.0007620571996085346,0.000976443407125771,7.931680738693103e-05,4.520946822594851e-05,1.4418005775951315e-06,5.105291620566277e-07,1.9586670532589778e-05,0.21101143769919872,0.002912078212830238,0.13625983498059213
729,9.59261342359241e-07,0.003426338080316782,0.0004921038052998483,0.4011839032173157,0.2166738361120224,0.3309045433998108,2.9229027859400958e-05,3.383843534265907e-07,7.608193755004322e-07,0.03227667883038521,0.009410426020622253,0.23648668825626373,0.24708934128284454,0.0866485983133316,0.06329825520515442,0.04087800160050392,0.048502009361982346,0.031471189111471176,0.027167007327079773,0.23159420490264893,0.08731480687856674,0.022926319390535355,0.04173426702618599,9.108798258239403e-05,0.004874378442764282,0.09451788663864136,0.00023703878105152398,0.016587717458605766,0.023344608023762703,0.0007685004966333508,1.1371294931450393e-05,2.3741233235341497e-05,0.015033496543765068,0.0025421062018722296,0.0027804463170468807,0.007555818185210228,0.018544042482972145,0.002853698330000043,0.46771544218063354,0.0014923695707693696,0.03354845196008682,0.030121028423309326,0.0027207371313124895,0.00437814649194479,2.0367788238218054e-05,9.410508027940523e-06,5.615738336928189e-05,0.00031291667255572975,0.00015944981714710593,7.688509504077956e-05,1.5534785688942065e-06,3.4501329082559096e-07,1.4889148133079289e-05,0.24785089492797852,0.001959220942808315,0.1337396719151608
732,7.385453386632435e-07,0.0015700048534199595,0.000618686550296843,0.42633193731307983,0.371563583612442,0.32158347964286804,1.0066469258163124e-05,2.79722684126682e-07,6.343979066514294e-07,0.021732691675424576,0.009874544106423855,0.235575333237648,0.23481136560440063,0.0859532579779625,0.06886901706457138,0.043896958231925964,0.045246999710798264,0.03244020417332649,0.030547110363841057,0.1428002268075943,0.12225541472434998,0.0318046510219574,0.05508539825677872,3.652347731986083e-05,0.0046334946528077126,0.02861262671649456,0.0001187779926112853,0.013144669122993946,0.017227046191692352,0.0004171009932179004,2.3087477529770695e-05,4.9158948968397453e-05,0.006797077599912882,0.005861855577677488,0.0004086846311111003,0.0008830728475004435,0.012087436392903328,0.0017371096182614565,0.7700897455215454,0.0011646626517176628,0.03804275393486023,0.0187053345143795,0.010147899389266968,0.004233153071254492,7.008809461694909e-06,2.5186170660163043e-06,6.987396773183718e-05,0.00023249232617672533,2.9345887014642358e-05,1.4594135791412555e-05,1.5810393279025448e-06,2.0380301180011884e-07,4.763713263855607e-06,0.2274722820147872,0.0010943457018584013,0.14213472791319268
735,2.591162456155871e-06,0.004487185273319483,0.0009553072741255164,0.32058703899383545,0.21488627791404724,0.3339298665523529,5.109084668220021e-05,8.192557174879767e-07,1.4622196431446355e-06,0.018732955679297447,0.005107527133077383,0.26483818888664246,0.26564672589302063,0.08266310393810272,0.04400474578142166,0.03139805048704147,0.08425233513116837,0.026894928887486458,0.02429264597594738,0.21188990771770477,0.037054695188999176,0.03509911522269249,0.055872611701488495,5.830827649333514e-05,0.006753905210644007,0.16638018190860748,0.0002678196760825813,0.013282653875648975,0.010808437131345272,0.00020576518727466464,0.0003424910537432879,0.0006140106124803424,0.008321625180542469,0.0037611627485603094,0.0027666629757732153,0.006934216246008873,0.02939480170607567,0.0026583427097648382,0.18097227811813354,0.00039174329140223563,0.07479100674390793,0.02197520062327385,0.019289234653115273,0.024485912173986435,2.5901868866640143e-05,7.598305728606647e-06,0.0003172361757606268,0.0005458169616758823,0.0013203179696574807,0.00048815831542015076,1.9181118204869563e-06,1.1160304893564899e-06,1.6750087297623395e-05,0.24348361045122147,0.0027212462737224996,0.1071811802200197
738,1.6590984159847721e-06,0.001705468981526792,0.00026020381483249366,0.41843903064727783,0.3478221893310547,0.4619424641132355,5.746525130234659e-05,7.02663896845479e-07,1.0872475968426443e-06,0.01664680242538452,0.005199534818530083,0.20183205604553223,0.21769653260707855,0.09837529808282852,0.04412788525223732,0.029992762953042984,0.0745907723903656,0.035160765051841736,0.02943350188434124,0.20544935762882233,0.03991907089948654,0.03955640643835068,0.05491410940885544,7.533421739935875e-05,0.0078994520008564,0.21852970123291016,0.00031417817808687687,0.011364837177097797,0.016627268865704536,0.0006479649455286562,8.071786578511819e-05,0.00011893077316926792,0.013141267001628876,0.005428727250546217,0.00521771190688014,0.013412956148386002,0.02382831647992134,0.00281683006323874,0.25162452459335327,0.00041211670031771064,0.05534273758530617,0.021496864035725594,0.01325395330786705,0.021230779588222504,2.7876712920260616e-05,8.585378054704051e-06,0.0001801054459065199,0.00022533231822308153,0.002150225918740034,0.000997255090624094,1.9467131551209604e-06,5.853048605786171e-07,1.8231045487482334e-05,0.318484365940094,0.0009828363981796429,0.13954622642874406
741,1.5069658729771618e-06,0.0052766394801437855,0.0006984988576732576,0.34757697582244873,0.20433799922466278,0.36690521240234375,2.2117525077192113e-05,3.463438247308659e-07,7.073987262629089e-07,0.030423292890191078,0.009286425076425076,0.16069532930850983,0.1838686168193817,0.06287845224142075,0.057643111795186996,0.04833269864320755,0.06507515162229538,0.04599592089653015,0.042889706790447235,0.3344711363315582,0.08285598456859589,0.025429848581552505,0.04149813577532768,4.157909279456362e-05,0.006830553989857435,0.047722745686769485,0.00010592737817205489,0.01742975413799286,0.01975063793361187,0.0003101541951764375,5.3880470659350976e-05,9.805927402339876e-05,0.007692898157984018,0.017581263557076454,0.0006971631664782763,0.0013734663370996714,0.014261186122894287,0.0016306937905028462,0.6777124404907227,0.00023556710220873356,0.06319884955883026,0.016389653086662292,0.014130483381450176,0.005779383238404989,9.365018740936648e-06,2.5608599116822006e-06,0.00014523830031976104,0.00021031078358646482,6.94551708875224e-05,2.5087021640501916e-05,1.3785074770567007e-06,3.3678682598292653e-07,5.962939326309424e-06,0.1976498607546091,0.0029875691689085215,0.11590963852237716
744,2.1004082100262167e-06,0.002993231639266014,0.0006753297057002783,0.40499091148376465,0.2295941710472107,0.349952757358551,6.682189996354282e-05,8.28132954211469e-07,1.0652233868313488e-06,0.020822323858737946,0.005310073960572481,0.2631544768810272,0.2618665397167206,0.060326769948005676,0.05968206748366356,0.04615652933716774,0.05509050190448761,0.026070183143019676,0.02502586878836155,0.22845841944217682,0.0581153966486454,0.02978280745446682,0.05164802446961403,7.395463035209104e-05,0.004518535453826189,0.27208414673805237,0.0004230292106512934,0.01281538512557745,0.015883635729551315,0.0005318715120665729,0.0002307972317794338,0.00040590856224298477,0.007269633002579212,0.005219568498432636,0.004973019473254681,0.010750665329396725,0.034387994557619095,0.0055084433406591415,0.07033930718898773,0.00020374184532556683,0.04072868078947067,0.015199466608464718,0.01625887304544449,0.02262994647026062,7.444604125339538e-05,2.7199772375752218e-05,0.00034460093593224883,0.0007073574815876782,0.00495910132303834,0.0017990395426750183,1.542205382065731e-06,1.0332889814890223e-06,5.08229068145738e-05,0.3385375291109085,0.0018342806724831462,0.13520920575926235
747,2.1664438918378437e-06,0.002677320037037134,0.0006253288011066616,0.41161131858825684,0.23880381882190704,0.34343355894088745,8.348179107997566e-05,9.67021833275794e-07,1.166899210147676e-06,0.021015649661421776,0.004900461994111538,0.27324503660202026,0.26830190420150757,0.05154445767402649,0.07197810709476471,0.05702151730656624,0.04106391221284866,0.024752957746386528,0.023800905793905258,0.2081672102212906,0.05507218465209007,0.02863212861120701,0.05636879801750183,9.931473323376849e-05,0.003347424790263176,0.2704877257347107,0.00047068489948287606,0.011321384459733963,0.015375697053968906,0.0006701311212964356,0.0004026406677439809,0.0006645553512498736,0.005664069205522537,0.0033608051016926765,0.008276117965579033,0.01829238049685955,0.051540084183216095,0.008505362085998058,0.031233860179781914,0.00023023503308650106,0.03921281918883324,0.013199808076024055,0.01523672603070736,0.025293175131082535,0.00015559971507173032,6.13400261499919e-05,0.0005806125118397176,0.0010047623654827476,0.007272176910191774,0.0030249145347625017,1.6397958688685321e-06,1.2317483424340026e-06,0.00010846987061086111,0.34104952216148376,0.0016513244190718979,0.13755950486908355
750,1.811969923437573e-06,0.0013841978507116437,0.0002613221004139632,0.5053907632827759,0.3018781542778015,0.3938881456851959,6.248623685678467e-05,8.24128392196144e-07,1.3025969565205742e-06,0.02492634765803814,0.006189106032252312,0.2861327528953552,0.2849394381046295,0.06418652832508087,0.06850972026586533,0.05385424569249153,0.04088681563735008,0.02434571646153927,0.02235300838947296,0.20956531167030334,0.06096599996089935,0.026388391852378845,0.05424632877111435,9.868336201179773e-05,0.0029910635203123093,0.1841094046831131,0.00043612104491330683,0.017540395259857178,0.023622995242476463,0.0005809293943457305,0.00013182396651245654,0.0002466400619596243,0.0065703969448804855,0.002085190499201417,0.004795194137841463,0.015849966555833817,0.0560934878885746,0.004868343938142061,0.10169832408428192,0.0007363540935330093,0.05514014512300491,0.020206157118082047,0.01107181515544653,0.012752762995660305,7.21590404282324e-05,2.4555933123338036e-05,0.00025374500546604395,0.0006345668225549161,0.0015359335811808705,0.0005809244466945529,1.7032682535500498e-06,7.489261406590231e-07,4.835748677578522e-05,0.3447500839829445,0.0008227599755628034,0.16858974243708266
753,2.7713822419173084e-06,0.0054338653571903706,0.0008275462314486504,0.3684954345226288,0.19693021476268768,0.3530963957309723,1.123451966122957e-05,3.966968336044374e-07,1.476484612794593e-06,0.027059923857450485,0.005540316924452782,0.2538585066795349,0.2561546266078949,0.054790038615465164,0.08693535625934601,0.07073899358510971,0.0341208279132843,0.029588989913463593,0.028659094125032425,0.17996720969676971,0.05677299201488495,0.02697785384953022,0.07517455518245697,1.3886112355976366e-05,0.0025516150053590536,0.03195524588227272,0.00016569859872106463,0.012466390617191792,0.04280912131071091,0.0003614706511143595,0.00013050061534158885,0.00048013110063038766,0.000983526580967009,0.011298222467303276,0.00017426030535716563,0.00035006323014386,0.032764092087745667,0.004179063718765974,0.4029098451137543,0.0003930237144231796,0.26835280656814575,0.060268353670835495,0.12590421736240387,0.008628057315945625,3.658814421214629e-06,1.2595833140949253e-06,3.887097773258574e-05,0.0009105972712859511,2.3603144654771313e-05,7.485672995244386e-06,1.3669596228282899e-06,4.6825601884847856e-07,2.459198867654777e-06,0.20022534020245075,0.0031307057943195105,0.12303535541286692
756,1.5555214076812263e-06,0.0021694821771234274,0.000808916927780956,0.3821897804737091,0.3267083764076233,0.35198038816452026,1.0586603821138851e-05,3.8713093886144634e-07,9.408249752596021e-07,0.027752038091421127,0.01140253059566021,0.2170604169368744,0.220602348446846,0.06986094266176224,0.07561688870191574,0.05856004357337952,0.037906985729932785,0.03550048545002937,0.03309311717748642,0.1971137821674347,0.09478125721216202,0.02732308767735958,0.042432136833667755,2.3126902306103148e-05,0.0020880806259810925,0.03120722994208336,0.0002693910792004317,0.01164732314646244,0.02736186794936657,0.00047916139010339975,5.322997458279133e-05,0.00016624742420390248,0.003171919845044613,0.00498172827064991,0.0003129014512524009,0.0007319907890632749,0.017427558079361916,0.002931879134848714,0.6485092639923096,0.001125969341956079,0.1246408000588417,0.03195793554186821,0.03832313418388367,0.006517053581774235,2.9017808174103266e-06,1.235693503076618e-06,2.434886118862778e-05,0.0005081138224340975,2.3337062884820625e-05,9.232358934241347e-06,1.8500438727642177e-06,3.382407669505483e-07,2.0687371602434723e-06,0.20669850520789623,0.0014891995524521917,0.12746975262416527
759,1.5553197272311081e-06,0.003385938471183181,0.001837246585637331,0.3106127977371216,0.19284583628177643,0.18456606566905975,4.454942973097786e-05,1.216693590322393e-06,1.1930433174711652e-06,0.0718756839632988,0.024260273203253746,0.3097165524959564,0.33295711874961853,0.04724599048495293,0.09521917998790741,0.08010853826999664,0.031138025224208832,0.019853467121720314,0.023650163784623146,0.3321157693862915,0.2991412580013275,0.008453520946204662,0.025878971442580223,8.22639194666408e-05,0.0008777233888395131,0.4869139492511749,0.007711590267717838,0.01180262677371502,0.031557708978652954,0.00026269129011780024,0.00043699663365259767,0.0011190844234079123,0.006669727619737387,0.000599646766204387,0.003338001435622573,0.019497089087963104,0.03477121517062187,0.0022197836078703403,0.10086313635110855,0.0013916614698246121,0.008455127477645874,0.009260835126042366,0.006973183248192072,0.010342746041715145,7.708933117100969e-05,2.785431206575595e-05,0.00028674828354269266,0.002656263764947653,0.000729697581846267,0.00024427028256468475,3.435103963056463e-06,1.7498184661235427e-06,5.247182161838282e-05,0.39876337349414825,0.002611592528410256,0.10405629293139403
762,2.8072367967979517e-06,0.005172214936465025,0.0038299488369375467,0.2510939836502075,0.1560211032629013,0.14654405415058136,0.00011929548782063648,1.6642549098833115e-06,1.01175760391925e-06,0.0926157683134079,0.035186417400836945,0.26614898443222046,0.2502058744430542,0.036706022918224335,0.09598151594400406,0.08287705481052399,0.03580872341990471,0.031039990484714508,0.03312890976667404,0.46632304787635803,0.40126582980155945,0.006460795644670725,0.016007093712687492,0.00015680045180488378,0.00103105662856251,0.4875584542751312,0.0021115827839821577,0.009223700501024723,0.03517410159111023,0.0004996194038540125,0.002399794990196824,0.005445311777293682,0.00297683198004961,0.0002554532256908715,0.0056886519305408,0.022508809342980385,0.07000266760587692,0.005620862357318401,0.007426133845001459,0.0009643664816394448,0.0038976799696683884,0.004034818150103092,0.005590367130935192,0.02297637052834034,0.0024184943176805973,0.0012002455769106746,0.0026302249170839787,0.01502512488514185,0.008567025884985924,0.0037564702797681093,3.0494845759676537e-06,4.463255663722521e-06,0.001809369947295636,0.3693262189626694,0.004501081886701286,0.08631303013923268
765,3.304011443105992e-06,0.006251918151974678,0.0030692561995238066,0.28466811776161194,0.18434438109397888,0.18765901029109955,2.2543725208379328e-05,1.4847958027530694e-06,6.735005513291981e-07,0.06463783234357834,0.02694195881485939,0.1468973010778427,0.1404101848602295,0.04733356460928917,0.09386488795280457,0.07321520894765854,0.043975286185741425,0.06313040852546692,0.07169687002897263,0.4223908483982086,0.33149027824401855,0.008005485869944096,0.022032087668776512,3.7671885365853086e-05,0.0006014828686602414,0.08386746793985367,0.000292839395115152,0.07273067533969879,0.0022683676797896624,0.0005969401681795716,0.0036066467873752117,0.005252018105238676,0.0006559322937391698,0.0001327431236859411,0.0005251014372333884,0.0010952784214168787,0.048505622893571854,0.010580667294561863,0.0919099748134613,0.012246409431099892,0.06357274949550629,0.007839341647922993,0.04324464872479439,0.006208628416061401,9.109241364058107e-05,5.5877884733490646e-05,0.0015215976163744926,0.0037014347035437822,2.100283745676279e-05,2.1459718482219614e-05,8.449055144410522e-07,1.2252390888534137e-06,7.348514918703586e-05,0.1842677928507328,0.004660587175749242,0.09784226088474195
768,1.4158486010273919e-06,0.0025207563303411007,0.0011882020626217127,0.3827279508113861,0.23498563468456268,0.3280602693557739,9.535697608953342e-05,8.342325941157469e-07,8.303346135107859e-07,0.03949225693941116,0.020426418632268906,0.1386256366968155,0.14415360987186432,0.037662114948034286,0.08910948783159256,0.08586306869983673,0.040860578417778015,0.07062427699565887,0.07334454357624054,0.4755927324295044,0.2815467119216919,0.014240413904190063,0.029530294239521027,0.0001365310890832916,0.001517475233413279,0.3737126886844635,0.0017382417572662234,0.055874813348054886,0.010865258984267712,0.003066545119509101,0.00025597153580747545,0.00037194881588220596,0.002062313724309206,7.213392382254824e-05,0.01184967439621687,0.02788178250193596,0.06972131878137589,0.0144214928150177,0.03346376121044159,0.011919575743377209,0.018491234630346298,0.011998264119029045,0.004806795157492161,0.0016377526335418224,0.00018124694179277867,0.00010977989586535841,0.0004197249363642186,0.001217144774273038,9.645718091633171e-05,5.29687458765693e-05,1.06761842744163e-06,1.1426824357840815e-06,0.00014551341882906854,0.3782203197479248,0.0018544791964814067,0.12778529038769193
771,5.668622634402709e-06,0.005988382268697023,0.002900431863963604,0.23341216146945953,0.1403704285621643,0.22555865347385406,0.00018990112585015595,1.6340462707375991e-06,1.0789109410325182e-06,0.0447687953710556,0.04156094044446945,0.10863582789897919,0.12328484654426575,0.023437391966581345,0.1270774006843567,0.12778159976005554,0.022511471062898636,0.08083904534578323,0.07163620740175247,0.41459372639656067,0.18854191899299622,0.014666651375591755,0.009565640240907669,0.00026110271573998034,0.0005961449933238328,0.3262903094291687,0.0008381056250073016,0.01982726901769638,0.047182925045490265,0.0021015582606196404,0.0006613500881940126,0.001392847509123385,0.006517862435430288,0.00037719556712545455,0.010645943693816662,0.02805679477751255,0.10153552144765854,0.022696753963828087,0.005925907287746668,0.0010860282927751541,0.006702212151139975,0.0026893727481365204,0.004481804091483355,0.033508624881505966,0.010780667886137962,0.010983695276081562,0.0015633611474186182,0.024907544255256653,0.014099380932748318,0.010352647863328457,2.489196504029678e-06,3.474491904853494e-06,0.010882181581109762,0.2798512354493141,0.004444407066330314,0.07848878635559231
774,3.294701173217618e-06,0.02230033278465271,0.012003369629383087,0.0895858108997345,0.06482639908790588,0.11523833125829697,0.00012439924466889352,1.1598572200455237e-06,9.361941124552686e-07,0.07223036140203476,0.02519480139017105,0.15965454280376434,0.16245222091674805,0.028216451406478882,0.11213579028844833,0.10320158302783966,0.026958156377077103,0.04954136535525322,0.05386835336685181,0.39198583364486694,0.28956565260887146,0.007359218783676624,0.01502912025898695,0.0003112843551207334,0.00039249929250217974,0.21426887810230255,0.0010825895005837083,0.011715971864759922,0.026967378333210945,0.001914630294777453,0.00023438665084540844,0.00046114344149827957,0.00544392503798008,0.0001955280895344913,0.022575460374355316,0.053892578929662704,0.11846334487199783,0.03005819395184517,0.003965423442423344,0.0019492445280775428,0.008636564947664738,0.007190107833594084,0.002067438792437315,0.017908068373799324,0.004627505782991648,0.004049577284604311,0.0010475139133632183,0.011962423101067543,0.00841819029301405,0.005848044063895941,1.6144609844559454e-06,3.050741042898153e-06,0.004338541533797979,0.15192734450101852,0.0171518512070179,0.030093780330692727
777,3.586870207072934e-06,0.012531525455415249,0.009207403287291527,0.1370863914489746,0.07821677625179291,0.1356572061777115,0.00027026698808185756,1.1601426876950427e-06,8.342477144651639e-07,0.07659696787595749,0.045396316796541214,0.15007711946964264,0.15821850299835205,0.03875556215643883,0.08805850148200989,0.07815579324960709,0.0356157161295414,0.05273972824215889,0.050728827714920044,0.475147008895874,0.38562431931495667,0.008364587090909481,0.00834641233086586,0.0004893673467449844,0.0004458401526790112,0.313766211271286,0.0016425054054707289,0.010118088684976101,0.043932221829891205,0.003827756969258189,0.00034319135011173785,0.000507781223859638,0.002618763130158186,0.0002449896128382534,0.0428885780274868,0.09143633395433426,0.20703300833702087,0.06251420825719833,0.0009163775248453021,0.0009133504936471581,0.006595139857381582,0.00906280241906643,0.001830634311772883,0.01209200918674469,0.018940363079309464,0.015772394835948944,0.003356511704623699,0.012418217957019806,0.016324669122695923,0.011534296907484531,1.8604881688588648e-06,3.7276950024534017e-06,0.017356378957629204,0.2254263013601303,0.010869464371353388,0.045979121340982
780,3.5832665616908344e-06,0.02073177881538868,0.00839379895478487,0.1360691636800766,0.06986387073993683,0.16668233275413513,7.376917346846312e-05,7.599470563945943e-07,8.929871455620741e-07,0.07627099752426147,0.033264968544244766,0.11405670642852783,0.12978306412696838,0.028328172862529755,0.10683000832796097,0.10463453084230423,0.0331144742667675,0.06764460355043411,0.07021313160657883,0.5096709728240967,0.32026776671409607,0.007827661000192165,0.011561385355889797,0.00014177603588905185,0.0007149673183448613,0.10410309582948685,0.0005148392519913614,0.024495353922247887,0.029405836015939713,0.0014122335705906153,0.00015530531527474523,0.00033920336863957345,0.0027997309807687998,0.00021589879179373384,0.006087029352784157,0.01984725147485733,0.11214089393615723,0.015419991686940193,0.03538582846522331,0.004474238026887178,0.05150781199336052,0.011082528159022331,0.0049934424459934235,0.00485058780759573,0.0002557946718297899,0.00014926573203410953,0.00021846938761882484,0.003116391599178314,0.0001859555341070518,9.432176011614501e-05,1.2064401744282804e-06,1.8352532151766354e-06,0.0002025302019319497,0.12008612975478172,0.014562788885086775,0.045521224121330306
783,8.558454283047467e-07,0.002818606561049819,0.0017794016748666763,0.3415696918964386,0.2701322138309479,0.25806427001953125,2.466869045747444e-05,4.211445627788635e-07,9.981761195376748e-07,0.02336111105978489,0.00857202522456646,0.10606630146503448,0.1060967743396759,0.05650423467159271,0.08327974379062653,0.07080211490392685,0.03378559648990631,0.07193051278591156,0.09339884668588638,0.22748462855815887,0.1916133165359497,0.02315385453402996,0.059474486857652664,0.00010103345266543329,0.001738289836794138,0.06888234615325928,0.00048337815678678453,0.017457706853747368,0.029612749814987183,0.0007904001977294683,1.4119035768089816e-05,3.0012974093551748e-05,0.011584250256419182,0.001077516470104456,0.0030695991590619087,0.009353484958410263,0.025014324113726616,0.0023773894645273685,0.5301223993301392,0.0037499871104955673,0.02329927496612072,0.01563025452196598,0.001640917151235044,0.001926594297401607,2.642521940288134e-05,1.153927678387845e-05,7.802110485499725e-05,0.0004842500202357769,4.251395876053721e-05,1.8140350221074186e-05,1.7808301890909206e-06,4.034245080219989e-07,1.8982248093379894e-05,0.20522601902484894,0.0022990041179582477,0.11387127463543341
786,1.2381211718093255e-06,0.004024067893624306,0.0025747946929186583,0.27018818259239197,0.27936115860939026,0.2440612018108368,1.0100115105160512e-05,3.592342920910596e-07,9.932023203873541e-07,0.01563953049480915,0.010091635398566723,0.1616540104150772,0.16578243672847748,0.04715191200375557,0.10043151676654816,0.08485350757837296,0.028268542140722275,0.047850701957941055,0.05270743742585182,0.17373058199882507,0.14215975999832153,0.03683609515428543,0.054695188999176025,2.9790893677272834e-05,0.001531804446130991,0.028735436499118805,0.0002964580780826509,0.01306782104074955,0.013458439148962498,0.00036081785219721496,9.09564842004329e-05,0.0002344892855035141,0.0031937183812260628,0.0024353142362087965,0.00043509830720722675,0.0010698483092710376,0.01772390864789486,0.0026711025275290012,0.6776057481765747,0.001745884888805449,0.07415749132633209,0.018565235659480095,0.016410481184720993,0.0024957137648016214,4.232129867887124e-06,1.8253908820042852e-06,5.784627501270734e-05,0.0008037094958126545,9.519664672552608e-06,4.587304829328787e-06,1.7598279100639047e-06,3.8005646274541505e-07,3.028760374945705e-06,0.1494618095457554,0.003299431293271482,0.09017120945403197
789,2.3477416561945574e-06,0.0018127234652638435,0.0009701552917249501,0.4040567874908447,0.28690770268440247,0.31045424938201904,3.47287132171914e-05,1.1581649914660375e-06,1.3375462231124402e-06,0.019018469378352165,0.012574370950460434,0.12193050235509872,0.13237743079662323,0.06555039435625076,0.061890337616205215,0.046842608600854874,0.05175844579935074,0.05834381654858589,0.06487817317247391,0.27140042185783386,0.12940175831317902,0.032839350402355194,0.03131940960884094,6.41921506030485e-05,0.002681303070858121,0.08554297685623169,0.0003444879548624158,0.006996079348027706,0.010404227301478386,0.0002331987489014864,0.00041033519664779305,0.0007926452672109008,0.00991352554410696,0.0013791806995868683,0.0032502023968845606,0.010381829924881458,0.02824629284441471,0.002928757341578603,0.28223443031311035,0.0011541452258825302,0.054328080266714096,0.008602548390626907,0.01605348102748394,0.021406937390565872,2.4079476133920252e-05,8.671869181853253e-06,0.0002588717907201499,0.0012943465262651443,0.0007062345393933356,0.00033991114469245076,2.974401468236465e-06,1.0553854963291087e-06,1.6375672657886753e-05,0.2447998821735382,0.0013914393784943968,0.13508658931823447
792,3.045183348149294e-06,0.0020807210821658373,0.0010720902355387807,0.4109092652797699,0.25175657868385315,0.2655506134033203,5.968632467556745e-05,2.458978769936948e-06,1.5585728760925122e-06,0.020862041041254997,0.009476076811552048,0.1403387188911438,0.1421288251876831,0.07268214225769043,0.056983377784490585,0.039159175008535385,0.055984534323215485,0.047917015850543976,0.06437880545854568,0.23749187588691711,0.16936203837394714,0.02606987953186035,0.043339360505342484,8.129281195579097e-05,0.0018113108817487955,0.2530568838119507,0.0015761108370497823,0.007248358801007271,0.009340036660432816,0.00016177116776816547,0.001532849157229066,0.0027933320961892605,0.008504951372742653,0.0010238692630082369,0.008531950414180756,0.03020571358501911,0.0343584306538105,0.0029644505120813847,0.10866657644510269,0.0006962472107261419,0.04355095699429512,0.00976354256272316,0.017899567261338234,0.04509143903851509,4.887954128207639e-05,1.6504551240359433e-05,0.0006517876754514873,0.001996801234781742,0.0035667670890688896,0.00161686260253191,3.057061121580773e-06,2.1415105493360898e-06,3.269204626121791e-05,0.3319830745458603,0.001576405658852309,0.13841181551106274
795,3.045682888114243e-06,0.0009053171961568296,0.0008681704057380557,0.4562716484069824,0.345218300819397,0.29738324880599976,0.00016288249753415585,2.3014786165731493e-06,2.092082013405161e-06,0.0102343475446105,0.004253841936588287,0.1902277022600174,0.17385868728160858,0.08411101996898651,0.043971870094537735,0.029034586623311043,0.08861082792282104,0.03765997663140297,0.046057697385549545,0.10315559804439545,0.09419970214366913,0.042823199182748795,0.0854356437921524,0.0001748896756907925,0.00350571027956903,0.3268722593784332,0.0005425207200460136,0.008268117904663086,0.012440785765647888,0.0007680587004870176,0.0033282656222581863,0.0044334265403449535,0.002370416186749935,0.000489804137032479,0.02217656932771206,0.06307151168584824,0.15708494186401367,0.01917899399995804,0.005426374729722738,0.0007636545924469829,0.032424446195364,0.006488162092864513,0.021917132660746574,0.045201681554317474,0.0010015411535277963,0.0004073344462085515,0.003455999307334423,0.0033191624097526073,0.016788607463240623,0.008426827378571033,2.258660742882057e-06,2.7535518256627256e-06,0.0007044377998681739,0.3915719538927078,0.0008867438009474427,0.15467778018986186
798,3.950416157749714e-06,0.0073038432747125626,0.0016623662086203694,0.3431908190250397,0.12495353072881699,0.26118203997612,0.000162674201419577,1.5744400343464804e-06,2.3112158942240058e-06,0.011511876247823238,0.0034952727146446705,0.17103202641010284,0.18766839802265167,0.06541021913290024,0.06663191318511963,0.05114072188735008,0.038982950150966644,0.040173161774873734,0.03800096735358238,0.20195446908473969,0.0406603179872036,0.04709692299365997,0.078513003885746,0.00021188372920732945,0.0021072938106954098,0.22747798264026642,0.0005843914696015418,0.005532705690711737,0.021112481132149696,0.0005327534163370728,0.0009544160566292703,0.0018097743159160018,0.004965377971529961,0.0005624587065540254,0.034078869968652725,0.1220817044377327,0.11500908434391022,0.011441102251410484,0.009820736013352871,0.0009644308593124151,0.02769528515636921,0.008256182074546814,0.012858511880040169,0.05672353133559227,0.0005870492896065116,0.00026126630837097764,0.0007535244803875685,0.003770305775105953,0.03261474147439003,0.014981531538069248,3.922336418327177e-06,3.285896355009754e-06,0.0004241577989887446,0.28533440083265305,0.004483104741666466,0.11531833646586165
801,2.4792836939013796e-06,0.0011061137774959207,0.0007011746638454497,0.49623093008995056,0.2824508249759674,0.2997440993785858,6.644193490501493e-05,1.368977791571524e-06,2.130815346390591e-06,0.01661023497581482,0.007205342408269644,0.10010198503732681,0.11110147833824158,0.07568560540676117,0.05557968467473984,0.0418495312333107,0.05427980422973633,0.07265467941761017,0.07786878198385239,0.2583760619163513,0.09499654173851013,0.03851604461669922,0.05321238189935684,0.00012658604828175157,0.0019971756264567375,0.17916935682296753,0.0009497033315710723,0.010566669516265392,0.022877903655171394,0.00038073820178397,0.0002058811514871195,0.0004999611992388964,0.010869646444916725,0.00043852668022736907,0.013387525454163551,0.051747582852840424,0.054231587797403336,0.004499861970543861,0.12503749132156372,0.0031537306495010853,0.046182189136743546,0.014288078993558884,0.006663134321570396,0.012286166660487652,4.549702862277627e-05,1.9127202904201113e-05,0.0001409260876243934,0.001992537174373865,0.0010264700977131724,0.0003914864209946245,3.444853973633144e-06,1.4136305708234431e-06,3.231211576348869e-05,0.33770014345645905,0.0009036442206706852,0.16564559081355887
804,2.212786966993008e-06,0.0015249736607074738,0.0009585120133124292,0.4263545274734497,0.29271286725997925,0.2682526707649231,3.827624095720239e-05,1.3993505945109064e-06,1.6593436384937377e-06,0.02043204940855503,0.00793312955647707,0.14380158483982086,0.15713466703891754,0.060492098331451416,0.06516993790864944,0.051523786038160324,0.04551534727215767,0.05023394897580147,0.0512080043554306,0.30661165714263916,0.09125494956970215,0.032304707914590836,0.05236189067363739,6.0253751144045964e-05,0.003279120195657015,0.20839129388332367,0.0008785909740254283,0.012022633105516434,0.011927799321711063,0.00024759452207945287,0.00026790291303768754,0.0006208819686435163,0.014214091934263706,0.0010738212149590254,0.004663774743676186,0.017016874626278877,0.017391985282301903,0.0018939818255603313,0.41002270579338074,0.001601156429387629,0.067359060049057,0.015281794592738152,0.01517518237233162,0.017009498551487923,8.021643225220032e-06,3.0808619158051442e-06,8.975094533525407e-05,0.001078712404705584,0.000628916488494724,0.0002888610470108688,2.7486271392263006e-06,1.0996147921105148e-06,5.551252570512588e-06,0.3173729106783867,0.0012417428370099515,0.1424144374517103
807,2.612700882309582e-06,0.0013945556711405516,0.0008848263532854617,0.46147283911705017,0.329215407371521,0.27786505222320557,4.8814374167704955e-05,1.7959345086637768e-06,1.535296405563713e-06,0.020927991718053818,0.005365588236600161,0.14984381198883057,0.1611296832561493,0.042696911841630936,0.08486248552799225,0.07223764806985855,0.03387046605348587,0.046305567026138306,0.048100098967552185,0.27829474210739136,0.06926676630973816,0.027660898864269257,0.06452152132987976,6.371462222887203e-05,0.0036073029041290283,0.1857602596282959,0.0005043653072789311,0.00756879011169076,0.008074523881077766,0.00026696184067986906,0.0005010769236832857,0.0009106046636588871,0.015173963271081448,0.0009830297203734517,0.005678547080606222,0.01936640776693821,0.025554057210683823,0.0025790403597056866,0.2093581259250641,0.0015956865390762687,0.046991799026727676,0.00954638235270977,0.021909449249505997,0.05217426270246506,3.123698479612358e-05,1.132630404754309e-05,0.0002676744188647717,0.0011810248252004385,0.0038862002547830343,0.002383677987381816,3.095537522312952e-06,1.3426979421637952e-06,2.1281644421833334e-05,0.32361654937267303,0.0011396910122130066,0.15429484023479745
810,2.5189485768351005e-06,0.0015373704954981804,0.00048734169104136527,0.483630508184433,0.3128723204135895,0.335783451795578,4.4016207539243624e-05,1.5961618373694364e-06,1.6503181541338563e-06,0.014900041744112968,0.00457904115319252,0.1673305332660675,0.1799054741859436,0.05638539791107178,0.08428651839494705,0.06661877781152725,0.02942216955125332,0.044154826551675797,0.039521723985672,0.19507232308387756,0.04680490493774414,0.039230410009622574,0.07471422851085663,7.993174222065136e-05,0.0017885835841298103,0.1575697809457779,0.0007216724916361272,0.007459602318704128,0.008377013728022575,0.0002687755913939327,0.0006356249214150012,0.0014279710594564676,0.01403803564608097,0.001145292422734201,0.006552943494170904,0.021137867122888565,0.023132214322686195,0.00355315743945539,0.15504701435565948,0.0010796485003083944,0.04437718912959099,0.009257148019969463,0.01667037606239319,0.042551472783088684,4.075287142768502e-05,2.0315432266215794e-05,0.0002237787703052163,0.0027121843304485083,0.004082873929291964,0.0024554457049816847,3.3209341836482054e-06,1.2657837942242622e-06,3.053415184695041e-05,0.32060014456510544,0.0010123560932697728,0.16189803472176814
813,2.9122934392944444e-06,0.012356269173324108,0.0027558053843677044,0.2554783225059509,0.11705300211906433,0.2295948565006256,2.364813735766802e-05,7.190294013526e-07,1.5213233837130247e-06,0.024478035047650337,0.00758522329851985,0.1656443327665329,0.18728415668010712,0.04520701244473457,0.08418523520231247,0.07234929502010345,0.03705403953790665,0.0438619926571846,0.0402766615152359,0.31891676783561707,0.06126931309700012,0.0265137180685997,0.04828214272856712,6.562872295035049e-05,0.002182750031352043,0.02838630974292755,0.00014368123083841056,0.004040348809212446,0.01739390753209591,0.00011031141184503213,0.0005986556643620133,0.0015626349486410618,0.010598058812320232,0.002255318919196725,0.0012709384318441153,0.006163811776787043,0.026568906381726265,0.001407747738994658,0.4133106470108032,0.0006959556485526264,0.028818463906645775,0.004217229317873716,0.017709212377667427,0.02007748745381832,2.99824787362013e-05,9.299765224568546e-06,0.0002287377428729087,0.0026054594200104475,0.0006747156148776412,0.0002606791094876826,4.451680524653057e-06,1.2767483212883235e-06,1.9641121980384924e-05,0.14193231612443924,0.007556037278845906,0.08587987103965133
816,2.599838126116083e-06,0.003057274501770735,0.0010971857700496912,0.36658772826194763,0.2514150142669678,0.32777461409568787,1.2089513802493457e-05,5.631237627312657e-07,1.1325936384309898e-06,0.020187044516205788,0.006979485508054495,0.13677677512168884,0.15626923739910126,0.06837299466133118,0.07534237205982208,0.058431122452020645,0.03683129698038101,0.053190138190984726,0.04875575751066208,0.261904776096344,0.06861145794391632,0.029742516577243805,0.0537656731903553,2.5404817279195413e-05,0.0011689183302223682,0.010489432141184807,0.00010428410314489156,0.0032054774928838015,0.012707523070275784,0.0002714448201004416,0.000838052888866514,0.0020957195665687323,0.001832666457630694,0.003980093635618687,0.00027513952227309346,0.0007724392344243824,0.041276488453149796,0.00585379172116518,0.19702857732772827,0.0005995556130073965,0.06391109526157379,0.005437346175312996,0.08776111900806427,0.019951704889535904,2.449958265060559e-05,1.0640207619871944e-05,0.00020426642731763422,0.002523749601095915,0.00017620465951040387,8.372367301490158e-05,2.9896586966060568e-06,6.617462418034847e-07,1.7569895135238767e-05,0.18853858020156622,0.002077230135910213,0.12317383357246096
819,2.759243216132745e-06,0.0022081921342760324,0.0010907379910349846,0.3859482705593109,0.22017014026641846,0.32186222076416016,2.0342184143373743e-05,7.725883506282116e-07,1.50865400883049e-06,0.021311582997441292,0.009248672053217888,0.11657213419675827,0.13351072371006012,0.08878367394208908,0.048603180795907974,0.034604959189891815,0.07035033404827118,0.06366723030805588,0.06372124701738358,0.3365872800350189,0.1142253503203392,0.028958851471543312,0.04401012882590294,4.580114909913391e-05,0.002493632724508643,0.02218199521303177,0.0001246076135430485,0.0035453152377158403,0.021804800257086754,0.0002309735573362559,0.0005103515577502549,0.0014019373338669538,0.0035428721457719803,0.004314505495131016,0.0008870063466019928,0.0030539771541953087,0.03672477602958679,0.004304500296711922,0.21010474860668182,0.0004161569813732058,0.0711963027715683,0.008863812312483788,0.040301207453012466,0.016077788546681404,1.7009089788189158e-05,5.986931228108006e-06,0.00012204429367557168,0.002182415686547756,0.0002865572168957442,9.413593215867877e-05,3.1153504096437246e-06,9.949685590981971e-07,1.1498010508148582e-05,0.20406513288617134,0.0016494650626555085,0.12928685315030938
822,1.939280764418072e-06,0.0031526079401373863,0.0007025739760138094,0.37717950344085693,0.2485027313232422,0.3874903917312622,2.5412789909751154e-05,7.931129175631213e-07,1.043641191245115e-06,0.021704792976379395,0.007840643636882305,0.13400790095329285,0.14603684842586517,0.07656093686819077,0.05678281560540199,0.041142478585243225,0.05888815224170685,0.05103752389550209,0.05816686153411865,0.2784730792045593,0.11372461915016174,0.02171171084046364,0.04902304336428642,5.948993930360302e-05,0.002492358908057213,0.02931399457156658,0.00013209159078542143,0.0028625447303056717,0.010313726961612701,0.00035427979310043156,0.0004868339456152171,0.0008938037208281457,0.005765241105109453,0.0026019313372671604,0.002024210523813963,0.005010080058127642,0.037314362823963165,0.006272556260228157,0.11769988387823105,0.0004986012354493141,0.04260149598121643,0.008068644441664219,0.02135325036942959,0.02118687704205513,4.331115269451402e-05,1.6504189261468127e-05,0.00034989227424375713,0.0013242346467450261,0.0006177923642098904,0.0003006868646480143,2.5002875645441236e-06,9.519096693111351e-07,2.9907670977991074e-05,0.20324674900621176,0.0019275909580755979,0.12618671370243342
825,1.7641328895479091e-06,0.007296362426131964,0.0013370425440371037,0.3310650587081909,0.131089448928833,0.3174305558204651,3.4663557016756386e-05,5.226763732935069e-07,1.2606108157342533e-06,0.019676975905895233,0.008782200515270233,0.19396455585956573,0.21124838292598724,0.09574048221111298,0.038735490292310715,0.028544260188937187,0.10133326798677444,0.03857559338212013,0.03767954558134079,0.3364541828632355,0.12327101826667786,0.0305369533598423,0.05009008198976517,8.262407209258527e-05,0.004084086045622826,0.04968579113483429,0.0001688316697254777,0.007139824330806732,0.03984168544411659,0.0005771269206888974,4.6702352847205475e-05,0.00010399057646282017,0.008586406707763672,0.00322443968616426,0.00269675743766129,0.00838213786482811,0.036380499601364136,0.0034536137245595455,0.3699931502342224,0.0008206747006624937,0.06128976121544838,0.018559686839580536,0.007048590108752251,0.005289193242788315,1.6058378605521284e-05,5.27780684933532e-06,7.301959703909233e-05,0.00048508966574445367,0.00014812900917604566,4.461329444893636e-05,1.965384171853657e-06,8.558054105378687e-07,1.0668092727428302e-05,0.1903754249215126,0.004316702485084534,0.11040525054583365
828,9.003909440252755e-07,0.0013818679144605994,0.0004036555183120072,0.4982316792011261,0.28927868604660034,0.41904351115226746,2.645085987751372e-05,3.766190559417737e-07,1.0126698271051282e-06,0.023906245827674866,0.009083342738449574,0.2432015836238861,0.24702034890651703,0.0658029317855835,0.06797683238983154,0.05379659682512283,0.04848448559641838,0.03172130510210991,0.030845150351524353,0.21060779690742493,0.09903474897146225,0.026955125853419304,0.050580982118844986,0.00010145032865693793,0.0014088107272982597,0.04637308418750763,0.00023045530542731285,0.007455687504261732,0.017971588298678398,0.0014023191761225462,5.2543935453286394e-05,0.00014554067456629127,0.003870947752147913,0.0012078791623935103,0.0039173574186861515,0.008871321566402912,0.03345216438174248,0.01250779815018177,0.12475595623254776,0.0015432703075930476,0.04689086228609085,0.024613207206130028,0.0038220537826418877,0.0024784812703728676,2.5228355298168026e-05,1.867214268713724e-05,5.036163565819152e-05,0.0017130286432802677,7.289880886673927e-05,3.8006826798664406e-05,1.6944951539699105e-06,5.417285251496651e-07,2.1950248992652632e-05,0.27230238169431686,0.0008927617163863033,0.16614325460371523
831,4.556794408472342e-07,0.001872440567240119,0.0006137997261248529,0.510271430015564,0.20435075461864471,0.3088333308696747,4.606365837389603e-05,2.9710852800235443e-07,7.808592954461346e-07,0.04161546379327774,0.014139626175165176,0.21098273992538452,0.22478057444095612,0.06796422600746155,0.0792916864156723,0.0650295615196228,0.03453352302312851,0.040281351655721664,0.03196455165743828,0.32429248094558716,0.1197463646531105,0.01926659792661667,0.03574226424098015,0.00029362639179453254,0.002702868776395917,0.1345314234495163,0.0005083318683318794,0.006350994575768709,0.048655834048986435,0.001090078498236835,3.6380524761625566e-06,8.165357940015383e-06,0.0650905966758728,0.002089644316583872,0.020873313769698143,0.05775958299636841,0.018629854544997215,0.0021000588312745094,0.3328373432159424,0.001159820007160306,0.007398918736726046,0.02073959819972515,0.0002529563498683274,0.001891131978482008,6.403185398085043e-05,2.9723185434704646e-05,5.825175321660936e-05,0.0004379038291517645,0.000614773016422987,0.00022856637951917946,2.5166507384710712e-06,4.1307495735054545e-07,4.687751970777754e-05,0.32240142673254013,0.001243120146682486,0.1700944111419934
834,1.1317321195747354e-06,0.0024962956085801125,0.0005027000443078578,0.4921070337295532,0.19862565398216248,0.3808746039867401,6.216397014213726e-05,6.74628097385721e-07,1.2662968629228999e-06,0.031415924429893494,0.011030469089746475,0.1740644872188568,0.19626234471797943,0.05740264803171158,0.07122491300106049,0.05822725221514702,0.04168258607387543,0.04316169396042824,0.03681527450680733,0.37021058797836304,0.08934135735034943,0.024169273674488068,0.03799108788371086,0.0002055816148640588,0.0021593300625681877,0.15420204401016235,0.0007770852535031736,0.0035195518285036087,0.026726016774773598,0.000264408445218578,6.309644231805578e-05,0.0001433265715604648,0.03208330273628235,0.0028146356344223022,0.023652605712413788,0.07725121080875397,0.02111833170056343,0.0017090050969272852,0.1986493468284607,0.00042601063614711165,0.014224786311388016,0.016255958005785942,0.0012167176464572549,0.00940650887787342,4.567949508782476e-05,1.6380456145270728e-05,0.0001448086550226435,0.0011282176710665226,0.0028109189588576555,0.0009279130026698112,4.5027409214526415e-06,1.115582449529029e-06,3.1029975616547745e-05,0.3231545388698578,0.001499497826443985,0.1641044855811439
837,2.372783001192147e-06,0.002786646131426096,0.00044772541150450706,0.3922123610973358,0.24438105523586273,0.4716655910015106,5.075020817457698e-05,1.3690091691387352e-06,1.5902058976280387e-06,0.019148889929056168,0.009090633131563663,0.1386394202709198,0.16912508010864258,0.04393178969621658,0.07392898201942444,0.06344684958457947,0.04290930926799774,0.052491843700408936,0.045345935970544815,0.3239518105983734,0.06718040257692337,0.035908352583646774,0.04740698263049126,8.998927660286427e-05,0.003063279902562499,0.17532466351985931,0.0007394528365693986,0.0050681959837675095,0.010887856595218182,0.00012516578135546297,0.0005223465850576758,0.0011747820535674691,0.030184518545866013,0.0026530360337346792,0.009258425794541836,0.028567440807819366,0.014201970770955086,0.0012180313933640718,0.3476593792438507,0.00042723334627225995,0.03585754334926605,0.011971104890108109,0.006564212962985039,0.022668382152915,1.57647518790327e-05,4.9027521527023055e-06,0.00020919680537190288,0.001492425799369812,0.0019259114051237702,0.000691788736730814,4.5043989302939735e-06,1.7516383650217904e-06,1.0333752015867503e-05,0.28376851230859756,0.0016171857714653015,0.13130316324532032
840,1.706209332041908e-06,0.0024232282303273678,0.0001774411794031039,0.4583376348018646,0.27677789330482483,0.5448988676071167,4.721023651654832e-05,1.1101263908130932e-06,1.4739549669684493e-06,0.014491916634142399,0.004804396070539951,0.23269130289554596,0.24864599108695984,0.09595707058906555,0.05086566135287285,0.03311451897025108,0.06370536237955093,0.03060349076986313,0.02535824477672577,0.2286008596420288,0.04389389604330063,0.04638347029685974,0.07736683636903763,9.366216545458883e-05,0.0025828899815678596,0.09360327571630478,0.0005141502479091287,0.002468072110787034,0.008698152378201485,0.0002641617611516267,0.0004587152216117829,0.0008667053189128637,0.013975151814520359,0.002345215529203415,0.011555192060768604,0.03480254113674164,0.016241509467363358,0.0023261175956577063,0.27538245916366577,0.0005716068553738296,0.04178136587142944,0.012115653604269028,0.010237454436719418,0.030852463096380234,1.6702904758858494e-05,6.301400389929768e-06,0.00019648966554086655,0.0011371634900569916,0.0028446794021874666,0.0013884586514905095,4.913512839266332e-06,1.2356227898635552e-06,1.1502152574394131e-05,0.2759704552590847,0.0013003347048652358,0.15322101844746308
843,2.217320343333995e-06,0.0010354932164773345,0.00043255952186882496,0.4835791289806366,0.40058693289756775,0.41122281551361084,5.167477502254769e-05,1.9027075950361905e-06,1.7912973362399498e-06,0.01698882132768631,0.005162522196769714,0.15894438326358795,0.17262151837348938,0.05631832033395767,0.07382503151893616,0.05638253316283226,0.03968396037817001,0.046141237020492554,0.03993985056877136,0.2266010344028473,0.036945510655641556,0.03960803896188736,0.07589122653007507,8.562676521250978e-05,0.0011898914817720652,0.13571153581142426,0.0010738064302131534,0.003546597436070442,0.0032319456804543734,0.00021076085977256298,0.002671188907697797,0.005481896921992302,0.008662030100822449,0.00035010831197723746,0.014937056228518486,0.042333703488111496,0.020571576431393623,0.003922739997506142,0.12246692180633545,0.0025725692976266146,0.0499451607465744,0.011389326304197311,0.01528223231434822,0.039308223873376846,1.878955117717851e-05,1.0005474905483425e-05,0.00034471903927624226,0.004046519752591848,0.003136169631034136,0.002138088457286358,5.932097792538116e-06,1.926730419654632e-06,1.4397513041330967e-05,0.3096453323960304,0.0007340263691730797,0.1639107382701089
846,2.3459533622371964e-06,0.013771206140518188,0.0012645880924537778,0.26889535784721375,0.11723064631223679,0.28757408261299133,5.7603516324888915e-05,1.807198373171559e-06,1.5882023944868706e-06,0.01159597933292389,0.004416865762323141,0.3317807912826538,0.3462776243686676,0.0490032359957695,0.08649490773677826,0.06629951298236847,0.031166747212409973,0.017767220735549927,0.015559292398393154,0.12856808304786682,0.03127468004822731,0.04611291363835335,0.08443193882703781,9.916019917000085e-05,0.0030126271303743124,0.20846836268901825,0.0006200797506608069,0.0029512138571590185,0.0023881488014012575,0.0002524655719753355,0.01142093911767006,0.01854793168604374,0.006296494975686073,0.0021856152452528477,0.020711416378617287,0.043901875615119934,0.012208501808345318,0.004415885079652071,0.05832437053322792,0.00015533820260316133,0.05886925756931305,0.010280923917889595,0.016898658126592636,0.059196021407842636,2.5112152798101306e-05,1.3502391993824858e-05,0.0008376907790079713,0.004011678509414196,0.005343278869986534,0.00378398853354156,3.6953401831851806e-06,2.9407101465039887e-06,1.9307272395963082e-05,0.238681860268116,0.007517897116485983,0.09962140955030918
849,2.7824517019325867e-06,0.0208483524620533,0.005461933556944132,0.16076737642288208,0.08650492876768112,0.1778586059808731,7.25861027603969e-05,2.0545703591778874e-06,1.713745177767123e-06,0.011711363680660725,0.005706513300538063,0.2077116072177887,0.22857241332530975,0.05422896146774292,0.08689165115356445,0.0650893822312355,0.025758257135748863,0.029228677973151207,0.02808886580169201,0.15464189648628235,0.04894600436091423,0.04314129799604416,0.06618472188711166,0.00013201024557929486,0.003131774952635169,0.2359532117843628,0.0004909706185571849,0.0024907735642045736,0.0026579443365335464,0.000203833551495336,0.019543316215276718,0.0309061910957098,0.008426071144640446,0.0019978503696620464,0.029818600043654442,0.06709720939397812,0.014318478293716908,0.0040030586533248425,0.04364464059472084,0.00011507233284646645,0.03313180431723595,0.005887922830879688,0.01028446201235056,0.06962183862924576,6.556097650900483e-05,3.390678466530517e-05,0.0019699556287378073,0.006197112146764994,0.012574324384331703,0.009032648988068104,4.6058817133598495e-06,3.9087481127353385e-06,4.9733880587155e-05,0.19836029410362244,0.013155143009498715,0.07040562791128953
852,2.66791812464362e-06,0.036984145641326904,0.0015637535834684968,0.15516337752342224,0.06219799444079399,0.25953274965286255,7.678603287786245e-05,2.3977027012733743e-06,1.071819497155957e-06,0.017889736220240593,0.004532059654593468,0.33549201488494873,0.3484809398651123,0.046207986772060394,0.10012546181678772,0.07887652516365051,0.026236826553940773,0.017336230725049973,0.014801491051912308,0.13574127852916718,0.02329028770327568,0.031829025596380234,0.08418354392051697,0.0001018567563733086,0.004740279633551836,0.36505016684532166,0.0005469524767249823,0.003052086103707552,0.0012867084005847573,0.00028077655588276684,0.07512332499027252,0.10790259391069412,0.006877365056425333,0.0015882690204307437,0.023331576958298683,0.03233325481414795,0.007700829766690731,0.003835049457848072,0.04300442337989807,0.0001256727409781888,0.023620236665010452,0.0058160098269581795,0.01429701130837202,0.10593900829553604,6.395501259248704e-05,4.462461220100522e-05,0.003939035348594189,0.008851161226630211,0.016117636114358902,0.01605440489947796,4.855593033425976e-06,4.179117240710184e-06,5.428981239674613e-05,0.26010677218437195,0.0192739496123977,0.1127297654747963
855,2.081564161926508e-06,0.00818921159952879,0.00042494514491409063,0.3105941414833069,0.1257694661617279,0.3522379994392395,5.8122077462030575e-05,1.959681412699865e-06,8.423069175478304e-07,0.01830502599477768,0.007248105481266975,0.2759704291820526,0.28978291153907776,0.048554182052612305,0.1087745800614357,0.0823940858244896,0.020938614383339882,0.023139074444770813,0.02044621668756008,0.16821998357772827,0.050950828939676285,0.02890234813094139,0.05798376724123955,8.153355156537145e-05,0.0017373327864333987,0.3091250956058502,0.0009787938324734569,0.006159913260489702,0.00145571434404701,0.00034722182317636907,0.01944216713309288,0.027764927595853806,0.0036053068470209837,0.0006171123823150992,0.012521952390670776,0.024010010063648224,0.015762967988848686,0.005782392807304859,0.03145895525813103,0.00043939618626609445,0.03067745268344879,0.008975408971309662,0.015472246333956718,0.04189110919833183,5.555865936912596e-05,3.536788426572457e-05,0.0019714501686394215,0.005159469787031412,0.005012271925806999,0.004897470120340586,3.1430979561264394e-06,2.17764818444266e-06,4.5463271817425266e-05,0.30985961854457855,0.00430707837222144,0.11926707873741786
858,1.8470649365553982e-06,0.007781424093991518,0.0005216338322497904,0.27642467617988586,0.14717739820480347,0.4017014503479004,8.29835917102173e-05,1.7537043959237053e-06,9.838693131314358e-07,0.01738744042813778,0.006044719833880663,0.1630873829126358,0.19541171193122864,0.040562767535448074,0.10753720998764038,0.08950131386518478,0.020551616325974464,0.039182353764772415,0.03801586851477623,0.26137247681617737,0.061026837676763535,0.030269727110862732,0.0668339803814888,0.00011305679072393104,0.0035695896949619055,0.3374103605747223,0.0006777673261240125,0.004323458764702082,0.0022337266709655523,0.0003743827692233026,0.010362541303038597,0.01503092609345913,0.005673680454492569,0.0008021275862120092,0.026057690382003784,0.05117408558726311,0.015428304672241211,0.005101657472550869,0.02982407622039318,0.00027491533546708524,0.019989516586065292,0.007152908015996218,0.006190836429595947,0.03054816462099552,8.214343688450754e-05,4.7807949158595875e-05,0.0017871403833851218,0.004756186623126268,0.004319709725677967,0.003354929620400071,4.006595190730877e-06,2.80776680483541e-06,6.49756930215517e-05,0.3069175183773041,0.004151528963120654,0.10060604785879453
861,1.8165999335906236e-06,0.002148972824215889,0.00023284193594008684,0.43577346205711365,0.2591586709022522,0.4876340329647064,9.526291250949726e-05,1.8677076241147006e-06,1.3239430245448602e-06,0.01998644694685936,0.004236376378685236,0.13149280846118927,0.15968967974185944,0.023703040555119514,0.15772423148155212,0.14700092375278473,0.01341309491544962,0.049178142100572586,0.052080169320106506,0.25144681334495544,0.04367727041244507,0.02996394783258438,0.09703640639781952,0.0001346889475826174,0.001488420064561069,0.2591845393180847,0.0010934789897873998,0.003991609439253807,0.0028886967338621616,0.000241391098825261,0.00880587100982666,0.013387657701969147,0.005010623950511217,0.000542648951523006,0.0330020971596241,0.08764347434043884,0.027538921684026718,0.004250633530318737,0.030234381556510925,0.0005075223161838949,0.02557038702070713,0.00919177383184433,0.007666135672479868,0.029444394633173943,7.445172377629206e-05,3.332921187393367e-05,0.0016797803109511733,0.00388995255343616,0.005437549669295549,0.003904634388163686,4.842399448534707e-06,2.1545963591051986e-06,5.3890467825112864e-05,0.3474790006875992,0.001190907380077988,0.15265566358963648
864,3.0656913168058963e-06,0.008785358630120754,0.000258863641647622,0.3128366470336914,0.10606537014245987,0.4193558096885681,0.00010605261195451021,2.2156334580358816e-06,1.4846584690531017e-06,0.025837747380137444,0.0041270130313932896,0.1919441521167755,0.21195252239704132,0.024166321381926537,0.17092159390449524,0.15517213940620422,0.011501853354275227,0.03409000486135483,0.0342988558113575,0.23077742755413055,0.0371951125562191,0.02269739843904972,0.09412021934986115,0.00017146358732134104,0.0013332328526303172,0.17680111527442932,0.00048132429947145283,0.006969043985009193,0.004429048392921686,0.00014323637878987938,0.02059018611907959,0.03063536249101162,0.006058171391487122,0.0007736352272331715,0.018941108137369156,0.05831991136074066,0.05594324693083763,0.0037697628140449524,0.027738846838474274,0.0003522766928654164,0.028822489082813263,0.007146276533603668,0.007210569456219673,0.029179975390434265,0.00022692044149152935,7.403034396702424e-05,0.005082353483885527,0.005595434922724962,0.006115366239100695,0.0034710695035755634,4.290245669835713e-06,2.704115104279481e-06,0.0001504753927292768,0.24481888115406036,0.004522111135884188,0.1213540652145942
867,2.6956874989991775e-06,0.0024265851825475693,0.00047883123625069857,0.37913575768470764,0.24382567405700684,0.4376276135444641,8.659737068228424e-05,2.3104510091798147e-06,1.591116074450838e-06,0.03643970936536789,0.007416680455207825,0.11576532572507858,0.14559350907802582,0.009595652110874653,0.28159084916114807,0.27762001752853394,0.006561566609889269,0.057337962090969086,0.058734871447086334,0.36788710951805115,0.05896935611963272,0.018379656597971916,0.061893612146377563,0.00010926293180091307,0.002472406718879938,0.24934659898281097,0.0006682713865302503,0.006329761818051338,0.0029511929024010897,0.00017453418695367873,0.02466640993952751,0.03937146067619324,0.0036093981470912695,0.0005576020921580493,0.015276708640158176,0.04296080023050308,0.027847908437252045,0.002884341636672616,0.04311557859182358,0.00047914788592606783,0.04400734230875969,0.01047984603792429,0.015516717918217182,0.028919480741024017,3.813415241893381e-05,1.3204828974267002e-05,0.0020505874417722225,0.004219076130539179,0.002464852761477232,0.0015711794840171933,4.963619630871108e-06,2.797266006382415e-06,2.5669490696600405e-05,0.3142411783337593,0.001452708209399134,0.14772454276680946
870,2.009521494983346e-06,0.005810467526316643,0.0013209524331614375,0.29616159200668335,0.14720675349235535,0.31509730219841003,6.691743328701705e-05,2.0082263745280216e-06,1.2663379038713174e-06,0.022471455857157707,0.006132166832685471,0.08638226240873337,0.10298609733581543,0.02240559458732605,0.16824238002300262,0.1503896564245224,0.011351831257343292,0.07279262691736221,0.08792971819639206,0.2997836768627167,0.07987424731254578,0.02433030866086483,0.07203700393438339,0.0001002828503260389,0.00167655514087528,0.22064970433712006,0.0010370442178100348,0.004602523520588875,0.002391587710008025,0.00015477575652766973,0.008871582336723804,0.012037544511258602,0.0061007095500826836,0.0005254315910860896,0.019853714853525162,0.062048207968473434,0.021321294829249382,0.002123299753293395,0.09880595654249191,0.0006653849268332124,0.03642547130584717,0.008732751943171024,0.008992871269583702,0.02195473574101925,2.662990300450474e-05,8.428200089838356e-06,0.0015414344379678369,0.0018338185036554933,0.0018504636827856302,0.0010809422237798572,4.4193579924467485e-06,2.0294876321713673e-06,1.7529051547171548e-05,0.2584056481719017,0.00356570997973904,0.10569023961822192
873,2.261212330267881e-06,0.0014282899210229516,0.0006453770329244435,0.37907105684280396,0.3519677519798279,0.4238390028476715,6.002538066240959e-05,3.1180995847535087e-06,1.2740870261040982e-06,0.07498013228178024,0.01905210129916668,0.15187963843345642,0.16988925635814667,0.0071334620006382465,0.28133100271224976,0.24936522543430328,0.01135012973099947,0.046803198754787445,0.05377128720283508,0.43887946009635925,0.15742826461791992,0.009978566318750381,0.03396868705749512,0.00010901950736297294,0.0014547304017469287,0.1801045835018158,0.0011081810807809234,0.0055670118890702724,0.0022539824713021517,0.00012650544522330165,0.01606813631951809,0.026336586102843285,0.006565331947058439,0.0008053439669311047,0.011457218788564205,0.03571828827261925,0.012997232377529144,0.0015219643246382475,0.24242739379405975,0.0005180125590413809,0.06021908298134804,0.008406789973378181,0.01563192717730999,0.02013281360268593,8.600201908848248e-06,2.4420241970801726e-06,0.0009950161911547184,0.002848275937139988,0.000925860193092376,0.0005223361076787114,4.627128873835318e-06,2.636240424180869e-06,5.5211130529642105e-06,0.2795878201723099,0.0010368334769736975,0.14049192642172179
876,3.3446194720454514e-06,0.004244798794388771,0.0006981189362704754,0.32619452476501465,0.20436201989650726,0.3721793591976166,3.4776265238178894e-05,3.810275757132331e-06,1.270739176106872e-06,0.09595276415348053,0.02805216796696186,0.2602321207523346,0.28070786595344543,0.011163419112563133,0.24073541164398193,0.22221747040748596,0.013028894551098347,0.02796010859310627,0.02780689112842083,0.39138805866241455,0.16145840287208557,0.008062334731221199,0.0242203027009964,7.004896178841591e-05,0.0009216225007548928,0.08245039731264114,0.0008882317342795432,0.004850597120821476,0.0023719696328043938,0.0001410568947903812,0.018424032256007195,0.036470599472522736,0.005457847844809294,0.00016679236432537436,0.004243049770593643,0.015347027219831944,0.016033705323934555,0.0015616659075021744,0.314715713262558,0.004434217233210802,0.09313154965639114,0.006384015548974276,0.05229376628994942,0.04229140654206276,7.268391073012026e-06,2.5676308723632246e-06,0.0006592264981009066,0.004951346665620804,0.0008246738580055535,0.0005253712879493833,5.195233825361356e-06,2.6050872747873655e-06,4.918010972687625e-06,0.2043224610388279,0.0024714588653296232,0.12702971883118153
879,3.991988251073053e-06,0.012348691001534462,0.0014370661228895187,0.2469264268875122,0.11473476141691208,0.30822646617889404,4.97189030284062e-05,2.455580670357449e-06,1.189808585877472e-06,0.042370397597551346,0.008815478533506393,0.12111375480890274,0.14642013609409332,0.044861745089292526,0.07187522947788239,0.06588238477706909,0.047634586691856384,0.056005507707595825,0.06587647646665573,0.3659367561340332,0.07244633883237839,0.016427485272288322,0.049015093594789505,5.768393384641968e-05,0.0044998899102211,0.15945489704608917,0.00038130590110085905,0.0032981967087835073,0.002127646468579769,0.00012448908819351345,0.010203778743743896,0.017843447625637054,0.006635650526732206,0.0014189340872690082,0.008534916676580906,0.018787384033203125,0.017730219289660454,0.003509743371978402,0.07636836916208267,0.00030948666972108185,0.07751954346895218,0.010936543345451355,0.035083621740341187,0.07691715657711029,1.6635769497952424e-05,6.127860160631826e-06,0.0006839197012595832,0.0032663485035300255,0.00375414383597672,0.0017334099393337965,3.6055751024832716e-06,3.7330100894905627e-06,1.1381814829292125e-05,0.2031906619668007,0.00689287856221199,0.09165788441896439
882,2.7702751594915753e-06,0.006650921422988176,0.001569812884554267,0.19374890625476837,0.19128631055355072,0.32936686277389526,4.099414582015015e-05,1.988099484151462e-06,1.4145570048640366e-06,0.044064875692129135,0.02125728316605091,0.27395978569984436,0.2941574454307556,0.051258113235235214,0.08031880855560303,0.0634145513176918,0.038968686014413834,0.0251296516507864,0.02197154611349106,0.3416547477245331,0.09577760100364685,0.016485130414366722,0.026845185086131096,7.02789329807274e-05,0.00530264200642705,0.12475517392158508,0.0002545164606999606,0.0032698975410312414,0.0022612721659243107,6.437426782213151e-05,0.02362942509353161,0.040826842188835144,0.004887863527983427,0.001863761804997921,0.0066306013613939285,0.021560758352279663,0.013938484713435173,0.0014883384574204683,0.14810214936733246,0.00021008250769227743,0.07618259638547897,0.010361583903431892,0.03673549368977547,0.04860389977693558,7.17176135367481e-06,1.99890200747177e-06,0.000985765946097672,0.0034084594808518887,0.002518991008400917,0.0012338054366409779,5.160658020031406e-06,3.2256868962576846e-06,4.58533168057329e-06,0.15925204008817673,0.004110367153771222,0.08606839117904504
885,3.1094289170141565e-06,0.0031217557843774557,0.0011902863625437021,0.3621666133403778,0.24102309346199036,0.35764527320861816,6.064578701625578e-05,2.8956551432202104e-06,1.5901209735602606e-06,0.027305684983730316,0.010275039821863174,0.07702722400426865,0.08920235931873322,0.053842294961214066,0.0642838105559349,0.047390423715114594,0.05279101803898811,0.08349599689245224,0.10332995653152466,0.4053554832935333,0.13013780117034912,0.024671997874975204,0.05292955040931702,5.3916759497951716e-05,0.0040590520948171616,0.17466595768928528,0.0012931555975228548,0.002591716591268778,0.0027057984843850136,9.830541966948658e-05,0.004761959426105022,0.0067159938625991344,0.005178613122552633,0.0008959195110946894,0.016703153029084206,0.04843154549598694,0.01777351275086403,0.0015021860599517822,0.3371562361717224,0.0009827351896092296,0.16784091293811798,0.02910422720015049,0.04840519651770592,0.04253961890935898,1.7597691339688026e-06,3.8201542906790564e-07,0.00036510222707875073,0.0005433508777059615,0.0010443173814564943,0.00045123021118342876,5.8480713960307185e-06,2.3545578642369946e-06,1.0708922815183541e-06,0.26841628551483154,0.002156021073460579,0.12454818887636065
888,1.4428914028030704e-06,0.004106889944523573,0.002207431709393859,0.26999524235725403,0.2382662147283554,0.2714858949184418,4.6940025640651584e-05,1.9135734419251094e-06,1.1486052926557022e-06,0.028373748064041138,0.012436392717063427,0.13409584760665894,0.14184881746768951,0.03004232607781887,0.11153971403837204,0.09314500540494919,0.024107443168759346,0.04521244764328003,0.060836900025606155,0.28742411732673645,0.1442878544330597,0.019221384078264236,0.047924257814884186,7.61011106078513e-05,0.00564873730763793,0.21518760919570923,0.0006859428831376135,0.0030631213448941708,0.0023193834349513054,0.0001167577865999192,0.0042214649729430676,0.0052879368886351585,0.010843219235539436,0.0011980714043602347,0.015265656635165215,0.042752254754304886,0.011568242684006691,0.0010273422813042998,0.2865988612174988,0.00043012676178477705,0.03833272308111191,0.012225949205458164,0.007992039434611797,0.023636166006326675,7.204185749287717e-06,1.6127066828630632e-06,0.0010074223391711712,0.000722776516340673,0.0010816577123478055,0.0004931370494887233,4.797326710104244e-06,2.205754071837873e-06,4.40844621607539e-06,0.24259142577648163,0.003157160826958716,0.09316821473961075
891,1.2832643960791756e-06,0.007937517948448658,0.003990011289715767,0.16433873772621155,0.14283041656017303,0.195526584982872,3.6028814065502957e-05,1.4982447282818612e-06,1.07478876998357e-06,0.0346408374607563,0.015926750376820564,0.20685039460659027,0.22657184302806854,0.03486385568976402,0.11697300523519516,0.09789017587900162,0.01879093423485756,0.029818682000041008,0.033245231956243515,0.2776455283164978,0.11652558296918869,0.018326612189412117,0.03770183026790619,8.04379305918701e-05,0.0029610984493047,0.22866162657737732,0.001303328201174736,0.002719787647947669,0.0019023844506591558,0.0001177158483187668,0.0036634618882089853,0.005773752927780151,0.010563932359218597,0.0006919255829416215,0.01635877601802349,0.04795745387673378,0.0074934326112270355,0.001125953160226345,0.21425481140613556,0.0005997992702759802,0.02812136523425579,0.014921201393008232,0.006051294971257448,0.02468295767903328,6.589151780644897e-06,2.3044874524202896e-06,0.00047638078103773296,0.0014515636721625924,0.0013428829843178391,0.000784729840233922,5.3722196753369644e-06,2.2832243757875403e-06,4.4468196165325935e-06,0.19650018215179443,0.0059637646190822124,0.0579253175140669
894,2.180894398406963e-06,0.00418766587972641,0.001542564365081489,0.27041149139404297,0.19171516597270966,0.3039153516292572,4.3488536903169006e-05,2.021087766479468e-06,1.1841102605103515e-06,0.0458192303776741,0.014454780146479607,0.14751723408699036,0.16886787116527557,0.016157103702425957,0.2057458609342575,0.2027541548013687,0.009383889846503735,0.04219686985015869,0.04760495945811272,0.3586433529853821,0.11600049585103989,0.012485019862651825,0.0370611697435379,4.766778147313744e-05,0.0025769046042114496,0.2367420792579651,0.0016337314154952765,0.005163622088730335,0.0029907093849033117,0.00020228313223924488,0.002715599024668336,0.0036163381300866604,0.005461208056658506,0.0003279965021647513,0.00770342443138361,0.027432238683104515,0.02128729410469532,0.0014777355827391148,0.2132761925458908,0.0025712018832564354,0.07064563035964966,0.017534831538796425,0.033453959971666336,0.03951244801282883,5.874629096069839e-06,1.5668052810724475e-06,0.00043298935634084046,0.0006220524082891643,0.0011667729122564197,0.0007169221062213182,4.236402219248703e-06,1.538265792078164e-06,3.720717188571143e-06,0.25357678532600403,0.0028651151224039495,0.09224780951626599
897,2.4302639758388977e-06,0.005977739579975605,0.00321983452886343,0.24815607070922852,0.14485381543636322,0.21940545737743378,4.0977531170938164e-05,1.7889771015688893e-06,1.4280367395258509e-06,0.028728092089295387,0.012064477428793907,0.10645692050457001,0.12727175652980804,0.02525964565575123,0.14128868281841278,0.12759505212306976,0.014938600361347198,0.0580449253320694,0.06205359101295471,0.3473551571369171,0.10365276783704758,0.02120303362607956,0.041898325085639954,4.3711974285542965e-05,0.004039473831653595,0.23194022476673126,0.0013753111707046628,0.00490973424166441,0.0033296120818704367,0.00018895542598329484,0.0020065249409526587,0.002995077520608902,0.006502220407128334,0.0005106084863655269,0.009307599626481533,0.029509836807847023,0.016932779923081398,0.001489538699388504,0.36908257007598877,0.0019041236955672503,0.11520909518003464,0.027701815590262413,0.03398723900318146,0.027571378275752068,1.9915476059395587e-06,5.385358576859289e-07,0.00020963828137610108,0.0004926698165945709,0.0005333813605830073,0.0002826116979122162,4.462123797566164e-06,1.573552822264901e-06,1.2650417318127438e-06,0.2400481477379799,0.0045987870544195175,0.08438589105693002
900,2.2735746370017296e-06,0.003463395405560732,0.001382834860123694,0.29107043147087097,0.23982375860214233,0.33104208111763,4.863845606450923e-05,2.3813497591618216e-06,1.4150049310046597e-06,0.038645755499601364,0.010209053754806519,0.13124586641788483,0.1537652611732483,0.015028977766633034,0.1847909837961197,0.172966867685318,0.01481313444674015,0.0504787340760231,0.05554499104619026,0.34484806656837463,0.09008848667144775,0.015998415648937225,0.05493609979748726,4.504730168264359e-05,0.0022535747848451138,0.24412406980991364,0.001929871505126357,0.0058150202967226505,0.0022500664927065372,0.0001941526134032756,0.004990356508642435,0.007872747257351875,0.004127487540245056,0.00010593182378215715,0.009286613203585148,0.027097370475530624,0.017109094187617302,0.001692214049398899,0.2645125389099121,0.008356509730219841,0.10449063777923584,0.02156703546643257,0.03934503346681595,0.02751905843615532,2.8079437015549047e-06,8.544076877115003e-07,0.0003444953472353518,0.0009662340744398534,0.0005284755607135594,0.0002891928015742451,4.649258698918857e-06,2.013621269725263e-06,1.8311756946332025e-06,0.2675972506403923,0.002423115132842213,0.10131117841228843
903,2.2169820113049354e-06,0.004329012706875801,0.0010645908769220114,0.30158644914627075,0.1720367968082428,0.3498651683330536,4.125848499825224e-05,1.8911567849499988e-06,1.075160867003433e-06,0.04744381085038185,0.015728486701846123,0.14000289142131805,0.16707384586334229,0.01248908881098032,0.23373942077159882,0.2252809703350067,0.009259934537112713,0.04547619819641113,0.04910317808389664,0.3755054473876953,0.11896491795778275,0.012585909105837345,0.033732593059539795,4.4834730942966416e-05,0.0033701967913657427,0.2409091740846634,0.0013929859269410372,0.006601816508919001,0.002230572747066617,0.00019573478493839502,0.0038722592871636152,0.0051196180284023285,0.004814746789634228,0.0004943812382407486,0.006534118205308914,0.018183868378400803,0.017222000285983086,0.0017658299766480923,0.23141361773014069,0.0014775419840589166,0.0787808746099472,0.020586159080266953,0.034711699932813644,0.028753848746418953,4.112783699383726e-06,1.1646578741419944e-06,0.0004653822397813201,0.0006040693842805922,0.0005358359776437283,0.00034811091609299183,3.6280121094023343e-06,1.5001505744294263e-06,2.6387207867628604e-06,0.27124781161546707,0.0026968017918989062,0.10352610882061224
906,2.1337903035600903e-06,0.004866837058216333,0.001217418466694653,0.3064071536064148,0.14819246530532837,0.31564968824386597,3.849995482596569e-05,1.7705832533465582e-06,9.246184617950348e-07,0.06689637154340744,0.022266482934355736,0.12266045063734055,0.14591988921165466,0.013705126009881496,0.21357254683971405,0.20476193726062775,0.010468128137290478,0.051975052803754807,0.05683630332350731,0.4101167321205139,0.1413310319185257,0.008913641795516014,0.02393319457769394,4.05351966037415e-05,0.004043485037982464,0.24251951277256012,0.0011826931731775403,0.008031231351196766,0.002716393442824483,0.00023451003653462976,0.002635713666677475,0.0032641540747135878,0.005258350167423487,0.0005312751163728535,0.005281344521790743,0.014717040583491325,0.01846831664443016,0.0017495803767815232,0.296396404504776,0.0016117841005325317,0.08517862111330032,0.01794390380382538,0.03849891945719719,0.024338070303201675,3.838176326098619e-06,9.89945533547143e-07,0.00042138510616496205,0.0004183096461929381,0.0004024632216896862,0.00024832357303239405,3.110986199317267e-06,1.260075919162773e-06,2.414060929822881e-06,0.27446333318948746,0.003042127762455493,0.10410234044926862
909,2.3341572159552015e-06,0.0024882867000997066,0.0007606364670209587,0.34175726771354675,0.2388027310371399,0.37082308530807495,3.338170063216239e-05,1.6143039829330519e-06,1.2443582591004088e-06,0.050581853836774826,0.02190374955534935,0.1518258899450302,0.17296727001667023,0.019819259643554688,0.17797847092151642,0.17619547247886658,0.012304669246077538,0.043586280196905136,0.045954346656799316,0.38464686274528503,0.15402032434940338,0.012698754668235779,0.024905802682042122,4.275961691746488e-05,0.003918456844985485,0.2193913459777832,0.0011080949334427714,0.0076639121398329735,0.00563972070813179,0.00018324406119063497,0.0008204624173231423,0.001382895396091044,0.008714004419744015,0.001389337470754981,0.004466250538825989,0.016116198152303696,0.01568562537431717,0.0012754593044519424,0.42702701687812805,0.000934080162551254,0.08886732906103134,0.02024739235639572,0.03325391933321953,0.027786700055003166,3.1451459108211566e-06,8.627998226984346e-07,0.000151626649312675,0.0005896966904401779,0.0006914041587151587,0.0003560765471775085,3.478815415292047e-06,1.0863385568882222e-06,2.0039728667597956e-06,0.280574306845665,0.0016244615835603327,0.11465354184232031
912,1.6608665873718564e-06,0.0032003377564251423,0.0008766627288423479,0.3183058798313141,0.22807353734970093,0.35230541229248047,2.848621988960076e-05,1.7294208873863681e-06,1.025362394102558e-06,0.03742557764053345,0.01749962568283081,0.1447547972202301,0.16232836246490479,0.06680241227149963,0.08406057953834534,0.054819393903017044,0.03243466094136238,0.045027557760477066,0.04771515354514122,0.3496694564819336,0.17919228971004486,0.015233084559440613,0.034727610647678375,5.026437065680511e-05,0.004207208752632141,0.22597427666187286,0.001244836370460689,0.006578169763088226,0.003977537155151367,0.0003241396916564554,0.0004425372462719679,0.0007185325375758111,0.01339749526232481,0.000766325683798641,0.006526289042085409,0.019484763965010643,0.009735225699841976,0.0014597156550735235,0.5021102428436279,0.0018095675623044372,0.07362595945596695,0.021143944934010506,0.018075689673423767,0.02007138729095459,2.607538135634968e-06,9.285967053074273e-07,0.00010575470514595509,0.0004951516166329384,0.0005036326474510133,0.00030331124435178936,3.060211383854039e-06,1.0413217523819185e-06,1.7680674204711977e-06,0.2721400782465935,0.002038500242633745,0.10648898320505396
915,2.605733470772975e-06,0.010160570964217186,0.004464805591851473,0.1670050024986267,0.15063220262527466,0.19389645755290985,3.1414190743817016e-05,4.2949307044182206e-07,6.067500635253964e-07,0.675955593585968,0.6171056628227234,0.6403749585151672,0.6619285345077515,0.03613940253853798,0.1441074013710022,0.14155173301696777,0.0274906475096941,0.006421899888664484,0.007139426190406084,0.7097622156143188,0.7003938555717468,0.00044429159606806934,0.00021982088219374418,3.7626643461408094e-05,0.003999793902039528,0.11898043751716614,0.0005087028839625418,0.055499669164419174,0.01580192893743515,0.0009199200430884957,4.2431453039171174e-05,0.0001071601509465836,0.002462427131831646,0.001280086929909885,0.0009294189512729645,0.003277397248893976,0.024811802431941032,0.0028812659438699484,0.6094681024551392,0.004353329073637724,0.1179172471165657,0.06221726909279823,0.015886541455984116,0.0032506089191883802,4.692856236943044e-06,1.798267135200149e-06,2.7644040528684855e-05,0.0008320647175423801,4.177715163677931e-05,1.3559568287746515e-05,1.967189518836676e-06,6.571025892299076e-07,3.2455616860715963e-06,0.14299272000789642,0.007312688278034329,0.05571819803420416
918,1.4296515473688487e-06,0.009034194983541965,0.0013910002307966352,0.19162321090698242,0.13153932988643646,0.38773882389068604,2.169555773434695e-05,4.0419200786345755e-07,4.950270522385836e-07,0.1495736986398697,0.11831089854240417,0.2284051477909088,0.2648150622844696,0.020367590710520744,0.1885276585817337,0.19715166091918945,0.018108772113919258,0.04040829464793205,0.03510652855038643,0.5594461560249329,0.400832861661911,0.0047651538625359535,0.007015198934823275,3.0926941690267995e-05,0.001737208804115653,0.08051692694425583,0.0006085423519834876,0.0390222892165184,0.01135430857539177,0.0010289520723745227,7.948595157358795e-05,0.0001669957273406908,0.0009794235229492188,0.00037575134774670005,0.000806102529168129,0.0017861827509477735,0.035286348313093185,0.003317635739222169,0.4673583209514618,0.008131859824061394,0.16853156685829163,0.08207791298627853,0.020169150084257126,0.0007267922628670931,2.530028268665774e-06,7.417838219225814e-07,5.140636858413927e-05,0.0003460675070527941,5.303544639900792e-06,1.8520739786254126e-06,1.1471745438029757e-06,4.875076911048382e-07,1.6359060452941776e-06,0.13607006892561913,0.0052125976071693,0.0639565641952989
921,1.6199822994167334e-06,0.011259038001298904,0.002581325126811862,0.19212304055690765,0.11825958639383316,0.34289106726646423,2.2132378944661468e-05,4.0114372268362786e-07,5.233601996224024e-07,0.08324047178030014,0.059059761464595795,0.10455184429883957,0.121770940721035,0.02054261974990368,0.18318723142147064,0.19096805155277252,0.015817465260624886,0.08758357167243958,0.08715999126434326,0.5770455002784729,0.4306601881980896,0.00791219249367714,0.011123842559754848,2.5603914764360525e-05,0.0018850968917831779,0.065122090280056,0.0003819777339231223,0.02433636039495468,0.009372545406222343,0.0021464864257723093,0.0001248521584784612,0.0002139293501386419,0.0004618580569513142,0.0004141127865295857,0.0010310187935829163,0.0017671139212325215,0.050177376717329025,0.009700195863842964,0.264487624168396,0.005125277675688267,0.28914687037467957,0.09055384248495102,0.033666085451841354,0.0006805523880757391,3.553059059413499e-06,1.2545315257739276e-06,7.85124211688526e-05,0.00030156277352944016,3.1277222660719417e-06,1.9158651411999017e-06,7.510275281674694e-07,4.582130941344076e-07,2.4037952925937134e-06,0.12862256541848183,0.006920181564055383,0.06415394068850826
924,1.0411122275399975e-06,0.013393479399383068,0.005859496537595987,0.16627731919288635,0.1103043481707573,0.1906750351190567,2.2509759219246916e-05,3.366086218647979e-07,4.54207309985577e-07,0.10582301765680313,0.09128861874341965,0.12959253787994385,0.1464817076921463,0.014343014918267727,0.24192757904529572,0.2605321705341339,0.011308240704238415,0.06909918040037155,0.07053520530462265,0.5408588647842407,0.49004024267196655,0.006253607105463743,0.008269396610558033,3.9808226574677974e-05,0.0015937801217660308,0.06607668846845627,0.0005131204379722476,0.032296765595674515,0.0172731950879097,0.0015040597645565867,3.769700924749486e-05,5.912295455345884e-05,0.0013093274319544435,0.00019834545673802495,0.0010879802284762263,0.0029986738227307796,0.03834038972854614,0.002407251624390483,0.5749340057373047,0.02142839878797531,0.1041790023446083,0.040167611092329025,0.010476810857653618,0.0005917856469750404,5.203827186051058e-06,1.3318921219251934e-06,8.755682938499376e-05,0.00016810464148875326,5.560460522247013e-06,2.235043666587444e-06,1.0674739314708859e-06,3.4816787319869036e-07,3.2678596539881255e-06,0.11617700383067131,0.009626487968489528,0.05545804638556243
927,1.4614361134590581e-06,0.013449267484247684,0.00434628501534462,0.165455162525177,0.09161818772554398,0.20488587021827698,1.827530468290206e-05,4.0308455595550186e-07,5.59822694867762e-07,0.11023598164319992,0.07413282245397568,0.11247334629297256,0.12856444716453552,0.020112328231334686,0.19840575754642487,0.2088811844587326,0.011804594658315182,0.07288262993097305,0.07899769395589828,0.5345680713653564,0.44553491473197937,0.005550134927034378,0.00867543276399374,3.716136052389629e-05,0.002138769021257758,0.051038146018981934,0.00022880971664562821,0.024806832894682884,0.009046155959367752,0.00043785141315311193,0.00013655034126713872,0.0002357046032557264,0.001459494698792696,0.0003364737203810364,0.0006629624404013157,0.0019946557004004717,0.04328625649213791,0.002529811579734087,0.3618163764476776,0.007339466828852892,0.05784880369901657,0.020755235105752945,0.012473836541175842,0.0015367314917966723,1.3876818229618948e-05,3.992437086708378e-06,0.00022906642698217183,0.0005620862357318401,1.56301430251915e-05,7.062042186589679e-06,1.445399448130047e-06,5.042349471295893e-07,8.934627658163663e-06,0.10824665427207947,0.008897776249796152,0.05527580582323329
930,1.5986937569323345e-06,0.0023160262499004602,0.0011398907518014312,0.34023863077163696,0.18114885687828064,0.30049216747283936,4.711515794042498e-05,1.0353870720791747e-06,7.491304359064088e-07,0.0888112261891365,0.04493113234639168,0.0974712073802948,0.1092841699719429,0.013062422163784504,0.25852611660957336,0.27361011505126953,0.006819083355367184,0.0758424624800682,0.08957724273204803,0.5336132645606995,0.423026442527771,0.006336216349154711,0.011373836547136307,8.955311932368204e-05,0.0021204331424087286,0.21058841049671173,0.0008784717065282166,0.015046882443130016,0.008868403732776642,0.00045583787141367793,0.00022658900707028806,0.0003600114432629198,0.00603844877332449,0.00034441243042238057,0.007544815540313721,0.028596732765436172,0.04215910658240318,0.0034110601991415024,0.11684459447860718,0.002695679198950529,0.03160052001476288,0.014995966106653214,0.006090570241212845,0.006566041149199009,3.979520624852739e-05,1.4318976354843471e-05,0.0002730768173933029,0.0009549923124723136,0.0004629041941370815,0.0002460751566104591,2.0662087081291247e-06,8.868265695127775e-07,2.7057091301685432e-05,0.27541352063417435,0.0017279585008509457,0.11360841040732339
933,2.8185816063341917e-06,0.0024400788825005293,0.0010916331084445119,0.37353017926216125,0.1771053522825241,0.2907836139202118,4.51633968623355e-05,1.836736259974714e-06,1.298718188991188e-06,0.06408795714378357,0.02750239148736,0.10444635897874832,0.1173461377620697,0.016877727583050728,0.1942933350801468,0.1932910680770874,0.010610970668494701,0.0692710280418396,0.08064112812280655,0.534848153591156,0.28432175517082214,0.009349200874567032,0.01912515051662922,5.297819370753132e-05,0.00396388117223978,0.1961400955915451,0.0006387127796187997,0.014166498556733131,0.007888901978731155,0.00021191606356296688,0.001346958102658391,0.002207887591794133,0.004421502351760864,0.00040051143150776625,0.004420534707605839,0.017825055867433548,0.041904907673597336,0.0022266388405114412,0.2199377864599228,0.0021974232513457537,0.09284836798906326,0.01738806627690792,0.028569551184773445,0.014430589973926544,9.872973350866232e-06,2.442073082420393e-06,0.00035267171915620565,0.0008432925678789616,0.0003253657778259367,0.00014685469795949757,2.5804226879699854e-06,1.3716880857828073e-06,6.1575232166433125e-06,0.2848351374268532,0.0017658559954725206,0.12569500831887126
936,2.99562634609174e-06,0.0021408868487924337,0.0010654503712430596,0.3614096939563751,0.2586784064769745,0.3569324314594269,3.6303765227785334e-05,2.4421615307801403e-06,1.2394974646667833e-06,0.053068842738866806,0.023601744323968887,0.08716174215078354,0.09708059579133987,0.023749804124236107,0.14598587155342102,0.1327679455280304,0.01684046909213066,0.07904989272356033,0.0929345116019249,0.513237714767456,0.25466424226760864,0.011204921640455723,0.023296471685171127,3.86126121156849e-05,0.0020143429283052683,0.15313750505447388,0.001150229829363525,0.008574570529162884,0.0038814591243863106,0.00020875029440503567,0.002316814148798585,0.003936774097383022,0.004736501723527908,0.00039713887963443995,0.005357812158763409,0.016246279701590538,0.019482018426060677,0.002138679614290595,0.4392211437225342,0.0026399726048111916,0.18781699240207672,0.025051865726709366,0.04751787334680557,0.018663344904780388,1.994016201933846e-06,5.907872377974854e-07,0.0001986160787055269,0.0008045960566960275,0.00020941173715982586,0.00012287736171856523,2.9509672003769083e-06,1.4010798849994899e-06,1.2924017198656657e-06,0.2572735995054245,0.0016031686100177467,0.12255442740085225
939,2.8071162887499668e-06,0.002507770201191306,0.0011882178951054811,0.3441566824913025,0.24434994161128998,0.34666192531585693,3.64715451723896e-05,2.302097527717706e-06,1.2414365073709632e-06,0.05130096152424812,0.022761749103665352,0.09079958498477936,0.10297856479883194,0.02516145631670952,0.13709847629070282,0.12539921700954437,0.018805773928761482,0.0778190940618515,0.08783770352602005,0.5269543528556824,0.23774805665016174,0.01226026564836502,0.024937329813838005,4.3346146412659436e-05,0.001973201520740986,0.15045830607414246,0.0013057602336630225,0.008061983622610569,0.004588966257870197,0.00019124812388326973,0.0016360661247745156,0.00295765558257699,0.006473270710557699,0.0003760256222449243,0.0056665376760065556,0.018635889515280724,0.01613563485443592,0.0015421150019392371,0.5401831269264221,0.0031750937923789024,0.1559397429227829,0.02358640357851982,0.035623352974653244,0.01652001030743122,1.6954924149104045e-06,4.867379175266251e-07,0.00015035636897664517,0.0007420678739435971,0.00020927461446262896,0.00011228687799302861,3.383576768101193e-06,1.4312953453554655e-06,1.0911151662185148e-06,0.24730749428272247,0.0018479940481483936,0.11625013473288466
942,2.0280308490328025e-06,0.0023771782871335745,0.0007621319964528084,0.3696509599685669,0.17223407328128815,0.3545164465904236,0.00012167361273895949,1.4290476428868715e-06,1.568606876389822e-06,0.019056472927331924,0.007127375807613134,0.1800856590270996,0.1921294778585434,0.0560830757021904,0.08755955100059509,0.07074875384569168,0.027507754042744637,0.038279347121715546,0.041227709501981735,0.2473655641078949,0.1325569599866867,0.029698174446821213,0.055541928857564926,0.00019635201897472143,0.0023283150512725115,0.3717910647392273,0.001546713407151401,0.007595995906740427,0.08210664242506027,0.0009438322740606964,0.0001545016566524282,0.00031736958771944046,0.013885075226426125,0.0017806479008868337,0.026286890730261803,0.09823832660913467,0.05886267498135567,0.00420474074780941,0.07067283987998962,0.0004195550864096731,0.017142154276371002,0.005891523789614439,0.005140291061252356,0.022571710869669914,0.00029850268037989736,0.000100596240372397,0.00034870379022322595,0.001285891281440854,0.009507224895060062,0.0027437820099294186,3.0519370284309844e-06,1.5083058997333865e-06,0.00019954946037614718,0.3707210123538971,0.0015696551417931914,0.12337427707097959
945,6.303650366135116e-07,0.00485307676717639,0.001546114101074636,0.30707651376724243,0.1285734474658966,0.29672926664352417,5.579790740739554e-05,3.147832501326775e-07,7.641191359653021e-07,0.032949112355709076,0.017436020076274872,0.12478179484605789,0.14808057248592377,0.05390872061252594,0.07745916396379471,0.06646512448787689,0.03832390531897545,0.06905711442232132,0.06259984523057938,0.3510842025279999,0.16668540239334106,0.022946517914533615,0.028977878391742706,0.00021789544553030282,0.004809361882507801,0.3563385009765625,0.0011659407755360007,0.010377725586295128,0.04157431423664093,0.0008142009610310197,1.4786695828661323e-05,4.491689469432458e-05,0.0278243999928236,0.006069339346140623,0.0391157828271389,0.0821073055267334,0.007988501340150833,0.0028046888764947653,0.3030978739261627,0.000167982216225937,0.011646845377981663,0.02564147487282753,0.0005320165655575693,0.0015964533668011427,1.5401330529130064e-05,9.487697752774693e-06,2.2973335944698192e-05,0.0009327185689471662,0.00023817241890355945,7.04054327798076e-05,2.0958482309652027e-06,7.215394361992367e-07,1.2444514140952379e-05,0.33170750737190247,0.003199595434125513,0.10237873911925514
948,1.3620265235658735e-06,0.0015610778937116265,0.0004959510988555849,0.4010060727596283,0.2748207151889801,0.49959802627563477,1.9581904780352488e-05,3.1231451202984317e-07,7.428776029883011e-07,0.024233205243945122,0.01124501135200262,0.0918942540884018,0.10551648586988449,0.07682158052921295,0.052316341549158096,0.04070382937788963,0.07417082786560059,0.09195010364055634,0.09286611527204514,0.41154640913009644,0.18146272003650665,0.025615520775318146,0.039084337651729584,3.8851001590956e-05,0.002730365376919508,0.020956693217158318,6.437353295041248e-05,0.004665999207645655,0.03252863511443138,0.0015078664291650057,0.00013675623631570488,0.00034774059895426035,0.0005974037339910865,0.0020286813378334045,0.0009429703350178897,0.001920972135849297,0.06622806936502457,0.01832510344684124,0.09615425765514374,0.0009375222725793719,0.09998208284378052,0.02530398964881897,0.03408949077129364,0.002239761408418417,1.7010403098538518e-05,7.974930667842273e-06,6.751623732270673e-05,0.001008656807243824,1.6774672985775396e-05,7.975994776643347e-06,1.3265579354992951e-06,5.024640472583997e-07,1.2492666883190395e-05,0.2109813829883933,0.0010285144962836057,0.1338301898649661
951,1.1650632814053097e-06,0.003323272569105029,0.00277928845025599,0.23803064227104187,0.17922469973564148,0.22592978179454803,3.878255665767938e-05,4.079798827660852e-07,9.679371260062908e-07,0.05458075925707817,0.019731882959604263,0.1517179310321808,0.16064386069774628,0.05949006602168083,0.07069592922925949,0.06053851917386055,0.04402150958776474,0.05434226617217064,0.05353434756398201,0.4276987612247467,0.21316535770893097,0.01433884259313345,0.021518545225262642,0.00019391487876418978,0.00290120393037796,0.11650124192237854,0.0003411772777326405,0.00751554174348712,0.10606507211923599,0.0008163712336681783,1.2411792340571992e-05,4.9121645133709535e-05,0.02981501631438732,0.009133017621934414,0.013559463433921337,0.0325968861579895,0.014254605397582054,0.003701907815411687,0.30437397956848145,0.00018004205776378512,0.021268069744110107,0.01664041168987751,0.0012601364869624376,0.004452275577932596,2.6732699552667327e-05,1.4628663848270662e-05,1.6866042642504908e-05,0.0015949992230162024,0.0005873207119293511,0.00015411055937875062,2.3489687919209246e-06,8.684131671543582e-07,2.0680681700468995e-05,0.1772659420967102,0.0030512805096805096,0.07936405856950539
954,1.519586362519476e-06,0.0059455083683133125,0.002846672898158431,0.1948932558298111,0.11214476078748703,0.23401515185832977,0.00013502765796147287,1.3124628139848937e-06,1.0664665524018346e-06,0.051436226814985275,0.013190184719860554,0.18387621641159058,0.19924317300319672,0.03468113765120506,0.14154325425624847,0.13392728567123413,0.01137305237352848,0.03758148476481438,0.03783009201288223,0.33425024151802063,0.17065013945102692,0.011864020489156246,0.03130858391523361,0.0003010850341524929,0.0019896889571100473,0.33154043555259705,0.000725925958249718,0.006393559277057648,0.019568974152207375,0.0008726178202778101,0.000742994830943644,0.001335631124675274,0.008697392418980598,0.0006818774854764342,0.044667743146419525,0.1202673614025116,0.05165518447756767,0.008962481282651424,0.010320975445210934,0.00034562897053547204,0.008021670393645763,0.004798267036676407,0.0018058151472359896,0.01746840961277485,0.001570055028423667,0.0008981764549389482,0.0015607776585966349,0.0055891056545078754,0.01214682124555111,0.006450806278735399,3.010329692187952e-06,2.4545317955926294e-06,0.0012341157416813076,0.26321684569120407,0.004396090633235872,0.06565729392847668
957,2.108106400555698e-06,0.006418200675398111,0.0013329845387488604,0.31115981936454773,0.11837244033813477,0.258760005235672,8.183445606846362e-05,1.2156369848526083e-06,1.4308518530015135e-06,0.022427771240472794,0.005018903873860836,0.14229799807071686,0.15629695355892181,0.04113983362913132,0.10559459030628204,0.09126847237348557,0.021168997511267662,0.050110820680856705,0.05458959564566612,0.3052104711532593,0.09915255755186081,0.02323058433830738,0.06501511484384537,0.00018222183280158788,0.004914785269647837,0.24904906749725342,0.00033822006662376225,0.00542733259499073,0.013533905148506165,0.00039815768832340837,0.0006495543057098985,0.0012859704438596964,0.010652153752744198,0.0019612994510680437,0.022930823266506195,0.06925006210803986,0.028715500608086586,0.004595998674631119,0.031841378659009933,0.00022200870444066823,0.01963210105895996,0.00895231869071722,0.004779153037816286,0.027692779898643494,0.0001828691310947761,8.49369025672786e-05,0.0004973549512214959,0.0028040369506925344,0.007825657725334167,0.0042362515814602375,2.822734813889838e-06,2.087004531858838e-06,0.00013390301683102734,0.2801044434309006,0.003875592607073486,0.10436511470470577
960,1.5195964806480333e-06,0.007846467196941376,0.0032531837932765484,0.2079729288816452,0.14558406174182892,0.2026692032814026,3.293979898444377e-05,1.0106505214935169e-06,1.2240712976563373e-06,0.023975249379873276,0.012231956236064434,0.20514889061450958,0.21908746659755707,0.05477437376976013,0.08713186532258987,0.07062125951051712,0.025873355567455292,0.032497599720954895,0.03277839720249176,0.2816593647003174,0.1568262130022049,0.025243636220693588,0.03827887773513794,7.510426075896248e-05,0.0046947612427175045,0.2064799815416336,0.0006736651412211359,0.00719407107681036,0.010294027626514435,0.0006045289919711649,0.0001283060119021684,0.00026016662013716996,0.018827643245458603,0.0013981946976855397,0.00973959919065237,0.028528522700071335,0.01123379822820425,0.002494186395779252,0.41885706782341003,0.0010141426464542747,0.06105766072869301,0.022890565916895866,0.006774419918656349,0.01388323213905096,6.032454166415846e-06,2.75728598353453e-06,5.9284764574840665e-05,0.0006063001346774399,0.00047565679415129125,0.0002814463514368981,2.359865447942866e-06,1.1390691270207753e-06,4.394870074975188e-06,0.2072264552116394,0.005549825495108962,0.06945380050456151
963,1.8847110823116964e-06,0.017598247155547142,0.007897134870290756,0.11803077161312103,0.1403459906578064,0.1797274500131607,1.3679685253009666e-05,6.691470275654865e-07,1.1457574373707757e-06,0.033561207354068756,0.014723901636898518,0.25468793511390686,0.257107675075531,0.04461671784520149,0.08319338411092758,0.0713110864162445,0.0403914712369442,0.026613518595695496,0.025711489841341972,0.2813616096973419,0.09070006012916565,0.020284010097384453,0.03621446713805199,2.5647710572229698e-05,0.006155258975923061,0.05224499851465225,0.00016697471437510103,0.0069244191981852055,0.005766028538346291,7.94064108049497e-05,0.0005325406091287732,0.001019595074467361,0.012532197870314121,0.004429008811712265,0.0007074288441799581,0.002078133635222912,0.006238183937966824,0.0004449721018318087,0.8876286745071411,0.0006592352874577045,0.07694453001022339,0.014280552975833416,0.03258060663938522,0.01850331574678421,1.3488763670466142e-06,3.0802223704995413e-07,0.00015765076386742294,0.00035623699659481645,0.0001433949073543772,6.651927105849609e-05,2.830004405041109e-06,7.949356017888931e-07,8.284493020482842e-07,0.08513788506388664,0.012747691012918949,0.03986096909890572
966,2.1047937934781658e-06,0.00936864037066698,0.0036522401496767998,0.17797130346298218,0.21557220816612244,0.20656341314315796,1.1187967174919322e-05,9.82477899924561e-07,1.5929425671856734e-06,0.016163015738129616,0.007714856415987015,0.22468280792236328,0.23223532736301422,0.0606335885822773,0.09374738484621048,0.06735488027334213,0.030714605003595352,0.03146164491772652,0.030603663995862007,0.17319609224796295,0.08693112432956696,0.040295325219631195,0.0793527215719223,3.154441583319567e-05,0.004175343085080385,0.12663426995277405,0.0006117598968558013,0.021660586819052696,0.005718636326491833,7.951643056003377e-05,0.0002895931829698384,0.000856152328196913,0.03373429551720619,0.004212846979498863,0.0008593840175308287,0.002656941069290042,0.0021636865567415953,0.0003415341197978705,0.9633516073226929,0.001063082367181778,0.08319229632616043,0.026717837899923325,0.018273605033755302,0.009679079055786133,4.853246196034888e-07,1.676497163316526e-07,3.90547102142591e-05,0.0006473918328993022,8.529466867912561e-05,4.5301218051463366e-05,2.6750390134111512e-06,7.022585464255826e-07,3.264871679675707e-07,0.1523027867078781,0.00651044026017189,0.05970568299138298
969,2.2856775103718974e-06,0.013562207110226154,0.003338287118822336,0.12525220215320587,0.1640123724937439,0.23646947741508484,9.97344614006579e-06,6.173497126837901e-07,8.601855370216072e-07,0.05142103508114815,0.017276383936405182,0.16062670946121216,0.1871321201324463,0.04258575290441513,0.11656740307807922,0.1030890941619873,0.023074975237250328,0.04463093727827072,0.04251444339752197,0.3558043837547302,0.1285700798034668,0.013899752870202065,0.032346390187740326,1.5614215953974053e-05,0.00258446903899312,0.028393013402819633,0.00016770645743235946,0.01155314315110445,0.0085099833086133,0.00015269422146957368,0.00042640455649234354,0.0010246416786685586,0.0029172806534916162,0.001404707902111113,0.00021971046226099133,0.0006955474964343011,0.009552258998155594,0.0008700173930265009,0.8708430528640747,0.0037987877149134874,0.11778971552848816,0.01715189404785633,0.08414344489574432,0.014678535051643848,1.2694624729192583e-06,3.7378759998318856e-07,8.121223072521389e-05,0.0005193778779357672,3.618683331296779e-05,2.2352383894030936e-05,2.8946251404704526e-06,5.425629865385417e-07,8.216250364512234e-07,0.07682260777801275,0.008450247114524245,0.04223441612945559
972,2.18570221477421e-06,0.005109413061290979,0.0018690885044634342,0.33762529492378235,0.2294125109910965,0.2476651817560196,7.667276804568246e-06,8.393063808398438e-07,8.282214594146353e-07,0.0281736571341753,0.011992471292614937,0.1694696694612503,0.17669248580932617,0.07257445156574249,0.06041271239519119,0.04353989288210869,0.06114041432738304,0.04332495853304863,0.04652182757854462,0.23451656103134155,0.1159173920750618,0.02370661310851574,0.04464077949523926,2.065540866169613e-05,0.0024354185443371534,0.021491894498467445,0.00013288205082062632,0.007217023521661758,0.004404944833368063,6.978939927648753e-05,0.001003929995931685,0.0024702870287001133,0.007694780360907316,0.0028045743238180876,0.00025001983158290386,0.000729384133592248,0.004210264887660742,0.0005973288207314909,0.908499002456665,0.00141926109790802,0.06019268557429314,0.008511439897119999,0.07003779709339142,0.025721922516822815,1.6142284948728047e-06,5.884014626644785e-07,0.00012555703870020807,0.00109107734169811,0.00011346134851919487,8.805267134448513e-05,3.0272144613263663e-06,5.855343374605582e-07,1.1013149787686416e-06,0.1795585947111249,0.003489250782877207,0.11369983731613804
975,2.2036831524019362e-06,0.00319854193367064,0.0010340292938053608,0.3809596300125122,0.25608745217323303,0.271732360124588,2.3121830963646062e-05,1.0286806855219766e-06,1.5784780771355145e-06,0.012355880811810493,0.004155774135142565,0.160954549908638,0.17289462685585022,0.09354157745838165,0.05641435459256172,0.03174370154738426,0.05894607678055763,0.04220331087708473,0.04242093861103058,0.15069060027599335,0.0539809986948967,0.04310253635048866,0.08916355669498444,3.868179192068055e-05,0.0038361921906471252,0.24740344285964966,0.0009395884699188173,0.015547296032309532,0.00636460492387414,0.00022620671370532364,0.00019856230937875807,0.00049051851965487,0.013752405531704426,0.0008767441031523049,0.0024673070292919874,0.007964602671563625,0.00783519633114338,0.001511284033767879,0.5880500078201294,0.0031987426336854696,0.07200293242931366,0.040000662207603455,0.019881876185536385,0.019661813974380493,2.0773875348822912e-06,1.0445493217048352e-06,4.448592517292127e-05,0.000812610553111881,0.00042773678433150053,0.0003162939683534205,2.3998575215955498e-06,7.672166475458653e-07,1.5609684282935632e-06,0.31418153643608093,0.0021162856137380004,0.12721623694718195
978,2.4198404844355537e-06,0.005033466964960098,0.0017950800247490406,0.3387967050075531,0.17611248791217804,0.21236321330070496,2.709693944780156e-05,9.777762670637458e-07,1.6149706425494514e-06,0.014158516190946102,0.004386290907859802,0.12442202866077423,0.13487617671489716,0.09629370272159576,0.04515193775296211,0.029040275141596794,0.07619926333427429,0.05532965064048767,0.06177440285682678,0.1836833655834198,0.0578562393784523,0.036338429898023605,0.08014826476573944,4.518808418652043e-05,0.005429520271718502,0.24493341147899628,0.0006611341959796846,0.016023054718971252,0.008510318584740162,0.0002370966540183872,0.00017867189308162779,0.00040679273661226034,0.014198513701558113,0.0011780899949371815,0.0025904509238898754,0.008074549958109856,0.012492106296122074,0.0018584267236292362,0.46497559547424316,0.0020270482636988163,0.0667911171913147,0.036519452929496765,0.01628836803138256,0.017238786444067955,4.080685357621405e-06,1.7948694903680007e-06,6.936363206477836e-05,0.0006965641514398158,0.0004347641079220921,0.0002586746704764664,2.1264161205181153e-06,8.711903660696407e-07,2.937777423994703e-06,0.2918650582432747,0.0034142734948545694,0.11312738987908233
981,2.2968235953158e-06,0.005490534473210573,0.0022235391661524773,0.3282718360424042,0.17848527431488037,0.1778845340013504,1.694589627732057e-05,1.016270630316285e-06,1.7129362959167338e-06,0.011478375643491745,0.0036175770219415426,0.1261291205883026,0.13533362746238708,0.07417470216751099,0.06596334278583527,0.04389306902885437,0.04470476880669594,0.05480867251753807,0.0596281960606575,0.141501784324646,0.06029963493347168,0.046541932970285416,0.10550954192876816,3.355584340170026e-05,0.007530376315116882,0.23049330711364746,0.0004973265458829701,0.018230970948934555,0.0069315773434937,0.0001890442508738488,0.00020745913207065314,0.0005657352157868445,0.01744292676448822,0.0012623448856174946,0.0017960560508072376,0.005552851594984531,0.00550433062016964,0.0011213537072762847,0.7574350833892822,0.002511515049263835,0.08842022716999054,0.03909408301115036,0.0223433505743742,0.01669350452721119,1.1401766641938593e-06,5.353836627364217e-07,3.484691842459142e-05,0.0007297279080376029,0.00022986061230767518,0.00015677190094720572,2.2250032998272218e-06,7.424646923936962e-07,8.377801634651405e-07,0.2793825715780258,0.0038570368196815252,0.10968167679675389
984,2.5573772290954366e-06,0.004184602294117212,0.0023875683546066284,0.34796014428138733,0.20648345351219177,0.1664833277463913,1.675273961154744e-05,1.2559848983073607e-06,1.5210216588457115e-06,0.010379753075540066,0.003648655489087105,0.1338580995798111,0.139094278216362,0.08486008644104004,0.060960803180933,0.036150410771369934,0.05297935754060745,0.05313916876912117,0.058752235025167465,0.12562263011932373,0.05775377154350281,0.05016512796282768,0.10342729091644287,3.0701139621669427e-05,0.005443914793431759,0.1956845074892044,0.00047468862612731755,0.020439255982637405,0.0032680241856724024,0.00019808125216513872,0.0006768204038962722,0.0014968172181397676,0.013196516782045364,0.001341028488241136,0.001451822929084301,0.003546894295141101,0.005442017689347267,0.0014820944052189589,0.7180954217910767,0.0018793304916471243,0.11214844137430191,0.03414659947156906,0.03324076905846596,0.02013242617249489,1.3312190958458814e-06,6.523951583403687e-07,7.714948878856376e-05,0.0007863849750719965,0.0001871422864496708,0.00015625820378772914,1.8061421087622875e-06,7.728286277597363e-07,9.91807127093125e-07,0.27182232588529587,0.0032860853243619204,0.11671126063447446
987,2.9120380986569216e-06,0.0054871817119419575,0.0017750372644513845,0.3180229365825653,0.1939125806093216,0.23215407133102417,2.320108251296915e-05,1.3626929558085976e-06,1.7315119293925818e-06,0.017925772815942764,0.0038735726848244667,0.15299153327941895,0.164442777633667,0.06263874471187592,0.0758901834487915,0.05362202972173691,0.03680780529975891,0.04533775523304939,0.05040190368890762,0.2037307471036911,0.05888617783784866,0.03279584273695946,0.09724292904138565,3.656118133221753e-05,0.005904303397983313,0.1919809877872467,0.0003919496666640043,0.019330468028783798,0.004438155796378851,0.00012777782103512436,0.0011599034769460559,0.0026047357823699713,0.009678020142018795,0.001409086398780346,0.0017407939303666353,0.0054847984574735165,0.00920312013477087,0.0013159980298951268,0.5969862341880798,0.0012375578517094254,0.10130403190851212,0.026337869465351105,0.03098861128091812,0.020551491528749466,2.4750149805186084e-06,9.708335255709244e-07,0.00013976222544442862,0.0010248725302517414,0.00025437044678255916,0.00017462456889916211,2.2390779577108333e-06,1.077085130418709e-06,1.7229242530447664e-06,0.255001962184906,0.003631109488196671,0.10726252528062712
990,3.5313951229909435e-06,0.012014582753181458,0.005288910120725632,0.17639625072479248,0.15717314183712006,0.16416142880916595,1.9488588804961182e-05,1.049630100169452e-06,1.7850539961727918e-06,0.012328550219535828,0.004171124659478664,0.13913562893867493,0.15241186320781708,0.06557010859251022,0.06765321642160416,0.0485706590116024,0.04315017908811569,0.04849448800086975,0.05227554216980934,0.1442434936761856,0.04772485792636871,0.04616086557507515,0.08401954919099808,3.133876089123078e-05,0.0055224779061973095,0.16047494113445282,0.00031645383569411933,0.020671648904681206,0.004045552108436823,8.323513611685485e-05,0.0011764768278226256,0.002821065718308091,0.011143581010401249,0.0015548792434856296,0.0012121173785999417,0.003926814999431372,0.007229925598949194,0.0009294442133978009,0.6818321943283081,0.0012274892069399357,0.09649737179279327,0.02296156994998455,0.0331253744661808,0.024899659678339958,2.2400261059374316e-06,9.012293844534724e-07,0.0001305643527302891,0.0012255733599886298,0.00029811306740157306,0.00020509584282990545,2.2264891867962433e-06,1.097106064662512e-06,1.570627745195452e-06,0.16843559592962265,0.008651746436953545,0.06013126442364106
993,2.812690127029782e-06,0.00662378640845418,0.0026825976092368364,0.2673339545726776,0.1799294352531433,0.19171668589115143,2.0081817638128996e-05,1.1613536798904533e-06,1.4103354715189198e-06,0.015831440687179565,0.005492084193974733,0.15710169076919556,0.16981971263885498,0.05959412455558777,0.07738053798675537,0.05622980371117592,0.036073870956897736,0.04503419250249863,0.04816952347755432,0.17587827146053314,0.06694713979959488,0.03814981132745743,0.06952258199453354,3.4768108889693394e-05,0.004416216164827347,0.17645730078220367,0.00042404618579894304,0.021371541544795036,0.0030296926852315664,0.0001274726091651246,0.0012616567546501756,0.0027132199611514807,0.009360461495816708,0.0011485452996566892,0.001496767858043313,0.004381789825856686,0.007359771989285946,0.0013529667630791664,0.5991404056549072,0.0014771186979487538,0.08703196048736572,0.02257627807557583,0.028094567358493805,0.01990285888314247,2.6529692149779294e-06,1.2286744777156855e-06,0.00014869237202219665,0.0012238356284797192,0.0002210531383752823,0.00018452135554980487,2.055956201729714e-06,9.872453574644169e-07,1.9408218463468074e-06,0.22189562767744064,0.004653192008845508,0.09043627709615976
996,2.629039499879582e-06,0.006512653548270464,0.00276405131444335,0.2588392198085785,0.18290331959724426,0.1877598613500595,2.268805656058248e-05,1.3113867680658586e-06,1.3633039088745136e-06,0.012700322084128857,0.004266032483428717,0.16934683918952942,0.1810729056596756,0.06206752359867096,0.07394840568304062,0.052730947732925415,0.03753693401813507,0.04059135913848877,0.044399239122867584,0.15633894503116608,0.06251887232065201,0.04126013442873955,0.08452457189559937,3.290852691861801e-05,0.0063338144682347775,0.1904432326555252,0.000287388451397419,0.017971226945519447,0.0022451120894402266,0.00018501588783692569,0.0019062997307628393,0.0032996125519275665,0.006801070179790258,0.0007642209529876709,0.0019015506841242313,0.0049226549454033375,0.008633577264845371,0.0018297589849680662,0.4433690011501312,0.0019589299336075783,0.08847414702177048,0.019201206043362617,0.03607699275016785,0.026787351816892624,3.922186806448735e-06,1.76936964635388e-06,0.00025717285461723804,0.0009932186221703887,0.0003923812764696777,0.00038076145574450493,1.910801529447781e-06,1.0452837386765168e-06,2.8457782264013076e-06,0.22464122623205185,0.004638352431356907,0.08801504403042297
999,3.3979920317506185e-06,0.010551365092396736,0.005053307395428419,0.23448912799358368,0.1381392478942871,0.15733684599399567,2.2515407181344926e-05,1.1722552244464168e-06,1.5861830888752593e-06,0.01054039504379034,0.004526633303612471,0.12831974029541016,0.13836538791656494,0.07969413697719574,0.0507868267595768,0.03439793735742569,0.06473340839147568,0.052186284214258194,0.05829062685370445,0.1444501131772995,0.06132061034440994,0.047633081674575806,0.07517112046480179,2.8778056730516255e-05,0.005839426536113024,0.1853996068239212,0.00035260862205177546,0.018966084346175194,0.0038935979828238487,0.00016946667165029794,0.0007561611710116267,0.0014779402408748865,0.009206372313201427,0.000724655226804316,0.001435371465049684,0.004225471522659063,0.00978060532361269,0.0014390340074896812,0.5780909061431885,0.0031803285237401724,0.10996610671281815,0.026520278304815292,0.03715253621339798,0.02566753700375557,2.750090288827778e-06,1.1326195590299903e-06,0.00014180928701534867,0.0007709663477726281,0.0003365020966157317,0.00026688267826102674,1.8763217894957052e-06,1.0166816082346486e-06,1.941354923928884e-06,0.20994436740875244,0.007802336243912578,0.07890774313515674
1002,2.7755693281505955e-06,0.014412663877010345,0.007135634310543537,0.17638038098812103,0.12357500940561295,0.14476709067821503,2.083895742543973e-05,8.562536208955862e-07,1.5512074469370418e-06,0.012364017777144909,0.005916655994951725,0.17528142035007477,0.18283703923225403,0.08454172313213348,0.04617783799767494,0.031420476734638214,0.07581120729446411,0.03836333006620407,0.040595248341560364,0.13299129903316498,0.06547202914953232,0.04284553602337837,0.06432400643825531,2.9266455385368317e-05,0.005423234310001135,0.16729816794395447,0.0003683952381834388,0.023324239999055862,0.004860707558691502,0.00019434707064647228,0.00029327996890060604,0.0006089203525334597,0.010359578765928745,0.0006060748710297048,0.0011805653339251876,0.0036812815815210342,0.00902053527534008,0.0012242937227711082,0.6787773370742798,0.005065393168479204,0.11830868571996689,0.03470544144511223,0.025259757414460182,0.015182159841060638,2.2037966118659824e-06,9.097229280996544e-07,8.5373358160723e-05,0.0005582880694419146,0.0001676882238825783,0.00012077591964043677,1.5688058283558348e-06,8.345986088897916e-07,1.5567597699828184e-06,0.17183927446603775,0.010774149093776941,0.0590941937698517
1005,3.0618373330071336e-06,0.010108155198395252,0.0042381188832223415,0.2635236084461212,0.1270446926355362,0.17138154804706573,2.155180300178472e-05,1.1430247468524612e-06,1.3840743804394151e-06,0.010822980664670467,0.005566871725022793,0.15232577919960022,0.16329750418663025,0.09469214826822281,0.042794518172740936,0.0274110846221447,0.08352532237768173,0.04495973885059357,0.048099953681230545,0.13334552943706512,0.06939172744750977,0.04577244818210602,0.06560736894607544,3.101602123933844e-05,0.004736641421914101,0.17070940136909485,0.0003738743835128844,0.018775494769215584,0.004060347564518452,0.0002286461676703766,0.0004781425232067704,0.0009130830294452608,0.010626055300235748,0.0008136115502566099,0.0014474750496447086,0.0038959053345024586,0.00851885974407196,0.001552373869344592,0.5928890705108643,0.0032141755800694227,0.1076744869351387,0.02548939362168312,0.03225238621234894,0.025218943133950233,3.198320200681337e-06,1.4762607634111191e-06,0.00011639761214610189,0.0006829287158325315,0.00036478997208178043,0.00030988911748863757,1.559473844281456e-06,8.87117550973926e-07,2.337290482046228e-06,0.21711650490760803,0.007173137040808797,0.08830494466625775
1008,3.1197355383483227e-06,0.009140148758888245,0.003608520608395338,0.2594960033893585,0.13238643109798431,0.1701737940311432,2.2833177354186773e-05,1.430361976417771e-06,1.04632295006013e-06,0.017895499244332314,0.01053879875689745,0.17800168693065643,0.18649795651435852,0.11077435314655304,0.04223048686981201,0.022572578862309456,0.08760695159435272,0.03910825401544571,0.03803970292210579,0.17605161666870117,0.09191489219665527,0.029452169314026833,0.03774311766028404,3.2416854082839563e-05,0.004264294635504484,0.18534688651561737,0.00040292541962116957,0.01809251680970192,0.0021687319967895746,0.0003569326945580542,0.0009746936848387122,0.0016970662400126457,0.008364720270037651,0.0004950715810991824,0.00183561269659549,0.003811929374933243,0.007762441877275705,0.0029052719473838806,0.41220200061798096,0.003941087983548641,0.0994354784488678,0.022879017516970634,0.0374564453959465,0.03324399143457413,4.3538393583730794e-06,2.748488213910605e-06,0.0001515598560217768,0.001056855428032577,0.000503403483889997,0.0005392215680330992,1.6053091940193553e-06,1.1125067658213084e-06,3.551163786141842e-06,0.22242144495248795,0.006374334683641791,0.08738925443806995
1011,2.772786046989495e-06,0.005555612500756979,0.0020952827762812376,0.3390727937221527,0.1683240830898285,0.20906801521778107,2.334661257918924e-05,1.39600774673454e-06,1.0423162848383072e-06,0.017046866938471794,0.01103039551526308,0.18579043447971344,0.19251954555511475,0.08629358559846878,0.0498201847076416,0.03346759453415871,0.06695108860731125,0.038317520171403885,0.03714285045862198,0.15936613082885742,0.09286432713270187,0.03104942850768566,0.03670860081911087,3.5271383239887655e-05,0.003412764286622405,0.1776418536901474,0.00045638682786375284,0.01848617196083069,0.0027657870668917894,0.0003523766063153744,0.0006627088296227157,0.001208654372021556,0.009169560857117176,0.0004217742825858295,0.001863202196545899,0.004374280106276274,0.009272217750549316,0.0027331365272402763,0.3709872364997864,0.005171370692551136,0.08185645937919617,0.020390097051858902,0.029653560370206833,0.031187884509563446,6.758523340977263e-06,4.199083832645556e-06,0.00015388896281365305,0.0012078160652890801,0.0006119727622717619,0.0005947715835645795,1.704129431345791e-06,9.744055660121376e-07,5.478803586811409e-06,0.25835732370615005,0.0038254476385191083,0.11364805230793233
1014,2.748865881585516e-06,0.00864739902317524,0.004549898207187653,0.2514803409576416,0.13846543431282043,0.15032418072223663,2.9111382900737226e-05,1.2762552614731248e-06,1.0082525250254548e-06,0.013863375410437584,0.006923556327819824,0.22884903848171234,0.22741200029850006,0.07759932428598404,0.048355355858802795,0.03435259684920311,0.0721411183476448,0.030208410695195198,0.032501548528671265,0.1282554417848587,0.08434037864208221,0.035621874034404755,0.04974716156721115,3.9940707210917026e-05,0.0030287879053503275,0.18438003957271576,0.00038860642234794796,0.016314594075083733,0.002974775154143572,0.0005029303138144314,0.000649542547762394,0.000978276482783258,0.007508712355047464,0.000274796097073704,0.0021201211493462324,0.004953151568770409,0.014132322743535042,0.003456413047388196,0.1693093329668045,0.006804430391639471,0.050968997180461884,0.014188171364367008,0.024937547743320465,0.044340066611766815,2.671725451364182e-05,1.623434764042031e-05,0.0003326607693452388,0.0011142778676003218,0.0016818743897601962,0.0018598655005916953,1.3505832612281665e-06,1.1396081163184135e-06,2.1475801077031065e-05,0.21793019026517868,0.006598648615181446,0.08436938666272908
1017,1.511890445726749e-06,0.003952674567699432,0.0021839404944330454,0.3258279263973236,0.19469241797924042,0.20549701154232025,4.492610605666414e-05,1.1193891396032996e-06,6.596889079446555e-07,0.009397475980222225,0.005263108294457197,0.19166353344917297,0.19318440556526184,0.08712839335203171,0.05404108017683029,0.03597861900925636,0.056745946407318115,0.0367252379655838,0.04094928130507469,0.10909954458475113,0.09671324491500854,0.043131593614816666,0.05849461257457733,8.576094842283055e-05,0.001699612708762288,0.20518100261688232,0.0004938711645081639,0.012312495149672031,0.0018097872380167246,0.002349634189158678,0.0004474241577554494,0.0004730889049824327,0.006077000871300697,0.0002006302383961156,0.00812111608684063,0.01102567370980978,0.02140207029879093,0.016526464372873306,0.023331377655267715,0.006104047875851393,0.018606074154376984,0.01113937795162201,0.006959928665310144,0.028567006811499596,0.00022795068798586726,0.00023007902200333774,0.0008400820661336184,0.001235728501342237,0.003481999272480607,0.005049887578934431,1.1132941608593683e-06,9.814647228267859e-07,0.0002290148549946025,0.26550446450710297,0.003068307531066239,0.10891614648668717
1020,1.578961359882669e-06,0.0016751439543440938,0.00037959133624099195,0.48851120471954346,0.27553704380989075,0.40552622079849243,0.00021032802760601044,1.1370948413969018e-06,6.77094760703767e-07,0.0061043198220431805,0.005312540102750063,0.10177043825387955,0.11678238213062286,0.05748417228460312,0.07138216495513916,0.058359961956739426,0.03728029876947403,0.07329711318016052,0.0682731494307518,0.14459268748760223,0.08562247455120087,0.06938416510820389,0.05556954815983772,0.00035803092760033906,0.00315830297768116,0.3496268689632416,0.0004114197799935937,0.006499568931758404,0.005709195043891668,0.006797721143811941,0.0005569978384301066,0.0005229730741120875,0.005409947596490383,0.0003620488569140434,0.07239866256713867,0.09495625644922256,0.058674126863479614,0.049115102738142014,0.0025047557428479195,0.0011349557898938656,0.005345005076378584,0.005424628034234047,0.0024673196021467447,0.02564156986773014,0.005500690545886755,0.006307447794824839,0.0033526043407619,0.0031199785880744457,0.026796290650963783,0.03527823090553284,2.117548319802154e-06,1.6065788486230304e-06,0.005904069170355797,0.4190690368413925,0.0010273676452925429,0.16319705854402855
1023,2.360277449042769e-06,0.0027767426799982786,0.000158689494128339,0.48780351877212524,0.2192782163619995,0.47024255990982056,0.00015415583038702607,1.3455191947286949e-06,7.617915116497898e-07,0.005131687968969345,0.0036888676695525646,0.09004770219326019,0.10816942155361176,0.06490400433540344,0.08376584202051163,0.05703786388039589,0.029346760362386703,0.0781889334321022,0.0715823695063591,0.14647038280963898,0.057938262820243835,0.07550550997257233,0.069947749376297,0.0002466891601216048,0.0021388728637248278,0.26910340785980225,0.0003908373764716089,0.0076973033137619495,0.005267331376671791,0.0030270926654338837,0.0006218979833647609,0.0006271647871471941,0.007454908452928066,0.0004512521263677627,0.03539546579122543,0.06102800369262695,0.057187825441360474,0.027807870879769325,0.005372994113713503,0.0013037764001637697,0.007924682460725307,0.004716144409030676,0.004439135547727346,0.039668936282396317,0.002954827854409814,0.0027004943694919348,0.002347911475226283,0.0027240226045250893,0.03171570971608162,0.0360553003847599,2.2110277768661035e-06,1.3318959872776759e-06,0.0028276611119508743,0.37845346331596375,0.0014677160870633088,0.16301752718087906
1026,1.8807340893545188e-06,0.005090024322271347,0.0002595402766019106,0.4302551746368408,0.16427113115787506,0.41798293590545654,8.060241088969633e-05,8.669617841405852e-07,9.121884545493231e-07,0.004761480260640383,0.002139321994036436,0.189066082239151,0.2060263454914093,0.08656657487154007,0.06318159401416779,0.03719917684793472,0.045739177614450455,0.03701193630695343,0.034351151436567307,0.07964160293340683,0.029677079990506172,0.08188938349485397,0.1083134114742279,0.00013994546316098422,0.002067834371700883,0.2581155002117157,0.0005420403322204947,0.010220475494861603,0.005568311084061861,0.0014571736101061106,0.00031494410359300673,0.0003843625891022384,0.009849302470684052,0.0008420479716733098,0.014537842012941837,0.02698546275496483,0.03514964506030083,0.012364024296402931,0.021130330860614777,0.0010858140885829926,0.013076655566692352,0.010298609733581543,0.004314839839935303,0.02605602703988552,0.0004535321204457432,0.0003325836732983589,0.0008651072275824845,0.0014619636349380016,0.007601491175591946,0.006768712308257818,1.6170820344996173e-06,9.696333336250973e-07,0.00039305789687205106,0.34418533742427826,0.002674782299436629,0.143651493776512
1029,2.8429371923266444e-06,0.006801408715546131,0.0002578923013061285,0.40969720482826233,0.1309269815683365,0.392905592918396,8.905204595066607e-05,8.733849199415999e-07,1.1804469295384479e-06,0.00870039314031601,0.0031926529482007027,0.1605401188135147,0.17965540289878845,0.08108516782522202,0.0660470500588417,0.041616830974817276,0.04307197034358978,0.04250842332839966,0.042749419808387756,0.13082046806812286,0.04540354013442993,0.05175399407744408,0.08112886548042297,0.00014144924352876842,0.0018710554577410221,0.2156769037246704,0.0005066238227300346,0.012336001731455326,0.01393925677984953,0.001024832483381033,0.00022556188923772424,0.0003713034966494888,0.005660141818225384,0.0010524557437747717,0.01398264616727829,0.034598492085933685,0.06909065693616867,0.014733666554093361,0.01630520075559616,0.0009270868031308055,0.026773769408464432,0.01592235080897808,0.00807778537273407,0.026323968544602394,0.00034325942397117615,0.00021361587278079242,0.00040681345853954554,0.0018495197873562574,0.006131594534963369,0.004173014312982559,1.6900632999750087e-06,1.133399678110436e-06,0.0002784376483759843,0.31268705427646637,0.00352965050842613,0.13676469007138317
1032,2.3743561996525386e-06,0.004232584033161402,0.000266090442892164,0.4008944630622864,0.22401674091815948,0.4740285873413086,0.00012258760398253798,9.880280913421302e-07,1.4082078223509598e-06,0.00459999218583107,0.0014460525708273053,0.06066761910915375,0.07130899280309677,0.06536433845758438,0.07132047414779663,0.052139442414045334,0.03552203252911568,0.10813210159540176,0.11794273555278778,0.13020507991313934,0.03809870779514313,0.08817887306213379,0.15002073347568512,0.00016002205666154623,0.0038726634811609983,0.44217994809150696,0.001125074690207839,0.007967757061123848,0.011110537685453892,0.0007105044787749648,0.000783050199970603,0.0014305515214800835,0.006808701902627945,0.001458392245694995,0.02634791098535061,0.05996311828494072,0.034281592816114426,0.0091383783146739,0.02199416048824787,0.0003152928838972002,0.009581523947417736,0.006306393072009087,0.004403284285217524,0.016079161316156387,0.00035893297172151506,0.0002350807044422254,0.0006993114948272705,0.004271409474313259,0.00454080430790782,0.002126417588442564,3.5607524750957964e-06,1.6235519524343545e-06,0.00029700683808187023,0.42153720557689667,0.002249337238026783,0.13436935492791235
1035,2.58962813859398e-06,0.00480429083108902,0.0015645421808585525,0.34464389085769653,0.1645069718360901,0.2501872479915619,0.00011706961959134787,1.2510705573731684e-06,1.7087528476622538e-06,0.007323115132749081,0.0022316044196486473,0.07795625925064087,0.07863346487283707,0.08009719848632812,0.05226702243089676,0.03695892542600632,0.05785536766052246,0.09231303632259369,0.11273255199193954,0.12098152935504913,0.07263248413801193,0.04931262880563736,0.1108848974108696,0.00023210429935716093,0.004795871675014496,0.25022006034851074,0.0002773999876808375,0.008949662558734417,0.014129392802715302,0.0004377322911750525,0.0006885092589072883,0.0011084998259320855,0.00877340417355299,0.0011833946919068694,0.028258483856916428,0.0841749906539917,0.06597284972667694,0.007695297710597515,0.019300425425171852,0.00042441400000825524,0.01687561348080635,0.006788379047065973,0.004586061462759972,0.02395731396973133,0.0005951038328930736,0.0002650887181516737,0.0012483132304623723,0.002629881026223302,0.00807481724768877,0.003939714748412371,2.2296637780527817e-06,1.9318786144140176e-06,0.0004300962755223736,0.29743197560310364,0.003184416505973786,0.1154802999808453
1038,1.5296857327484759e-06,0.008910148404538631,0.003704034723341465,0.1919098198413849,0.1590723842382431,0.17381136119365692,4.385221836855635e-05,8.29594569040637e-07,1.093197852242156e-06,0.0039015512447804213,0.0018716457998380065,0.04859328269958496,0.04432428255677223,0.08101974427700043,0.051050376147031784,0.035769928246736526,0.05832970142364502,0.14711658656597137,0.18034937977790833,0.061565011739730835,0.06767672300338745,0.07462295889854431,0.13766877353191376,9.861978469416499e-05,0.005302556324750185,0.357044517993927,0.000774429296143353,0.013959674164652824,0.0033682018984109163,0.0009265061817131937,0.00043887525680474937,0.0005701890913769603,0.011433080770075321,0.000487172364955768,0.011827578768134117,0.023727059364318848,0.016850901767611504,0.006594367790967226,0.08591455221176147,0.0017419152427464724,0.016293983906507492,0.013083240948617458,0.0034631649032235146,0.008458886295557022,5.729414624511264e-05,3.678774373838678e-05,0.0005375813925638795,0.001076027168892324,0.00043984715011902153,0.00035486099659465253,1.451946559427597e-06,9.93199478216411e-07,4.704094499174971e-05,0.27447716891765594,0.006307091563940048,0.06430629472985554
1041,1.4219906461221399e-06,0.0079154958948493,0.0025031573604792356,0.24689295887947083,0.22938336431980133,0.2868059277534485,1.1856282981170807e-05,3.242562343075406e-07,1.2049569022565265e-06,0.0054734800942242146,0.002738609677180648,0.05629941448569298,0.059366922825574875,0.08290451765060425,0.05602508410811424,0.03862973302602768,0.061427630484104156,0.136220321059227,0.14758490025997162,0.08966516703367233,0.06371219456195831,0.07756558805704117,0.14398211240768433,2.81260181509424e-05,0.0027803510893136263,0.03378739580512047,0.0002320182102266699,0.009946453385055065,0.00987046118825674,0.0002874769561458379,0.00013673641660716385,0.00040058186277747154,0.002518795430660248,0.0018856251845136285,0.0008385936380364001,0.0017712418921291828,0.0112374322488904,0.003101029433310032,0.742812991142273,0.0021978176664561033,0.1091587021946907,0.04437793418765068,0.016308780759572983,0.0022169589065015316,1.180114850285463e-06,5.956849804533704e-07,2.9537000955315307e-05,0.0008077580714598298,5.858314580109436e-06,3.0456103559117764e-06,2.075017846436822e-06,4.206063124456705e-07,8.878999153694167e-07,0.14034017734229565,0.005209326627664268,0.08247675905295182
1044,2.1417047264549183e-06,0.00587928481400013,0.001231102622114122,0.3239140510559082,0.24301406741142273,0.3707039952278137,1.1563524822122417e-05,4.888098033006827e-07,1.3254704072096501e-06,0.006556045264005661,0.003091133199632168,0.086513951420784,0.0978807657957077,0.09527379274368286,0.048188429325819016,0.030598897486925125,0.07566097378730774,0.0803217962384224,0.08613280206918716,0.08473249524831772,0.042696475982666016,0.06991986930370331,0.11612780392169952,2.388767279626336e-05,0.0030397248920053244,0.018039746209979057,9.050641529029235e-05,0.0047691622748970985,0.010316452011466026,0.00011594819079618901,0.0009751255856826901,0.002513519022613764,0.0022977052722126245,0.007847747765481472,0.0004455875314306468,0.001022817799821496,0.013903667218983173,0.0020857371855527163,0.6937543153762817,0.000400547927711159,0.11691255122423172,0.013967380858957767,0.072750024497509,0.011462090536952019,2.0816812593693612e-06,6.738795832461619e-07,0.00012521746975835413,0.0009714492480270565,5.192997559788637e-05,2.088067412842065e-05,3.0021271868463373e-06,5.172948931431165e-07,1.3777804213077616e-06,0.17097689863294363,0.003555193718057126,0.10913423188806821
1047,2.9521015676436946e-06,0.0075087337754666805,0.0016433116979897022,0.27945277094841003,0.236247718334198,0.33282026648521423,9.153246537607629e-06,8.660396133564063e-07,1.5178974308582838e-06,0.0062489500269293785,0.0032164491713047028,0.10847257077693939,0.12107153981924057,0.06633385270833969,0.06947778910398483,0.0474974662065506,0.0481613352894783,0.06431004405021667,0.07062346488237381,0.0770522952079773,0.04802798479795456,0.07328177988529205,0.12488323450088501,1.880268973764032e-05,0.002187797799706459,0.013261190615594387,8.432227332377806e-05,0.0028315535746514797,0.0033616709988564253,5.4029893362894654e-05,0.008427879773080349,0.020967690274119377,0.0017227575881406665,0.0029918625950813293,0.00036773114698007703,0.0009666589321568608,0.009662159718573093,0.0013455471489578485,0.6808992028236389,0.0007147960714064538,0.13026681542396545,0.009230569936335087,0.17206710577011108,0.0317448265850544,1.4908303000993328e-06,4.818265892936324e-07,0.00028728815959766507,0.0025376148987561464,0.00011389961582608521,6.988516543060541e-05,4.297837676858762e-06,8.282443104690174e-07,9.863284446964826e-07,0.1463569807820022,0.004576022736728191,0.10294944699853659
1050,2.604637757031014e-06,0.012572630308568478,0.0013811173848807812,0.26318132877349854,0.1695154905319214,0.30500322580337524,8.801133844826836e-06,7.162821589190571e-07,1.135690354203689e-06,0.00860540010035038,0.0037710098549723625,0.16041035950183868,0.1810513138771057,0.06445241719484329,0.08528027683496475,0.05772719159722328,0.0339776948094368,0.04312678053975105,0.04096321389079094,0.09895090758800507,0.04362493008375168,0.0615093931555748,0.11311111599206924,1.4703534361615311e-05,0.0017329305410385132,0.019103463739156723,0.00015042777522467077,0.005461773369461298,0.004358302801847458,9.615017188480124e-05,0.0023029546719044447,0.005437157582491636,0.0025172708556056023,0.0033168429508805275,0.00030562354368157685,0.0007323281024582684,0.009022066369652748,0.0014102034037932754,0.8069689869880676,0.001079980400390923,0.16733881831169128,0.014064518734812737,0.14425744116306305,0.023701904341578484,1.0452239393998752e-06,3.712057150551118e-07,0.00014307437231764197,0.0009462531306780875,6.682732055196539e-05,4.561823880067095e-05,2.969568640764919e-06,5.587277200902463e-07,7.082148272274935e-07,0.14114239625632763,0.006976873846724629,0.0903071470092982
1053,4.3934514906140976e-06,0.00837071891874075,0.0006609562551602721,0.3153456151485443,0.2217693328857422,0.43050649762153625,1.653672006796114e-05,8.676358902448555e-07,1.8380084156888188e-06,0.006196891888976097,0.002994646318256855,0.07719479501247406,0.101266048848629,0.07342790812253952,0.06637594848871231,0.04482526332139969,0.04888009652495384,0.08359970152378082,0.08217158168554306,0.12114667892456055,0.033650849014520645,0.08185171335935593,0.11598208546638489,1.959376641025301e-05,0.0023216356057673693,0.021278122439980507,0.0001092394013539888,0.005144721362739801,0.008214063011109829,4.974650437361561e-05,0.005482471082359552,0.014814088121056557,0.0016924540977925062,0.005535080563277006,0.00046061008470132947,0.0015302771935239434,0.0163767971098423,0.0013100578216835856,0.6769074201583862,0.00041138939559459686,0.2015049159526825,0.012449383735656738,0.17354215681552887,0.026277847588062286,1.7470089233029285e-06,4.4469808813119016e-07,0.00023863452952355146,0.0021154568530619144,0.00012607047392521054,5.1682265620911494e-05,4.464652192837093e-06,8.368446060558199e-07,1.0958535057170593e-06,0.1683118687942624,0.004515837586950511,0.1118807247839868
1056,3.8076675537013216e-06,0.007009803783148527,0.0014957122039049864,0.30904850363731384,0.23962976038455963,0.3672139048576355,1.5152366358961444e-05,8.471783985442016e-07,2.02720116249111e-06,0.006558428052812815,0.0025736340321600437,0.09715736657381058,0.11881379038095474,0.05489892512559891,0.07954295724630356,0.059525635093450546,0.039664126932621,0.07010798901319504,0.06989634037017822,0.12693990767002106,0.03318541496992111,0.08080306649208069,0.13670329749584198,1.914857239171397e-05,0.0030950738582760096,0.023810256272554398,0.00010830021346919239,0.00643312418833375,0.008198837749660015,4.881460699834861e-05,0.003927579149603844,0.010575667023658752,0.0024752765893936157,0.007538149133324623,0.00040738217649050057,0.001300806412473321,0.01253761537373066,0.0010046001989394426,0.7928268313407898,0.0003744889691006392,0.19711734354496002,0.013119771145284176,0.14772699773311615,0.0208162572234869,1.2996846407986595e-06,2.999540527071076e-07,0.00019774668908212334,0.001344800810329616,8.993248775368556e-05,3.2996733352774754e-05,3.945890512113692e-06,8.167866099029197e-07,7.998193467528836e-07,0.16642937995493412,0.004252757993526757,0.10785058327019215
1059,1.8745153056443087e-06,0.0028042609337717295,0.0006228202837519348,0.41197729110717773,0.2855883240699768,0.38662585616111755,2.5116703909588978e-05,7.730748166068224e-07,1.7004571191137074e-06,0.0068636704236269,0.003593107685446739,0.20048604905605316,0.2139696627855301,0.06989457458257675,0.06038624048233032,0.04437974840402603,0.05131886899471283,0.0375080406665802,0.029966136440634727,0.1104329377412796,0.032377634197473526,0.08345264941453934,0.09714680910110474,4.68027574243024e-05,0.007056424394249916,0.2147918939590454,0.0006267097196541727,0.013097944669425488,0.009191243909299374,0.00018518760043662041,0.00019094967865385115,0.0005503112333826721,0.01957605965435505,0.004856901243329048,0.0031956653110682964,0.008284575305879116,0.005420346278697252,0.0011985290329903364,0.7357571125030518,0.0005237273289822042,0.09449826180934906,0.03824400156736374,0.014864235185086727,0.011725179851055145,1.245125076820841e-06,5.302353542901983e-07,3.0669481930090114e-05,0.000671528629027307,0.0002402185637038201,0.00011061328405048698,2.630007656989619e-06,7.414280958073505e-07,8.876802155555197e-07,0.3133845925331116,0.0017135406087618321,0.13757285067307143
1062,2.364104830121505e-06,0.0024370583705604076,0.0002744460362009704,0.4460873007774353,0.3216221332550049,0.4749610424041748,3.0128339858492836e-05,1.1065684475397575e-06,1.854122274380643e-06,0.0046583302319049835,0.0020209739450365305,0.14560075104236603,0.1680932343006134,0.05997546389698982,0.0810130387544632,0.059037547558546066,0.032214611768722534,0.045358993113040924,0.044071014970541,0.08091625571250916,0.026364004239439964,0.10202757269144058,0.14656612277030945,4.397659722599201e-05,0.008466064929962158,0.242896169424057,0.00048686342779546976,0.011525806970894337,0.005128030199557543,0.00015507801435887814,0.0009327430161647499,0.0019624384585767984,0.014335413463413715,0.005978577770292759,0.003841007361188531,0.00891757383942604,0.008358755148947239,0.0016687503084540367,0.516649067401886,0.00027804472483694553,0.08159981667995453,0.02491641230881214,0.024243276566267014,0.02138620987534523,3.219328164050239e-06,1.1313318282191176e-06,0.00015113585686776787,0.0008241255418397486,0.0005563059821724892,0.0002920511469710618,2.882751687138807e-06,8.622207587904995e-07,2.1753299961346784e-06,0.34449173510074615,0.001355752203380689,0.14966082741739228
1065,2.2821163838671055e-06,0.006336042191833258,0.00027121641323901713,0.35580188035964966,0.20417384803295135,0.43513405323028564,3.6210545658832416e-05,9.799476856642286e-07,1.275897488994815e-06,0.006198697257786989,0.002977831522002816,0.11617504805326462,0.1470891684293747,0.06040387973189354,0.07739992439746857,0.05691283568739891,0.034920234233140945,0.05370950698852539,0.05077347159385681,0.12714248895645142,0.02959589846432209,0.07902015745639801,0.10240336507558823,4.320410516811535e-05,0.01039606612175703,0.2625746428966522,0.00044149087625555694,0.011210190132260323,0.00514138862490654,0.00021970082889311016,0.0006743305712006986,0.0011259570019319654,0.014611016027629375,0.0038180381525307894,0.0042735212482512,0.00991469994187355,0.010176615789532661,0.001660708338022232,0.5022040009498596,0.0004055716563016176,0.07450943440198898,0.022600317373871803,0.02055441588163376,0.018789438530802727,4.084851752850227e-06,1.333021828031633e-06,0.00018753133190330118,0.0004674318479374051,0.0004954795585945249,0.0002789935388136655,2.7798128030553926e-06,8.210163855437713e-07,2.70893679044093e-06,0.30918826162815094,0.0033036293025361374,0.11920072264426078
1068,2.736243231993285e-06,0.0007298053824342787,0.00019615981727838516,0.5975937843322754,0.47706955671310425,0.5094444155693054,2.9725821150350384e-05,1.7701088381727459e-06,2.255875187984202e-06,0.003752842079848051,0.001726169022731483,0.08428267389535904,0.09109893441200256,0.07003133744001389,0.06292341649532318,0.04419812187552452,0.04716547951102257,0.07885167747735977,0.0950082391500473,0.07698474079370499,0.04831146448850632,0.10026451200246811,0.17897850275039673,4.411285772221163e-05,0.005469971802085638,0.2533235251903534,0.0009449764038436115,0.0121776657178998,0.005718042142689228,0.0002108557237079367,0.000613985990639776,0.001351485843770206,0.014028779231011868,0.0026043790858238935,0.0040828329510986805,0.00976553838700056,0.011572375893592834,0.002242429181933403,0.48109424114227295,0.0008292061975225806,0.08691979944705963,0.024399632588028908,0.031032783910632133,0.023479120805859566,3.528503611960332e-06,1.3353527492654393e-06,0.00011465490388218313,0.000917351630050689,0.0006021354347467422,0.0002988059422932565,2.773854703264078e-06,8.552457302357652e-07,2.4319281806128856e-06,0.4254586547613144,0.00046298259985633194,0.19985308538889512
1071,2.349044962102198e-06,0.004404745995998383,0.0007322778692469001,0.2962002158164978,0.2793494164943695,0.3846167027950287,2.4519356884411536e-05,9.636542017688043e-07,1.848807528403995e-06,0.006075747776776552,0.004011670593172312,0.14843857288360596,0.17079642415046692,0.028220966458320618,0.19126349687576294,0.16454844176769257,0.008099386468529701,0.0453263521194458,0.040076956152915955,0.1033259853720665,0.042391903698444366,0.08566129952669144,0.08996254950761795,3.55918709828984e-05,0.009134592488408089,0.22682727873325348,0.0005210588569752872,0.015827883034944534,0.00520496629178524,0.00014513364294543862,0.0009042287711054087,0.0019510671263560653,0.012271124869585037,0.003348333528265357,0.0026392280124127865,0.007324328646063805,0.009521392174065113,0.001301640528254211,0.6493592262268066,0.0005465895519591868,0.10959486663341522,0.03329208493232727,0.027688043192029,0.013813326135277748,1.5027824247226818e-06,4.529485693183233e-07,0.00011855383490910754,0.0005665262578986585,0.00020055333152413368,9.767692972673103e-05,3.3090188935602782e-06,8.059500373747142e-07,9.778654970205025e-07,0.26151374727487564,0.0025685119326226413,0.09968517057131976
1074,1.5757995015519555e-06,0.002746705198660493,0.0011408781865611672,0.35625946521759033,0.3040689527988434,0.2533330023288727,1.6367621356039308e-05,9.264234108741221e-07,1.6917339280553279e-06,0.008819203823804855,0.00519799068570137,0.1904076486825943,0.1950039267539978,0.023365022614598274,0.21671533584594727,0.19418971240520477,0.006763312499970198,0.03828172758221626,0.03516462817788124,0.10112026333808899,0.07348153740167618,0.06308946013450623,0.09117288887500763,3.2931886380538344e-05,0.008921422064304352,0.20696546137332916,0.0006094468990340829,0.01595897041261196,0.004249301739037037,0.00015351334877777845,0.000413541158195585,0.0010321480222046375,0.013587345369160175,0.002106006722897291,0.0024223169311881065,0.00612605269998312,0.005195590201765299,0.00098651391454041,0.8099467754364014,0.0012965310597792268,0.11903118342161179,0.06497179716825485,0.01910143345594406,0.009644227102398872,5.232449211689527e-07,1.8830803583114175e-07,4.700995850726031e-05,0.000463119795313105,8.182478632079437e-05,4.752793029183522e-05,3.0927049010642804e-06,6.315294172054564e-07,3.5577647850004723e-07,0.28161246329545975,0.00194379169261083,0.11923505146599685
1077,1.4179457821228425e-06,0.0027703847736120224,0.0005566664040088654,0.3899652063846588,0.31731170415878296,0.34993916749954224,1.6949807104538195e-05,9.724096798890969e-07,1.0651766615410452e-06,0.009404279291629791,0.0038327111396938562,0.19436268508434296,0.21017219126224518,0.03026241436600685,0.17821040749549866,0.15161104500293732,0.009519274346530437,0.03760603070259094,0.029915858060121536,0.12330612540245056,0.046716272830963135,0.05860988423228264,0.10064328461885452,3.048158214369323e-05,0.009114980697631836,0.21199548244476318,0.0005171389202587306,0.013703592121601105,0.0024373086635023355,0.0003713530604727566,0.00029601692222058773,0.0005953713553026319,0.0192039106041193,0.0027827357407659292,0.0030161163304001093,0.004987931810319424,0.0033747421111911535,0.0016403344925493002,0.7928097248077393,0.0011454070918262005,0.10116419196128845,0.043825168162584305,0.025080500170588493,0.0187993086874485,7.71091890783282e-07,3.8767808518969105e-07,4.4915566832059994e-05,0.0003184306842740625,0.00019272910139989108,0.00018345244461670518,2.4000178200367372e-06,4.962025172972062e-07,5.793849879864865e-07,0.300980344414711,0.0016635255888104439,0.13028553155406067
1080,1.554763571220974e-06,0.0016551448497921228,0.0008741498459130526,0.39723604917526245,0.375814825296402,0.2667868733406067,1.4734105207026005e-05,1.2649848031287547e-06,1.6504912991877063e-06,0.012317732907831669,0.0059480429627001286,0.16173811256885529,0.1664768010377884,0.028196165338158607,0.18355263769626617,0.15913532674312592,0.008799385279417038,0.04375232756137848,0.04696367681026459,0.10856065154075623,0.09814547747373581,0.04402471333742142,0.09084811806678772,3.523527630022727e-05,0.005528958048671484,0.22229152917861938,0.0008796728798188269,0.01897125318646431,0.00559124955907464,0.00022004841594025493,0.0002812492020893842,0.0007592366891913116,0.02319588139653206,0.0018658895278349519,0.0024649291299283504,0.0059647285379469395,0.004179655574262142,0.0010438612662255764,0.8702337741851807,0.0017098734388127923,0.11131057143211365,0.05800596624612808,0.017902368679642677,0.010414631105959415,5.410216772361309e-07,2.2117798437193414e-07,3.3357006032019854e-05,0.000510812911670655,9.08344445633702e-05,4.965525658917613e-05,2.563828275015112e-06,5.862976308890211e-07,3.8109983080403254e-07,0.3097637891769409,0.0012646473478525877,0.13275884502218105
1083,1.3060438277534558e-06,0.00114787882193923,0.0003500313905533403,0.529554009437561,0.4291423261165619,0.4133331775665283,1.3320264770300128e-05,8.715560397831723e-07,1.1122458545287373e-06,0.024522557854652405,0.009272773750126362,0.11115934699773788,0.10562014579772949,0.049132686108350754,0.12264502793550491,0.096286840736866,0.02176721580326557,0.07649402320384979,0.0807119607925415,0.17588335275650024,0.15991972386837006,0.02438291162252426,0.0833723321557045,4.0499111491953954e-05,0.004572346806526184,0.1894940733909607,0.0011101795826107264,0.0821128636598587,0.010781129822134972,0.0003840388380922377,2.1425015802378766e-05,7.015692244749516e-05,0.03000571019947529,0.005771920084953308,0.001172720454633236,0.002482586307451129,0.002348638605326414,0.0008001640089787543,0.9776210784912109,0.0018920854199677706,0.1067001223564148,0.09433119744062424,0.009032358415424824,0.002252141945064068,2.8082121161787654e-07,1.1427539448050084e-07,8.462364348815754e-06,0.0001937360066222027,9.882779522740748e-06,4.140394139540149e-06,1.5194486877589952e-06,2.4765606099208526e-07,1.975483030491887e-07,0.35952404141426086,0.0007489551062462851,0.17654853045860364
1086,1.1395592309781932e-06,0.0010366603964939713,0.00024022268189582974,0.5433846712112427,0.3997798562049866,0.4766545593738556,1.9361395970918238e-05,7.133345434340299e-07,1.279943717236165e-06,0.018866388127207756,0.006555694621056318,0.13255897164344788,0.13908042013645172,0.03785734251141548,0.1339554786682129,0.12123085558414459,0.015590781345963478,0.0562763437628746,0.059684548527002335,0.16009430587291718,0.12711676955223083,0.02906622365117073,0.0833839550614357,6.293702608672902e-05,0.004586686380207539,0.24506928026676178,0.0012295750202611089,0.03555247187614441,0.03849063441157341,0.0009411246282979846,8.30968110676622e-06,2.801719710987527e-05,0.042280033230781555,0.005799177568405867,0.0029063161928206682,0.006473994813859463,0.005816989112645388,0.001394481398165226,0.8625566959381104,0.0010636334773153067,0.051421988755464554,0.04738902673125267,0.004180433694273233,0.003143720328807831,2.0879999738099286e-06,9.771480335984961e-07,8.764731319388375e-06,0.00028829730581492186,6.773795030312613e-05,2.2000747776473872e-05,1.6070125639089383e-06,3.0011113949512946e-07,1.5325740037042124e-06,0.39422697573900223,0.0006384415391949005,0.18114033269648644
1089,2.1647254015988437e-06,0.0020343202631920576,0.0009324058191850781,0.3821241557598114,0.3758290708065033,0.41728314757347107,1.2497451280069072e-05,6.133638521532703e-07,1.36950541218539e-06,0.02236352488398552,0.005697451066225767,0.11682160943746567,0.12675507366657257,0.03110506758093834,0.1345139443874359,0.12199534475803375,0.017736315727233887,0.058399882167577744,0.06729868799448013,0.21948130428791046,0.07691723853349686,0.02661275677382946,0.07070576399564743,2.2226802684599534e-05,0.0006589539698325098,0.011332604102790356,0.00017594342352822423,0.0025565787218511105,0.014058060944080353,0.00023221364244818687,0.0009808087488636374,0.0027851357590407133,0.0007751549710519612,0.0008048211457207799,0.00033397722290828824,0.001130225253291428,0.05373599752783775,0.004199792165309191,0.24740000069141388,0.0035227069165557623,0.07436038553714752,0.006290365010499954,0.08284607529640198,0.012552749365568161,1.4203454156813677e-05,5.13784243594273e-06,0.00017386495892424136,0.0028469436801970005,9.476152627030388e-05,4.0344650187762454e-05,4.664585503633134e-06,7.152329999371432e-07,9.670648296378204e-06,0.19672837993130088,0.0014833630411885679,0.12863003342257193
1092,2.3212933228933252e-06,0.002005351707339287,0.0009812961798161268,0.3790149688720703,0.3486369848251343,0.42664361000061035,1.175688248622464e-05,6.139221113699023e-07,9.695020253275288e-07,0.023889077827334404,0.008326461538672447,0.06690441817045212,0.07972574234008789,0.03174513578414917,0.11820682883262634,0.11254014819860458,0.021814415231347084,0.09818357229232788,0.10711375623941422,0.32697558403015137,0.10361208021640778,0.025038259103894234,0.049052704125642776,1.8698052372201346e-05,0.0015247282572090626,0.011880702339112759,0.00011966098099946976,0.0037622563540935516,0.0167169738560915,0.00032016393379308283,0.0002957480901386589,0.000744630815461278,0.002323020016774535,0.0029844671953469515,0.00026003021048381925,0.0007599895470775664,0.025019779801368713,0.002544059418141842,0.6287695169448853,0.001627244520932436,0.0777319073677063,0.005101255606859922,0.09459890425205231,0.016686994582414627,6.727759682689793e-06,2.23355641537637e-06,8.758830517763272e-05,0.0010309894569218159,9.788438910618424e-05,4.1473951569059864e-05,3.834828476101393e-06,4.7461495000789e-07,4.480658049033082e-06,0.19544783560559154,0.0014933239435777068,0.12668511592589007
1095,3.0125065677566454e-06,0.006969393230974674,0.0015164988581091166,0.24168220162391663,0.20720174908638,0.36603039503097534,1.8514774637878872e-05,5.030456122767646e-07,1.2233242614456685e-06,0.02622782066464424,0.00696027185767889,0.12165490537881851,0.1562322974205017,0.02128916233778,0.14802967011928558,0.15275482833385468,0.0193786658346653,0.05835728719830513,0.05527631565928459,0.36509934067726135,0.06352774798870087,0.026153862476348877,0.055452682077884674,2.2290671040536836e-05,0.0022246153093874454,0.029465602710843086,0.00019006287038791925,0.009723777882754803,0.018242260441184044,0.00018839517724700272,0.00019056517339777201,0.0004941687802784145,0.0027613372076302767,0.004384117666631937,0.00031349030905403197,0.0010138355428352952,0.03181540220975876,0.001936937915161252,0.563213050365448,0.0010611177422106266,0.09943590313196182,0.017583752050995827,0.05408049374818802,0.012672816403210163,5.196809524932178e-06,1.3985447822051356e-06,7.859190372982994e-05,0.0006227873382158577,6.371340714395046e-05,2.2571584850084037e-05,2.9720958991674706e-06,6.643432470809785e-07,3.2976771535686566e-06,0.13557390216737986,0.004242946044541895,0.08078897852586427
1098,3.315990852570394e-06,0.0015699280193075538,0.0007022901554591954,0.3619106411933899,0.4155755937099457,0.4134407937526703,3.42036182701122e-05,1.8411486735203653e-06,1.8721659671427915e-06,0.0231944527477026,0.005140491761267185,0.12190675735473633,0.14060775935649872,0.03516227379441261,0.10300134867429733,0.0944506973028183,0.023957643657922745,0.05454988777637482,0.05311272665858269,0.32125982642173767,0.04687491059303284,0.027439428493380547,0.07284582406282425,3.345799632370472e-05,0.0017570608761161566,0.19503243267536163,0.0019020785111933947,0.009847969748079777,0.010869898833334446,0.00017103154095821083,0.00030161882750689983,0.000831909419503063,0.017842227593064308,0.0009706845739856362,0.003280231961980462,0.010827254503965378,0.010489209555089474,0.0011143973097205162,0.6450070738792419,0.003332393243908882,0.1012333333492279,0.027967942878603935,0.036554209887981415,0.04224773868918419,2.3820130081730895e-06,8.500805392941402e-07,4.5636908907908946e-05,0.0009622694342397153,0.0012406948953866959,0.0005312634748406708,4.692068614531308e-06,1.2322735756242764e-06,1.6160467737336148e-06,0.27847153693437576,0.0011361090873833746,0.12101472314679995
1101,2.5307426767540164e-06,0.002291599754244089,0.0010111078154295683,0.37700799107551575,0.356088250875473,0.3619052469730377,1.218753732246114e-05,7.452441082023142e-07,1.432029876013985e-06,0.01319523062556982,0.004614256322383881,0.10326874256134033,0.1155022382736206,0.053516991436481476,0.09380055218935013,0.07171980291604996,0.027494141831994057,0.06766267865896225,0.06945083290338516,0.17782658338546753,0.061466630548238754,0.043743785470724106,0.09015735983848572,1.1866065506183077e-05,0.0010625821305438876,0.0285040233284235,0.0003803219005931169,0.007173964288085699,0.011211304925382137,0.0002497280074749142,0.00043217476923018694,0.0011779002379626036,0.0014369374839589,0.0010716210817918181,0.00030474751838482916,0.0008500706171616912,0.01980479806661606,0.0022181659005582333,0.7116081714630127,0.005277004558593035,0.26030582189559937,0.03396929055452347,0.13129885494709015,0.014014150947332382,1.1334612963764812e-06,3.942378441479377e-07,5.4255106078926474e-05,0.0007509724819101393,3.0328863431350328e-05,1.539494223834481e-05,2.840663455572212e-06,4.657690055864805e-07,7.638495702622095e-07,0.20275600720196962,0.0016513537848368287,0.1262060220275695
1104,1.7811954649005202e-06,0.0010809417581185699,0.00040738200186751783,0.5162186622619629,0.3920803964138031,0.36779752373695374,3.059209848288447e-05,1.3637863958138041e-06,1.3575643151853e-06,0.00929073803126812,0.0036266669631004333,0.14168110489845276,0.15649771690368652,0.058319881558418274,0.08376207202672958,0.06289514154195786,0.02739301323890686,0.04842666909098625,0.04608610272407532,0.13220135867595673,0.04518968239426613,0.057326506823301315,0.08999358117580414,4.351442476036027e-05,0.0034584749955683947,0.24609191715717316,0.0013786605559289455,0.007015306502580643,0.0032235782127827406,0.00041505915578454733,0.00040396364056505263,0.0007888531545177102,0.011382401920855045,0.0013990910956636071,0.007210197392851114,0.013640806078910828,0.009327233768999577,0.0035548489540815353,0.31653666496276855,0.001294475863687694,0.07764378935098648,0.03321889042854309,0.0217058677226305,0.03382868692278862,4.002326022600755e-06,2.1998491774866125e-06,8.318101754412055e-05,0.0007804068154655397,0.000854701385833323,0.0006975908763706684,3.1152376323007047e-06,8.076481208263431e-07,3.1010876000436838e-06,0.381155289709568,0.0007441618799930438,0.1724704930190152
1107,1.7312626141574583e-06,0.0005734532023780048,0.00029103856650181115,0.5458109378814697,0.5129029750823975,0.4360274076461792,4.143769547226839e-05,1.4840214817013475e-06,1.84690816240618e-06,0.01170513965189457,0.0034168909769505262,0.09913403540849686,0.11211172491312027,0.039084866642951965,0.1113976389169693,0.09242254495620728,0.018982723355293274,0.06722236424684525,0.07455994933843613,0.1618022918701172,0.053414106369018555,0.046271614730358124,0.10981158912181854,5.590629734797403e-05,0.004251037258654833,0.24875061213970184,0.0010506390826776624,0.007917490787804127,0.005050491541624069,0.0002122195583069697,0.0007197984377853572,0.0014290341641753912,0.009193441830575466,0.001016150927171111,0.008555285632610321,0.02376948483288288,0.01597091183066368,0.002237701788544655,0.2793785333633423,0.0013865134678781033,0.06398332864046097,0.024885268881917,0.0160819161683321,0.021450767293572426,6.430133907997515e-06,2.31476292356092e-06,0.00016891637642402202,0.0009233165765181184,0.0007937392801977694,0.0004367399087641388,4.098313183931168e-06,9.731713817018317e-07,4.372448415779218e-06,0.3972807750105858,0.00043224588443990797,0.18265325682781017
1110,1.4502471685773344e-06,0.0010152945760637522,0.0004207173769827932,0.4963161051273346,0.48278602957725525,0.4752410650253296,1.1889183952007443e-05,6.007504111948947e-07,1.080874881154159e-06,0.013986531645059586,0.006323119159787893,0.1022980734705925,0.11578790843486786,0.04072204604744911,0.09976548701524734,0.08846133947372437,0.027001621201634407,0.07149386405944824,0.06960797309875488,0.18910856544971466,0.06553507596254349,0.04701760783791542,0.07347829639911652,2.4031620341702364e-05,0.0025066756643354893,0.031053461134433746,0.00029447581619024277,0.005993903148919344,0.007592733018100262,0.0001936225889949128,0.00016892653366085142,0.00045647055958397686,0.0077116298489272594,0.0044969599694013596,0.000701250450219959,0.0016332881059497595,0.005278571508824825,0.001125858398154378,0.8871569037437439,0.0012895420659333467,0.09700555354356766,0.019226277247071266,0.03420494124293327,0.011917290277779102,9.782753522813437e-07,4.0690937908038904e-07,3.225323962396942e-05,0.0005805607652291656,6.343077984638512e-05,3.582380304578692e-05,3.7672750750061823e-06,3.612802572661167e-07,6.925923656808664e-07,0.26368478313088417,0.0007180059765232727,0.1656471674068598
1113,2.142209268640727e-06,0.003222996136173606,0.001381225767545402,0.4081202745437622,0.3239254355430603,0.31697988510131836,7.499978892155923e-06,9.771507620826014e-07,1.0597082109597977e-06,0.013579289428889751,0.0037015893030911684,0.12083221971988678,0.11576824635267258,0.0323408879339695,0.1185111254453659,0.09869226068258286,0.021586455404758453,0.05526626855134964,0.07154115289449692,0.11557043343782425,0.09006553143262863,0.03552964702248573,0.11798471212387085,1.2490457265812438e-05,0.0015682590892538428,0.013051055371761322,0.00015373833593912423,0.002752070315182209,0.004260201007127762,0.0001551377645228058,0.00163324608001858,0.0038078625220805407,0.0021898180712014437,0.0025299994740635157,0.0002874448546208441,0.0006031523225829005,0.008174313232302666,0.0015818788670003414,0.7816087603569031,0.001521884580142796,0.15661193430423737,0.010697158053517342,0.18865950405597687,0.0352337621152401,1.2647459470827016e-06,4.405638662774436e-07,0.00012124265776947141,0.0008524727891199291,0.00010146696149604395,6.55914336675778e-05,3.0245998914324446e-06,5.121207777847303e-07,8.526549066800726e-07,0.21058566495776176,0.002302110951859504,0.13785379438195378
1116,2.4808873604342807e-06,0.0038874479942023754,0.0015141598414629698,0.37818852066993713,0.2944205403327942,0.2942090630531311,8.28893553261878e-06,1.0720842738010106e-06,1.1722249837475829e-06,0.014634999446570873,0.0041201007552444935,0.11246538162231445,0.1124596893787384,0.029986150562763214,0.13378804922103882,0.11345812678337097,0.017901217564940453,0.05962003022432327,0.07447220385074615,0.14182011783123016,0.08730465918779373,0.034536853432655334,0.10986364632844925,1.259168675460387e-05,0.001548797357827425,0.017641594633460045,0.000212326820474118,0.0033669935073703527,0.00375806400552392,0.0001073801759048365,0.001980283996090293,0.004863446112722158,0.0021186077501624823,0.002228779951110482,0.0003270080196671188,0.0007427594973705709,0.008135313168168068,0.0013297765981405973,0.7841790914535522,0.0016616913489997387,0.17374315857887268,0.015074857510626316,0.1823580414056778,0.036330290138721466,9.178851883007155e-07,3.1147783374763094e-07,0.0001128256626543589,0.0009847976034507155,9.57868542172946e-05,6.129554094513878e-05,3.458484570728615e-06,5.876646014257858e-07,6.146815110241732e-07,0.1979150576516986,0.0027008039178326726,0.12834408359291652
1119,2.8536478566820733e-06,0.0017003272660076618,0.00040361605351790786,0.5384217500686646,0.38812190294265747,0.4475807845592499,1.1549527698662132e-05,1.2467672831917298e-06,1.6983049135887995e-06,0.010291953571140766,0.002740707015618682,0.08239619433879852,0.08846097439527512,0.0495120994746685,0.08826480805873871,0.06894073635339737,0.029679717496037483,0.07735699415206909,0.09148821979761124,0.14648468792438507,0.06320187449455261,0.04804139584302902,0.1302458792924881,2.6490090021979995e-05,0.0017940455581992865,0.023924879729747772,0.0003287071012891829,0.00331870187073946,0.009911329485476017,0.0001229172048624605,0.0005383157404139638,0.0017712160479277372,0.006966776680201292,0.002801586175337434,0.0008285744115710258,0.002647643443197012,0.008118769153952599,0.0012784822611138225,0.819685161113739,0.0015370234614238143,0.09331181645393372,0.010893737897276878,0.08241651207208633,0.038108594715595245,1.6031489167289692e-06,6.220213890628656e-07,4.3949432438239455e-05,0.0015961804892867804,0.0002630331146065146,0.00012141469051130116,5.416900876298314e-06,6.387147095665568e-07,1.1125851528959174e-06,0.28117331489920616,0.0010519716597627848,0.18024376061900207
1122,3.212535148122697e-06,0.0009041955345310271,0.0002337454934604466,0.5924990773200989,0.46374136209487915,0.5073860883712769,2.4489074348821305e-05,1.6024198430386605e-06,2.3177892671810696e-06,0.008140995167195797,0.0022294619120657444,0.0637783333659172,0.073357492685318,0.047468867152929306,0.09077120572328568,0.07251664996147156,0.02692057192325592,0.09772349894046783,0.10990279167890549,0.14455299079418182,0.04136678948998451,0.059954311698675156,0.13928379118442535,4.4022297515766695e-05,0.0021050029899924994,0.06826174259185791,0.000662423437461257,0.003768946509808302,0.01144022960215807,0.0001552421017549932,0.00035004341043531895,0.0010135405464097857,0.01377234049141407,0.0016612696927040815,0.00335281272418797,0.013065957464277744,0.011845096945762634,0.0013759996509179473,0.6633320450782776,0.0022389849182218313,0.07491221278905869,0.014400807209312916,0.04387526959180832,0.05615001544356346,3.5482642033457523e-06,1.3285950899444288e-06,4.915590034215711e-05,0.0014429312432184815,0.0013204318238422275,0.000665741681586951,6.886586561449803e-06,8.377996891795192e-07,2.4384296466450905e-06,0.3303804099559784,0.0005689705139957368,0.197954220425648
1125,3.6549640753946733e-06,0.0008199140429496765,0.00034460765891708434,0.5614475011825562,0.4914766848087311,0.46615928411483765,3.775201184907928e-05,2.232902488685795e-06,2.357256335017155e-06,0.010127438232302666,0.0018424979643896222,0.055229246616363525,0.06146418675780296,0.041948411613702774,0.07977505773305893,0.06707589328289032,0.035427868366241455,0.11326821148395538,0.13278721272945404,0.17804329097270966,0.03665563836693764,0.050114069133996964,0.15686176717281342,4.4847944081993774e-05,0.0021608842071145773,0.1831664741039276,0.001791368005797267,0.005129972007125616,0.00997568853199482,0.00018951691163238138,0.0002693849091883749,0.000749382481444627,0.022030793130397797,0.0011016267817467451,0.00696906354278326,0.02167518436908722,0.009962519630789757,0.0014280261239036918,0.5760796070098877,0.0030092874076217413,0.08329157531261444,0.026218876242637634,0.033820345997810364,0.0760606899857521,3.1600491183780832e-06,1.2974331866644206e-06,4.168012674199417e-05,0.0011848186841234565,0.002594933146610856,0.0013996880734339356,5.6682606555114035e-06,1.1892539077962283e-06,2.228741152521252e-06,0.3723069876432419,0.0005822608509333804,0.18748875619106306
1128,2.1108864984853426e-06,0.0012542688054963946,0.0005828369758091867,0.4810405671596527,0.42421600222587585,0.3551531136035919,2.7657302780426107e-05,1.0932541272268281e-06,1.861400392044743e-06,0.008573183789849281,0.0033437840174883604,0.09050078690052032,0.10430445522069931,0.05780544504523277,0.06883331388235092,0.05449770390987396,0.041163116693496704,0.07363741099834442,0.07609768956899643,0.15499436855316162,0.04312688112258911,0.06200214475393295,0.11501584947109222,3.734520942089148e-05,0.0043798345141112804,0.19704201817512512,0.0013354417169466615,0.011824280023574829,0.010736607015132904,0.0002759318158496171,8.373875607503578e-05,0.0002065532171400264,0.018356237560510635,0.0015996904112398624,0.0034266554284840822,0.009666486643254757,0.008712654002010822,0.0011865152046084404,0.7741968035697937,0.003093147184699774,0.11473297327756882,0.05675750970840454,0.018986107781529427,0.016926785930991173,1.0313957545804442e-06,3.732728544036945e-07,2.4198998289648443e-05,0.0003306075814180076,0.00021218053007032722,9.989696991397068e-05,3.529718469508225e-06,6.330598125714459e-07,7.023343044920694e-07,0.3390412926673889,0.0009185528906527907,0.16044361971095591
1131,1.7987233604799258e-06,0.001060424605384469,0.0004264799354132265,0.4795047640800476,0.4235422611236572,0.42502066493034363,4.079058999195695e-05,9.670485496826586e-07,1.65469452895195e-06,0.008709355257451534,0.0031250743195414543,0.07328857481479645,0.08453013002872467,0.0683196485042572,0.06049778684973717,0.04737195000052452,0.04643161967396736,0.09199492633342743,0.09210359305143356,0.20450575649738312,0.04453977942466736,0.06273554265499115,0.11428859829902649,4.4973257899982855e-05,0.005116485524922609,0.2574789822101593,0.0015867715701460838,0.014179082587361336,0.019432123750448227,0.0009022399317473173,2.549901546444744e-05,4.88897057948634e-05,0.020165616646409035,0.0011517663951963186,0.005107990000396967,0.013805410824716091,0.015129165723919868,0.0018601116025820374,0.7083368897438049,0.005949413403868675,0.08667153120040894,0.05067360773682594,0.013268880546092987,0.011233130469918251,2.2388794604921713e-06,7.491297537853825e-07,2.688168933673296e-05,0.0001426286471541971,0.0002457506489008665,9.581536141922697e-05,3.142360583296977e-06,5.030408374295803e-07,1.494004607138777e-06,0.36849187314510345,0.0007434522703988478,0.15985971760043563
1134,1.3240124872027081e-06,0.009600570425391197,0.0009504600311629474,0.24842329323291779,0.1677570790052414,0.3232305943965912,2.552750811446458e-05,5.33812908543041e-07,9.589421097189188e-07,0.01834259368479252,0.012666285037994385,0.12662068009376526,0.1555730104446411,0.05097934231162071,0.08559077233076096,0.0740198865532875,0.030790047720074654,0.05731452256441116,0.04771944135427475,0.3106345236301422,0.11770005524158478,0.03879548981785774,0.04247052222490311,5.775020326836966e-05,0.014745930209755898,0.25717756152153015,0.0008179725846275687,0.01418691873550415,0.02805914916098118,0.000886370544321835,6.803467385907425e-06,1.7166195902973413e-05,0.049473803490400314,0.004874904174357653,0.004739818628877401,0.01110969390720129,0.004454459063708782,0.000930909242015332,0.9138853549957275,0.0013552630553022027,0.06704812496900558,0.07396644353866577,0.003805236890912056,0.004779498092830181,6.720946998939326e-07,2.667297849257011e-07,6.224139724508859e-06,0.0001088638964574784,6.414033123292029e-05,2.2531430659000762e-05,2.7674866487359395e-06,5.05796322158858e-07,4.6941224240981683e-07,0.25280042737722397,0.005275515228277072,0.08281575429873556
1137,1.9961814814450918e-06,0.024281229823827744,0.0019322047010064125,0.18904384970664978,0.1043199896812439,0.24140553176403046,1.9050363334827125e-05,5.857079941051779e-07,1.346058184026333e-06,0.01990913413465023,0.00773359090089798,0.12114530056715012,0.14034320414066315,0.06777509301900864,0.06840994954109192,0.052930355072021484,0.04515286907553673,0.05991953983902931,0.055430393666028976,0.2706577777862549,0.08789590001106262,0.03183172643184662,0.07225067168474197,4.3859832658199593e-05,0.007156071253120899,0.14169038832187653,0.0007040300988592207,0.020372970029711723,0.03659511357545853,0.0003765836881939322,1.1441019523772411e-05,3.920113158528693e-05,0.039369143545627594,0.005875317379832268,0.002148590749129653,0.0055398098193109035,0.003946272190660238,0.0006355276564136147,0.9628622531890869,0.0014117473037913442,0.12322821468114853,0.09003225713968277,0.006430662237107754,0.004508628509938717,3.6941526104783406e-07,1.4011520477197337e-07,5.279775450617308e-06,0.00017521849076729268,3.321628173580393e-05,1.1191232260898687e-05,2.3774898636474973e-06,5.263162847768399e-07,2.547652329099037e-07,0.16536711901426315,0.013106717262417078,0.06303149728591961
1140,2.3417064767272677e-06,0.0025958034675568342,0.000849260191898793,0.38548997044563293,0.3356594145298004,0.4132350981235504,1.8489399735699408e-05,9.353141763313033e-07,1.2688657307080575e-06,0.019078562036156654,0.006345872301608324,0.05072135105729103,0.0473165325820446,0.04252489283680916,0.0723387822508812,0.0650702491402626,0.04718916863203049,0.13936029374599457,0.17004548013210297,0.21957169473171234,0.1387585997581482,0.02234954945743084,0.06670422106981277,3.607660619309172e-05,0.0024547623470425606,0.03743385896086693,0.00017255953571293503,0.008579213172197342,0.01667352020740509,0.0001396403240505606,0.0003675888292491436,0.0008155081304721534,0.005462560802698135,0.0026107870507985353,0.0007471417193301022,0.0027001528069376945,0.022720245644450188,0.0012569507816806436,0.6673986911773682,0.0012214065063744783,0.07558973878622055,0.013368260115385056,0.029074547812342644,0.013673506677150726,6.1708756220468786e-06,1.503397356827918e-06,0.00016618071822449565,0.0006024962058290839,7.334787369472906e-05,3.1883479095995426e-05,2.355051947233733e-06,6.393997864506673e-07,3.837136489437398e-06,0.21146191470324993,0.0017225318297278136,0.1288910224684514
1143,1.9571059510781197e-06,0.004156889393925667,0.003982003778219223,0.2794519364833832,0.20235204696655273,0.15314039587974548,3.884885154548101e-05,5.42455893537408e-07,9.565462733007735e-07,0.031156593933701515,0.008660607971251011,0.04514477774500847,0.03582695871591568,0.03847535327076912,0.07701314240694046,0.0734553262591362,0.04016997292637825,0.1793040782213211,0.21487359702587128,0.22104458510875702,0.19792774319648743,0.01311018131673336,0.044669996947050095,8.394887845497578e-05,0.0007621595868840814,0.3720080256462097,0.0030348310247063637,0.04167412593960762,0.07981689274311066,0.000978895928710699,1.4274363820732106e-05,3.655183536466211e-05,0.01609654352068901,0.001009453320875764,0.0025036369916051626,0.008544351905584335,0.06344573199748993,0.004637910518795252,0.12754081189632416,0.002284026239067316,0.007358479779213667,0.01566923037171364,0.002545126946642995,0.005482736509293318,0.00017976058006752282,8.909596363082528e-05,9.187219984596595e-05,0.0007639050018042326,0.0002822446986101568,0.00010693863441701978,1.1704622693287092e-06,6.611456910832203e-07,0.00013442827184917405,0.32572998106479645,0.004069446586072445,0.09316758756085619
1146,1.6708944485799293e-06,0.002352037699893117,0.0015515832928940654,0.39205285906791687,0.23009520769119263,0.25595009326934814,5.0116523198084906e-05,5.301564556248195e-07,9.412360100213846e-07,0.02968773804605007,0.012585760094225407,0.04275939241051674,0.04248801991343498,0.029913296923041344,0.11103613674640656,0.11335880309343338,0.02469608373939991,0.181229367852211,0.20051614940166473,0.24209100008010864,0.1636299043893814,0.0175074003636837,0.03248877823352814,9.630828571971506e-05,0.0012229367857798934,0.4423782527446747,0.0031631465535610914,0.024475421756505966,0.12263966351747513,0.001012743217870593,1.4177458069752902e-05,4.2015988583443686e-05,0.025371773168444633,0.0018112987745553255,0.004929110873490572,0.015659937635064125,0.03486516326665878,0.003052316838875413,0.18590784072875977,0.0010937253246083856,0.006717591546475887,0.010668971575796604,0.0026484583504498005,0.007606938946992159,0.00012415145465638489,6.417476834030822e-05,4.914924284094013e-05,0.0008638856234028935,0.0006781640113331378,0.00021779387316200882,1.8668582697500824e-06,6.223577884156839e-07,9.416311149834655e-05,0.4172155559062958,0.0019518104963935912,0.1307030175048567
1149,2.9249074486870086e-06,0.0017456855857744813,0.0015336404321715236,0.33522048592567444,0.4367145299911499,0.4133521020412445,2.086566382786259e-05,1.2029681784042623e-06,1.5872439007580397e-06,0.0343271940946579,0.01309236790984869,0.030560052022337914,0.026440585032105446,0.06339526921510696,0.057331446558237076,0.04603489488363266,0.06968607753515244,0.23231151700019836,0.2627986669540405,0.34133005142211914,0.22154885530471802,0.016405435279011726,0.04120086506009102,3.305096834083088e-05,0.00394399045035243,0.040070418268442154,0.0001857880415627733,0.011392016895115376,0.010245603509247303,0.00010294160165358335,0.0010014396393671632,0.002606815192848444,0.0027292841114103794,0.002188508864492178,0.0009544630302116275,0.003571033477783203,0.020833861082792282,0.0017104822909459472,0.8525233864784241,0.0014986576279625297,0.1961030215024948,0.025126252323389053,0.04021782800555229,0.004625209141522646,1.0416385975986486e-06,2.478675469319569e-07,9.83954596449621e-05,0.0008583337184973061,9.093066182686016e-06,3.96772747990326e-06,3.754306590053602e-06,8.897355883163982e-07,6.447530722653028e-07,0.1876454520970583,0.0016396630089730024,0.11294291358596335
1152,1.9864448859152617e-06,0.0027656012680381536,0.001734063494950533,0.33797329664230347,0.363625705242157,0.434804230928421,2.0996067178202793e-05,6.159559120533231e-07,1.7895266637424356e-06,0.025495469570159912,0.007284408435225487,0.07199149578809738,0.07808110117912292,0.08774630725383759,0.04371592029929161,0.03711162135004997,0.09345585852861404,0.11222200095653534,0.10904143750667572,0.285680890083313,0.09968049824237823,0.027545364573597908,0.08163391798734665,3.339686008985154e-05,0.004338405095040798,0.06572811305522919,0.000585450092330575,0.013690642081201077,0.030573606491088867,0.0002665658248588443,5.493168646353297e-05,0.000255977880442515,0.005792604759335518,0.010742082260549068,0.0017862626118585467,0.0035915474873036146,0.00497592706233263,0.0013335294788703322,0.9396037459373474,0.0006406496395356953,0.26994115114212036,0.10014075040817261,0.015795262530446053,0.002182723954319954,1.8772098542285676e-07,7.319144401662925e-08,4.63891319668619e-06,0.0005624592304229736,9.735447747516446e-06,2.416710913166753e-06,3.335137080284767e-06,6.776632517357939e-07,1.30456214719743e-07,0.20185070484876633,0.0022498323814943433,0.1127614020697365
1155,1.3799609632769716e-06,0.003973602317273617,0.002178661758080125,0.2811719477176666,0.20468248426914215,0.210839182138443,4.66004348709248e-05,6.987153255977319e-07,1.2296064824113273e-06,0.016192995011806488,0.0047546857967972755,0.15824665129184723,0.17105931043624878,0.049791619181632996,0.07987260818481445,0.06659939885139465,0.032520659267902374,0.04336613789200783,0.04695393517613411,0.1984349638223648,0.0786047875881195,0.034202221781015396,0.06845822185277939,9.35215939534828e-05,0.0031716516241431236,0.33868324756622314,0.0012048891512677073,0.009314038790762424,0.012128318659961224,0.0006224847165867686,0.00010781131277326494,0.00025174039183184505,0.013085223734378815,0.00148452736902982,0.011886447668075562,0.02820281684398651,0.018570171669125557,0.005108549725264311,0.10346563160419464,0.0006986167281866074,0.01925313100218773,0.015452327206730843,0.0035841951612383127,0.010883877985179424,4.166466533206403e-05,2.648455665621441e-05,0.00010027663665823638,0.0017243500333279371,0.0011648534564301372,0.0006066461210139096,2.416982852082583e-06,1.2164198324171593e-06,3.407461099413922e-05,0.3099275976419449,0.003076132037676871,0.09384383314075724
1158,4.094442374480423e-06,0.014205408282577991,0.003174906363710761,0.1606399118900299,0.11126742511987686,0.21943749487400055,0.00032754274434410036,1.4822689990978688e-06,1.6624211411908618e-06,0.01440322957932949,0.00542684318497777,0.11838704347610474,0.142707958817482,0.043368421494960785,0.08814387768507004,0.07776780426502228,0.02682134136557579,0.0567045733332634,0.05319608747959137,0.2608245015144348,0.08433284610509872,0.03458521515130997,0.0535610169172287,0.0005928108002990484,0.001468279049731791,0.23955801129341125,0.0004452899156603962,0.00512709142640233,0.02821394056081772,0.0028471630066633224,0.0006578849861398339,0.0011276653967797756,0.005810151342302561,0.0008725328953005373,0.08553909510374069,0.18333302438259125,0.09464050829410553,0.050138577818870544,0.0021238098852336407,0.0002889960305765271,0.006725470535457134,0.0036383073311299086,0.003522447543218732,0.037366703152656555,0.022171055898070335,0.020999303087592125,0.002595895901322365,0.020051639527082443,0.15141251683235168,0.10696998238563538,3.2368573101848597e-06,4.393074505060213e-06,0.02158517949283123,0.20009896159172058,0.008690157323144376,0.05414182075764984
1161,3.6997266761318315e-06,0.009040058590471745,0.0004827273078262806,0.324824720621109,0.14976978302001953,0.35999080538749695,0.0005367095000110567,2.038130787695991e-06,2.057266328847618e-06,0.012184212915599346,0.003515814431011677,0.13030773401260376,0.14691853523254395,0.06255506724119186,0.08767887949943542,0.058041565120220184,0.030248913913965225,0.053980156779289246,0.051316697150468826,0.18473201990127563,0.05396362766623497,0.043219976127147675,0.0852637067437172,0.0011683832854032516,0.00048420639359392226,0.12463586777448654,0.0007901863427832723,0.003051967127248645,0.015680817887187004,0.0044242446310818195,0.0009829773334786296,0.0011673187837004662,0.003988599870353937,0.0005485721048898995,0.21710173785686493,0.3275968134403229,0.09768687933683395,0.07704789936542511,0.0020080446265637875,0.0004594324855133891,0.008429565466940403,0.006418078672140837,0.0035687058698385954,0.029186945408582687,0.12516550719738007,0.12188927829265594,0.015445124357938766,0.042459774762392044,0.34596550464630127,0.340058296918869,3.738657142093871e-06,3.4274987683602376e-06,0.123527392745018,0.22473029419779778,0.0047613929491490126,0.10899167224609603
1164,4.518687546806177e-06,0.003959997557103634,0.00047577990335412323,0.3824777603149414,0.23915471136569977,0.41752830147743225,0.0006403392762877047,2.5242488845833577e-06,2.403024836894474e-06,0.02111341804265976,0.004273504484444857,0.16278265416622162,0.17874152958393097,0.043763548135757446,0.10485179722309113,0.08506499230861664,0.024294858798384666,0.047469209879636765,0.04223432391881943,0.26105499267578125,0.0632469579577446,0.029555732384324074,0.076286680996418,0.0012349036987870932,0.0003544551145751029,0.09902679175138474,0.000739698763936758,0.0035132155753672123,0.014503845945000648,0.004802722483873367,0.0010647040326148272,0.0014546543825417757,0.003122140420600772,0.0005611103260889649,0.17917315661907196,0.27209076285362244,0.08801513910293579,0.09350261092185974,0.0019076712196692824,0.00044375681318342686,0.01236314419656992,0.009215201251208782,0.004890527110546827,0.02735297940671444,0.1516113579273224,0.16566096246242523,0.012134353630244732,0.08285193890333176,0.4211888909339905,0.4201776683330536,3.5095495150017086e-06,3.9830670175433625e-06,0.1586361601948738,0.24075227603316307,0.0022178887302288786,0.12833237291003266
1167,6.200488769536605e-06,0.0032119136303663254,0.0006670966395176947,0.37812381982803345,0.2194855660200119,0.3326402008533478,0.0004448272520676255,2.8030071916873567e-06,2.9862990231777076e-06,0.01281680352985859,0.003211260074749589,0.09210227429866791,0.10523815453052521,0.04489270597696304,0.1306648552417755,0.08842777460813522,0.014961260370910168,0.07450349628925323,0.07434502243995667,0.21443097293376923,0.08338772505521774,0.036820508539676666,0.09558967500925064,0.0006416080286726356,0.0011802634689956903,0.2528260052204132,0.0009078134899027646,0.005800948012620211,0.04822472110390663,0.0017406812403351068,0.0025945173110812902,0.0044632116332650185,0.0029661068692803383,0.001032268046401441,0.08532065153121948,0.20793338119983673,0.19462531805038452,0.04842650890350342,0.0009756381623446941,0.00020398614287842065,0.011563657782971859,0.0070386528968811035,0.007728202734142542,0.043641410768032074,0.03483264893293381,0.0197162888944149,0.007084453012794256,0.02679535374045372,0.2038038969039917,0.099412702023983,4.517894922173582e-06,5.268453151074937e-06,0.027274468913674355,0.3154749125242233,0.00193950513494201,0.12839384959079325
1170,4.1159109969157726e-06,0.00983298011124134,0.0022884183563292027,0.23631252348423004,0.1522901952266693,0.23849302530288696,0.0005754639860242605,1.8361320144322235e-06,2.3708512344455812e-06,0.013066425919532776,0.0038822225760668516,0.12048626691102982,0.13226573169231415,0.03338078036904335,0.1403767168521881,0.12175453454256058,0.012739880941808224,0.05684255063533783,0.053965646773576736,0.1729186326265335,0.07096683233976364,0.036648862063884735,0.078827865421772,0.0010310329962521791,0.0005898755043745041,0.13082803785800934,0.0005454914062283933,0.003991387318819761,0.014162097126245499,0.005006127990782261,0.0017747755628079176,0.0019170885207131505,0.0022686191368848085,0.0013965299585834146,0.18629927933216095,0.27213433384895325,0.13694974780082703,0.12828262150287628,0.0007870679255574942,0.00013630786270368844,0.0129831088706851,0.011236866004765034,0.004343736916780472,0.025753101333975792,0.16020016372203827,0.1427253633737564,0.0273835938423872,0.04140566661953926,0.27834630012512207,0.26711153984069824,2.8397316782502457e-06,3.97425264964113e-06,0.15146276354789734,0.1835702806711197,0.006060699233785272,0.08000146252258371
1173,4.424975486472249e-06,0.00272755092009902,0.0006202803924679756,0.4180029630661011,0.263489305973053,0.3267439603805542,0.00046208573621697724,2.248531700388412e-06,1.7873638853416196e-06,0.02136334404349327,0.0046165413223207,0.16677246987819672,0.18157002329826355,0.0344650037586689,0.13057199120521545,0.1129576712846756,0.015165992081165314,0.04218354821205139,0.03982117772102356,0.20800642669200897,0.05669107660651207,0.0277669969946146,0.06952045857906342,0.0006514790002256632,0.0008843370014801621,0.2018204629421234,0.00048250670079141855,0.00644015334546566,0.016234492883086205,0.0036633224226534367,0.0033513454254716635,0.0043241665698587894,0.003068760270252824,0.0008752812282182276,0.07766817510128021,0.11440625041723251,0.1371772587299347,0.08398852497339249,0.0007922019576653838,0.00021043836022727191,0.012032498605549335,0.009594224393367767,0.004964560270309448,0.033739201724529266,0.07595843821763992,0.06196121498942375,0.01761273667216301,0.029872991144657135,0.1966678351163864,0.1744067519903183,2.8280969672778156e-06,4.152288965997286e-06,0.06895982660353184,0.30991171300411224,0.0016739156562834978,0.14189282502047718
1176,3.9048431972332764e-06,0.025238409638404846,0.008342210203409195,0.11383222043514252,0.10356134176254272,0.19035302102565765,1.88159647223074e-05,3.77009342855672e-07,1.790933424672403e-06,0.015600671991705894,0.003918868023902178,0.120854452252388,0.13284611701965332,0.03002804145216942,0.10657847672700882,0.10055997967720032,0.024477533996105194,0.05291729420423508,0.06416752934455872,0.16303008794784546,0.06469079852104187,0.03419922664761543,0.08820918947458267,1.8820559489540756e-05,0.0034296675585210323,0.016728224232792854,4.047339461976662e-05,0.0019086902029812336,0.023284820839762688,0.00027799198869615793,0.0006578645552508533,0.0019335357937961817,0.000601676176302135,0.006754362490028143,0.00043427012860774994,0.001170907518826425,0.10379263013601303,0.009895648807287216,0.055030882358551025,0.00025830671074800193,0.1670895367860794,0.02402755245566368,0.10724494606256485,0.022637151181697845,2.590443727967795e-05,7.150890269258525e-06,0.00016405557107646018,0.0018685635877773166,0.00021127973741386086,7.037463365122676e-05,2.4199928247981006e-06,1.2223248404552578e-06,1.6527663774468238e-05,0.06528022233396769,0.01679030992090702,0.03880787359472985
1179,2.2070080376579426e-06,0.0049270763993263245,0.00039687982643954456,0.35926008224487305,0.20755887031555176,0.4081868529319763,7.394144631689414e-05,1.0461014881002484e-06,1.235568561241962e-06,0.013232032768428326,0.004793383181095123,0.14483527839183807,0.16990509629249573,0.03270811587572098,0.14836719632148743,0.13734640181064606,0.010226834565401077,0.04451969265937805,0.04243889078497887,0.19807636737823486,0.07225213944911957,0.04118957370519638,0.06033466383814812,0.00012194111332064494,0.00378987449221313,0.21127144992351532,0.0004599544045049697,0.00429024500772357,0.012298938818275928,0.0007034312002360821,0.0002877870574593544,0.0005582774174399674,0.009205750189721584,0.002389020286500454,0.026326382532715797,0.06618528068065643,0.02806558459997177,0.006855248007923365,0.047887273132801056,0.00036311589065007865,0.030655426904559135,0.014462430961430073,0.009160364046692848,0.04731621593236923,8.439837256446481e-05,4.573432306642644e-05,0.0001890022394945845,0.001700939261354506,0.011585119180381298,0.00727377412840724,3.925461442122469e-06,1.3989956642035395e-06,6.506634781544562e-05,0.2852657660841942,0.0026619781128829345,0.12003538223992412
1182,1.5910402453300776e-06,0.0014632560778409243,0.0004803586343768984,0.4570736587047577,0.32930466532707214,0.3139277994632721,5.890589454793371e-05,1.2877526387455873e-06,1.2675727703026496e-06,0.006705013569444418,0.0020404504612088203,0.13265129923820496,0.14116081595420837,0.04976717755198479,0.11297263950109482,0.08018895238637924,0.017666045576334,0.05170682817697525,0.05718269944190979,0.09116220474243164,0.04828764125704765,0.05886789783835411,0.1436012238264084,7.778976578265429e-05,0.0022569098509848118,0.3068985044956207,0.001097363536246121,0.009139141999185085,0.004539569839835167,0.0008201329619623721,0.0008834796608425677,0.0010682051070034504,0.004514438100159168,0.0003860781725961715,0.011486180126667023,0.02761821821331978,0.04149923846125603,0.007794334553182125,0.03361646831035614,0.0024153096601366997,0.025919504463672638,0.014624001458287239,0.01436481811106205,0.02977120131254196,9.200827480526641e-05,4.3090865801787004e-05,0.0009107686346396804,0.0009023168822750449,0.003652341431006789,0.0030148117803037167,2.3377772322419332e-06,8.866794587447657e-07,6.754957030352671e-05,0.3819860816001892,0.0009718073561089113,0.15300844782420123
1185,2.1202804418862797e-06,0.0016020066104829311,0.00029058082145638764,0.4606764316558838,0.31655311584472656,0.41521498560905457,8.046770381042734e-05,1.2804234756913502e-06,1.2827040336560458e-06,0.007875699549913406,0.0024610310792922974,0.1280311793088913,0.13981325924396515,0.050209276378154755,0.10526096075773239,0.0788831040263176,0.019848400726914406,0.054345738142728806,0.05800595134496689,0.1087251603603363,0.04677790403366089,0.05105459317564964,0.12030190229415894,9.332926128990948e-05,0.00182966492138803,0.2841988801956177,0.0010025316150858998,0.011430101469159126,0.008949675597250462,0.0008604541653767228,0.0007538070785813034,0.000922297069337219,0.004204212222248316,0.0006448273779824376,0.010435809381306171,0.026320651173591614,0.07211927324533463,0.009319416247308254,0.021445345133543015,0.0013891576090827584,0.0278671495616436,0.014812014065682888,0.01590355485677719,0.032240934669971466,0.0002155484980903566,8.687460649525747e-05,0.0012612733989953995,0.0008573805680498481,0.0054920995607972145,0.003749511670321226,2.1198577542236308e-06,9.566813332639867e-07,0.00015121155229280703,0.37243765592575073,0.0009462937159696594,0.15411751193460077
1188,2.7487897114042426e-06,0.001010446110740304,0.00018954946426674724,0.48001009225845337,0.3978654444217682,0.5144498348236084,0.00012741086538881063,1.378169599774992e-06,1.8324444681638852e-06,0.007349224761128426,0.002434429479762912,0.15406428277492523,0.16725963354110718,0.057663433253765106,0.09595447033643723,0.07093117386102676,0.024101942777633667,0.0482339970767498,0.046140797436237335,0.11173805594444275,0.039705339819192886,0.06201426312327385,0.11724423617124557,0.00019196209905203432,0.001311178202740848,0.2171807885169983,0.0006643615197390318,0.009842678904533386,0.01188186090439558,0.0009111054241657257,0.0007259820122271776,0.0010805189376696944,0.004304585978388786,0.0003988774260506034,0.019764548167586327,0.05684558302164078,0.11715832352638245,0.01653694547712803,0.006023176480084658,0.001989641459658742,0.018948784098029137,0.012091041542589664,0.008406921289861202,0.03825446218252182,0.0011415608460083604,0.0006044275942258537,0.001464297529309988,0.0032002555672079325,0.018800146877765656,0.012041833251714706,2.794274678308284e-06,1.5209795947157545e-06,0.000872994220117107,0.34859544038772583,0.0005999977875035256,0.16060553106945008
1191,4.515340606303653e-06,0.000652262126095593,7.780802116030827e-05,0.560165286064148,0.5010133981704712,0.6212424635887146,0.00023297741427086294,2.4546723125240533e-06,2.1884031866648e-06,0.010419566184282303,0.0014549450716003776,0.1291361153125763,0.1394776850938797,0.05349025875329971,0.09052173793315887,0.07215140014886856,0.02764570526778698,0.05899381265044212,0.059717874974012375,0.16022418439388275,0.030848132446408272,0.045979373157024384,0.17291389405727386,0.00026821880601346493,0.0010249374900013208,0.16018500924110413,0.0005461130058392882,0.006446832325309515,0.01806706003844738,0.0010009813122451305,0.002096891636028886,0.003009356092661619,0.0032860911451280117,0.0009637365583330393,0.028584687039256096,0.08640099316835403,0.1736062616109848,0.02595311962068081,0.002960460726171732,0.000578360166400671,0.026420986279845238,0.009019657969474792,0.022098997607827187,0.09715265780687332,0.003443871159106493,0.001586585189215839,0.0029648367781192064,0.004468964878469706,0.10452298074960709,0.06500234454870224,3.471272520982893e-06,2.3000150122243213e-06,0.002515228174161166,0.36017514765262604,0.0003650350736279506,0.18842384459761283
1194,4.9603686420596205e-06,0.0014085363363847136,0.00021092791575938463,0.4929422438144684,0.3357689380645752,0.4894459843635559,0.00023360623163171113,1.9372546375961974e-06,2.0575430426106323e-06,0.0113700395449996,0.0017958885291591287,0.1331264078617096,0.1469108611345291,0.04069604352116585,0.09965799003839493,0.08517701178789139,0.025357991456985474,0.05415989086031914,0.05358509346842766,0.2039647251367569,0.030322931706905365,0.045011382550001144,0.1344984769821167,0.0002233271225122735,0.0013070960994809866,0.18519645929336548,0.000429238541983068,0.009558852761983871,0.020434271544218063,0.0008928958559408784,0.001193838776089251,0.001723436638712883,0.003584779566153884,0.0011557339457795024,0.020551485940814018,0.0657447874546051,0.20244267582893372,0.0217384435236454,0.003911132924258709,0.0005986356409266591,0.02693810872733593,0.00853149127215147,0.019427066668868065,0.07331161946058273,0.0030646666418761015,0.0012095693964511156,0.0025108065456151962,0.003164826426655054,0.06872832030057907,0.03510085120797157,2.9080777039780514e-06,2.274249027323094e-06,0.0021371180191636086,0.33906935155391693,0.0008097321260720491,0.16528650640975684
1197,6.722846592310816e-06,0.004414304159581661,0.00018650830315891653,0.43482059240341187,0.1886119693517685,0.4585864543914795,0.00027296828920952976,1.8805619674822083e-06,1.8848459149012342e-06,0.01187036745250225,0.001785816391929984,0.08693505078554153,0.09924163669347763,0.036261409521102905,0.09487641602754593,0.08049041777849197,0.031368523836135864,0.07914447784423828,0.08369328081607819,0.2387467622756958,0.03004835732281208,0.04158388450741768,0.12320608645677567,0.0002479309041518718,0.0011935158399865031,0.17647399008274078,0.00042662755004130304,0.008369643241167068,0.0236833319067955,0.0006581044872291386,0.0013937231851741672,0.002123412908986211,0.0039131673984229565,0.0021944791078567505,0.026742398738861084,0.07656857371330261,0.185201495885849,0.020619528368115425,0.0037191917654126883,0.00025183759862557054,0.02740662917494774,0.007871048524975777,0.016928747296333313,0.07795407623052597,0.0033109448850154877,0.001336064888164401,0.0025758505798876286,0.004305968061089516,0.08153197169303894,0.03902939334511757,3.0067430998315103e-06,2.7088360639027087e-06,0.0023235048865899444,0.3056472912430763,0.002300406231370289,0.1461125761658574
1200,5.491457159223501e-06,0.002101119374856353,0.0004882188222836703,0.4433028995990753,0.27238163352012634,0.3911500573158264,0.00023369489645119756,1.9164333480148343e-06,2.118111751769902e-06,0.01000460796058178,0.0017327697714790702,0.08151941746473312,0.08760107308626175,0.03252904489636421,0.10725672543048859,0.09267445653676987,0.025567535310983658,0.08753551542758942,0.09524215012788773,0.1838243156671524,0.042356815189123154,0.04260745272040367,0.13486354053020477,0.0002634547417983413,0.0009705745032988489,0.1815055012702942,0.0005249848472885787,0.008625397458672523,0.025530455633997917,0.0006825672462582588,0.0011266141664236784,0.0017943787388503551,0.004105661064386368,0.0015744355041533709,0.024929912760853767,0.07720620185136795,0.1942095011472702,0.019658349454402924,0.003376791952177882,0.00036144896876066923,0.020658299326896667,0.006801550276577473,0.014208821579813957,0.07073632627725601,0.004190211184322834,0.0016765225445851684,0.002658781362697482,0.00450201565399766,0.08413885533809662,0.04044872894883156,2.800765514621162e-06,2.5754588932613842e-06,0.002933366864454001,0.31240420043468475,0.0012946690985700116,0.1487412975014498
1203,4.461757725948701e-06,0.002228088676929474,0.0004353997064754367,0.45715323090553284,0.2522498369216919,0.376047283411026,0.00022033728600945324,1.7225819419763866e-06,1.681823277976946e-06,0.009236503392457962,0.002371100941672921,0.08895470201969147,0.09776180237531662,0.03883293643593788,0.10306140035390854,0.08759737014770508,0.022749414667487144,0.07687762379646301,0.08245420455932617,0.17091712355613708,0.04439365491271019,0.04589105024933815,0.10761412978172302,0.00022664431890007108,0.0010935410391539335,0.20747725665569305,0.0005539506091736257,0.010237053036689758,0.0191232580691576,0.001573757966980338,0.0009398109395988286,0.0011897265212610364,0.0028429189696907997,0.0005207654321566224,0.024865785613656044,0.06708034127950668,0.22435714304447174,0.029989467933773994,0.002586362650617957,0.001271895132958889,0.024303823709487915,0.008641143329441547,0.01617361232638359,0.051392775028944016,0.004108639899641275,0.0018782861297950149,0.002901504747569561,0.0025519304908812046,0.05492887273430824,0.03038075938820839,2.403141706963652e-06,2.0234676867403323e-06,0.002993463014718145,0.33231524378061295,0.0013317441917024553,0.1530942561221309
1206,4.045551577291917e-06,0.0016909383703023195,0.00041511826566420496,0.48152023553848267,0.2837192714214325,0.3764214515686035,0.0002529512858018279,1.8909746586359688e-06,1.3123701592121506e-06,0.013635476119816303,0.0027108665090054274,0.090723417699337,0.09622728079557419,0.03004307672381401,0.11063733696937561,0.095791757106781,0.02418696880340576,0.07674476504325867,0.08322019875049591,0.20940445363521576,0.05123359337449074,0.031845126301050186,0.10011912882328033,0.00024211023992393166,0.0008666629437357187,0.21588990092277527,0.0005959868431091309,0.009790243580937386,0.01546560786664486,0.0024556699208915234,0.0010997442295774817,0.0012796750525012612,0.002755496185272932,0.0003532333066686988,0.028927350416779518,0.05667506903409958,0.22163179516792297,0.04287681728601456,0.0015357002848759294,0.0016177401412278414,0.01910068280994892,0.007943444885313511,0.012955048121511936,0.05156814679503441,0.0074372803792357445,0.004020640626549721,0.004452820867300034,0.0027456118259578943,0.06732765585184097,0.043209150433540344,2.0613335891539464e-06,2.2096448901720578e-06,0.005728960502892733,0.34870506823062897,0.0010530283179832622,0.16129988494018713
1209,3.4896745546575403e-06,0.0015587370144203305,0.0005403282702900469,0.4879983365535736,0.28541299700737,0.33687904477119446,0.00017028026923071593,1.6995330724967062e-06,1.7926439568327623e-06,0.009376286529004574,0.002267718082293868,0.09183119982481003,0.09754542261362076,0.039694856852293015,0.10066402703523636,0.086981862783432,0.021918604150414467,0.07522974908351898,0.08145289868116379,0.17166084051132202,0.04669014737010002,0.047217752784490585,0.11434432864189148,0.00017177581321448088,0.0015589894028380513,0.23569726943969727,0.0006015658145770431,0.008047186769545078,0.01523197628557682,0.0013900528429076076,0.0010368999792262912,0.001406569848768413,0.0025408442597836256,0.0004350864910520613,0.02523846924304962,0.0632815882563591,0.16601945459842682,0.023943642154335976,0.0035128004383295774,0.0014070662437006831,0.03036647103726864,0.010713593102991581,0.018489763140678406,0.04820360988378525,0.0014815735630691051,0.0007128722500056028,0.0019029512768611312,0.0024399699177592993,0.035922616720199585,0.020079821348190308,2.5478857423877344e-06,1.8794341940520098e-06,0.001097222906537354,0.36184780299663544,0.0010495326423551887,0.16348060212718943
1212,3.099188461419544e-06,0.0018741642124950886,0.0006302602705545723,0.41954436898231506,0.3060188591480255,0.36126574873924255,0.00013864987704437226,1.506649709881458e-06,1.3705518995266175e-06,0.010574578307569027,0.003273849142715335,0.10910242050886154,0.11719948053359985,0.03675482049584389,0.10151509195566177,0.08846607059240341,0.02298162877559662,0.060160767287015915,0.0669238492846489,0.16660235822200775,0.05397751182317734,0.041526634246110916,0.08337108790874481,0.00011896900105057284,0.0018826598534360528,0.2280324101448059,0.0005893218913115561,0.00753379100933671,0.011735742911696434,0.00115837377961725,0.0008351769065484405,0.0009421150316484272,0.0029785875231027603,0.0009378407848998904,0.01745595596730709,0.042749468237161636,0.12864801287651062,0.01635775715112686,0.008122891187667847,0.0007962342933751643,0.03769718110561371,0.011145815253257751,0.026273302733898163,0.06327556073665619,0.0006410609930753708,0.00024468544870615005,0.0017585190944373608,0.0009684865362942219,0.024342939257621765,0.01572129875421524,2.2594381334783975e-06,1.4663517049484653e-06,0.0004428732208907604,0.3237883895635605,0.0012522122415248305,0.14044055364017063
1215,2.970854666273226e-06,0.0014761060010641813,0.0002484874858055264,0.539055585861206,0.2840913236141205,0.4111064374446869,0.00012282500392757356,1.6453177522635087e-06,1.6702873608664959e-06,0.008875997737050056,0.00289088673889637,0.1669127643108368,0.1787249743938446,0.04706404730677605,0.11618044972419739,0.08702030777931213,0.016944000497460365,0.039980314671993256,0.0381140373647213,0.10667102783918381,0.03423062711954117,0.05400420352816582,0.10060493648052216,0.0001240782003151253,0.0013619058299809694,0.23831330239772797,0.0009322157711721957,0.007516796700656414,0.010950344614684582,0.000997439376078546,0.0010628853924572468,0.0012880179565399885,0.0036623321939259768,0.0007952990126796067,0.017212972044944763,0.047639068216085434,0.12090633809566498,0.014441777020692825,0.009860796853899956,0.0010329491924494505,0.03827307000756264,0.014254155568778515,0.02700352482497692,0.06776441633701324,0.0004986985004507005,0.00019815057748928666,0.0017128754407167435,0.0011705204378813505,0.0271522905677557,0.018952080979943275,2.6804577828443144e-06,1.2406482028382015e-06,0.0003484245389699936,0.388684444129467,0.0008622967434348539,0.18046882973673442
1218,2.9816205824317876e-06,0.0018567009828984737,0.00023432007583323866,0.4767591059207916,0.2927471995353699,0.4504770040512085,0.00010477211617399007,1.5399302810692461e-06,1.3687701994058443e-06,0.012500796467065811,0.003767736256122589,0.1223059892654419,0.13993744552135468,0.037986740469932556,0.12501321732997894,0.11061231791973114,0.01545619498938322,0.05381029099225998,0.05549493804574013,0.17141330242156982,0.049242302775382996,0.03931674733757973,0.08154891431331635,9.824722656048834e-05,0.001510331523604691,0.2046249806880951,0.0008019410888664424,0.007626885082572699,0.014736510813236237,0.0007291130605153739,0.0004510861181188375,0.0005634811823256314,0.005184585228562355,0.0012664016103371978,0.01225210353732109,0.03944389894604683,0.09815630316734314,0.007700374815613031,0.027308959513902664,0.0009825025917962193,0.04270417243242264,0.013690740801393986,0.029279140755534172,0.07379041612148285,0.00025765958707779646,8.053179772105068e-05,0.0009132665582001209,0.0006341795669868588,0.022007618099451065,0.01374913938343525,2.7667740596371004e-06,1.0151208016395685e-06,0.00016909569239942357,0.34069204330444336,0.0010455105293658562,0.15925789107374536
1221,2.2611627628066344e-06,0.001879803603515029,0.0004278607666492462,0.467209130525589,0.27953362464904785,0.37449949979782104,5.550712739932351e-05,1.194523406411463e-06,1.511430582468165e-06,0.01358045730739832,0.004711363464593887,0.20128962397575378,0.21135027706623077,0.054978299885988235,0.09184685349464417,0.0723390206694603,0.02490071766078472,0.03375295177102089,0.03378777205944061,0.13691288232803345,0.05522218346595764,0.03951386734843254,0.0696907490491867,8.866997086443007e-05,0.0017752284184098244,0.1425163745880127,0.0006026371847838163,0.0052259922958910465,0.015876950696110725,0.00036993142566643655,0.0002834976476151496,0.0005002927500754595,0.010151060298085213,0.0031459061428904533,0.008169207721948624,0.027021780610084534,0.03905519098043442,0.003960729576647282,0.10177186876535416,0.0004896598402410746,0.04228708893060684,0.013716080226004124,0.019267631694674492,0.061980586498975754,7.152957550715655e-05,2.4487135306117125e-05,0.00031088158721104264,0.0008505323785357177,0.009866519831120968,0.005684311501681805,3.0396740839933045e-06,9.536260563436372e-07,4.800835540663684e-05,0.30486275255680084,0.0011538321850821376,0.15599764030775987
1224,2.467847252773936e-06,0.00231118849478662,0.0002544558374211192,0.4532715678215027,0.258639395236969,0.4239782989025116,9.327765292255208e-05,1.519829766039038e-06,1.4533165995089803e-06,0.015460388734936714,0.005225390195846558,0.17091548442840576,0.1925795078277588,0.045938488095998764,0.12144341319799423,0.0969381183385849,0.015768539160490036,0.0390113890171051,0.037554290145635605,0.15668444335460663,0.053911369293928146,0.03700784966349602,0.06672120094299316,0.0001256298419320956,0.0013933514710515738,0.21297882497310638,0.0010132943280041218,0.00472485926002264,0.013067175634205341,0.00048064393922686577,0.0007780523155815899,0.0013345679035410285,0.006588492076843977,0.0017938475357368588,0.021635787561535835,0.06641459465026855,0.0530146062374115,0.007070530671626329,0.02886256016790867,0.00040727152372710407,0.03743049129843712,0.013564248569309711,0.017480261623859406,0.06862544268369675,0.0001489914138801396,6.137724267318845e-05,0.0005284780636429787,0.0016959233907982707,0.023333409801125526,0.013899235054850578,3.806621862167958e-06,1.4529036889143754e-06,0.00010518432827666402,0.33312519639730453,0.0012828221661038697,0.1517947293468751
1227,2.765578983598971e-06,0.0022852614056319,0.0006675675977021456,0.43998268246650696,0.24139614403247833,0.3113352358341217,8.126529428409413e-05,1.9121321201964747e-06,9.175701052299701e-07,0.035746488720178604,0.01308157853782177,0.1690853238105774,0.18307217955589294,0.01899283565580845,0.17686708271503448,0.17407119274139404,0.01190024334937334,0.040874119848012924,0.04189891740679741,0.2588021159172058,0.10747552663087845,0.016686055809259415,0.029339022934436798,0.00010939398634945974,0.0011092794593423605,0.2770918905735016,0.001193952513858676,0.0054173595272004604,0.009602274745702744,0.00047905422979965806,0.0012289286823943257,0.0024826806038618088,0.00848466157913208,0.0009176763123832643,0.013413669541478157,0.03690559044480324,0.028125276789069176,0.0061209131963551044,0.02937152422964573,0.0005514545482583344,0.017663002014160156,0.005807496607303619,0.016820546239614487,0.0975385531783104,0.00025222953991033137,0.00016136383055709302,0.0005449727177619934,0.004535623826086521,0.03741838037967682,0.03051033802330494,3.4684267120610457e-06,1.991488716157619e-06,0.0002067966852337122,0.3585372865200043,0.0014764145016670227,0.14789809725092104
1230,3.212660658391542e-06,0.0016606150893494487,0.0005429433658719063,0.4407515227794647,0.282300740480423,0.4040489196777344,9.846387547440827e-05,2.666076852619881e-06,1.492894625698682e-06,0.03453579172492027,0.007605693768709898,0.12888453900814056,0.14199531078338623,0.01881101354956627,0.19699406623840332,0.1997009515762329,0.008222418837249279,0.05071736127138138,0.05640639737248421,0.2778409421443939,0.08137121796607971,0.015504609793424606,0.052183471620082855,0.00011714007268892601,0.0008581214351579547,0.1952299326658249,0.0012244654353708029,0.005194321274757385,0.011624290607869625,0.0003581444325391203,0.0018308252329006791,0.0029978968668729067,0.005973281338810921,0.00036734360037371516,0.01744351163506508,0.059250082820653915,0.08810028433799744,0.0057960133999586105,0.02162550762295723,0.0017546378076076508,0.026487678289413452,0.00698081823065877,0.021818581968545914,0.0968286544084549,0.00030037600663490593,0.00010819874296430498,0.001159845502115786,0.0024483068846166134,0.031115157529711723,0.017304830253124237,4.9510722419654485e-06,2.187380687246332e-06,0.00020428737479960546,0.3179907277226448,0.0011017792276106775,0.14852674829307944
1233,3.740015699804644e-06,0.002167658880352974,0.0008658997248858213,0.3561552166938782,0.2736448347568512,0.38346177339553833,0.00010963594831991941,2.5714143703226e-06,1.4943846053938614e-06,0.035961851477622986,0.008830085396766663,0.12859921157360077,0.14219127595424652,0.016560174524784088,0.2055317759513855,0.2142120599746704,0.008384741842746735,0.05156927928328514,0.05580126866698265,0.3105579614639282,0.0877498984336853,0.01570018008351326,0.04300013929605484,0.00013116632180754095,0.0005949382320977747,0.1787102073431015,0.0014422801323235035,0.005129875149577856,0.015139663591980934,0.0003837559779640287,0.0017805215902626514,0.003160820109769702,0.005986605770885944,0.0005281540215946734,0.01827307417988777,0.06238203123211861,0.09033124148845673,0.006897191051393747,0.018958264961838722,0.0010847708908841014,0.027692144736647606,0.0058266399428248405,0.020756907761096954,0.09745409339666367,0.0003778192331083119,0.0001488299749325961,0.0010156134376302361,0.0034257029183208942,0.037194233387708664,0.019412385299801826,4.9710147322912235e-06,2.572672656242503e-06,0.000263324604020454,0.26743271201848984,0.0015167793026193976,0.12036551946463685
1236,1.4822082903265255e-06,0.0015764808049425483,0.0005137877888046205,0.43652117252349854,0.28932929039001465,0.3803698718547821,4.046116737299599e-05,9.477753906139696e-07,1.0269026233800105e-06,0.016389431431889534,0.012169506400823593,0.11336565762758255,0.12594343721866608,0.05145169422030449,0.08318260312080383,0.06988059729337692,0.030232910066843033,0.059146948158741,0.06185486912727356,0.24875958263874054,0.12128808349370956,0.03375514596700668,0.03570035099983215,5.806883564218879e-05,0.0033882567659020424,0.34801915287971497,0.002277972176671028,0.008371035568416119,0.024218488484621048,0.0007020789780654013,5.685534779331647e-05,0.0001215235679410398,0.015746301040053368,0.0018128606025129557,0.006152205169200897,0.018180863931775093,0.01571592688560486,0.0020427510607987642,0.3775772452354431,0.0011162057053297758,0.035166531801223755,0.020269198343157768,0.009739045985043049,0.0162343867123127,8.81490996107459e-06,3.221776069040061e-06,5.093459549243562e-05,0.0004375301650725305,0.0009749342571012676,0.00031338512781076133,3.0488679385598516e-06,7.299868798327225e-07,6.018343015057326e-06,0.39227016270160675,0.0010451342968735844,0.14556651714641097
1239,1.3968480061521404e-06,0.0006915540434420109,0.0010346698109060526,0.4310135245323181,0.5572599172592163,0.3900781571865082,1.2721766324830242e-05,4.6592714397775126e-07,1.5332786915678298e-06,0.01566464826464653,0.00766340084373951,0.10517333447933197,0.09046614915132523,0.05435428023338318,0.08735750615596771,0.07807022333145142,0.03900105133652687,0.07973667234182358,0.09183402359485626,0.10764309763908386,0.13608627021312714,0.03971796855330467,0.07943172752857208,4.3426167394500226e-05,0.004519161768257618,0.10124876350164413,0.0009704700787551701,0.027676496654748917,0.05528600513935089,0.0008163575548678637,4.6800964810245205e-06,2.4500517611159012e-05,0.021156424656510353,0.07405347377061844,0.0014139619888737798,0.0020426472183316946,0.0020477899815887213,0.001613764208741486,0.9579283595085144,0.00019465865625534207,0.15518420934677124,0.0959484875202179,0.008135671727359295,0.002516059670597315,3.5670194620252005e-07,2.098373101944162e-07,1.4688598639622796e-06,0.00045025316649116576,2.288872747158166e-05,5.911772404942894e-06,1.8913389112640289e-06,2.855502430065826e-07,2.832696281984681e-07,0.2661311440169811,0.0008631119271740317,0.1436809017154701
1242,1.5222856291075004e-06,0.0012720441445708275,0.0009316860814578831,0.4527011215686798,0.3698519766330719,0.30903002619743347,1.8358365196036175e-05,5.845429313922068e-07,1.5995310604921542e-06,0.017159132286906242,0.006437300704419613,0.185813769698143,0.18507955968379974,0.07491163164377213,0.0606219619512558,0.046895138919353485,0.05466322600841522,0.03947903960943222,0.042826659977436066,0.14809858798980713,0.10014956444501877,0.035638727247714996,0.07452758401632309,4.036458267364651e-05,0.004827230703085661,0.09557236731052399,0.00046882880269549787,0.012353291735053062,0.02821786142885685,0.0004166890576016158,3.947144796256907e-05,0.0001309857179876417,0.009374448098242283,0.02956508658826351,0.0018075024709105492,0.0034026347566396,0.00717563834041357,0.0024477120023220778,0.7095234394073486,0.00014986598398536444,0.16600501537322998,0.06641147285699844,0.016172436997294426,0.007387126330286264,1.3271084071675432e-06,5.822417961098836e-07,1.319678449362982e-05,0.0005165580660104752,9.483998292125762e-05,3.0217830499168485e-05,1.7270149328396656e-06,4.7134292913142417e-07,9.546751016387134e-07,0.2741367444396019,0.0011018651130143553,0.15095719291154333
1245,1.5900512835287373e-06,0.00278095668181777,0.0012554515851661563,0.35721996426582336,0.26581695675849915,0.2971448600292206,1.2512502507888712e-05,3.18176290647898e-07,1.4443990039580967e-06,0.014976361766457558,0.005676576867699623,0.23587660491466522,0.23562012612819672,0.05626842752099037,0.07823681831359863,0.06582528352737427,0.041291747242212296,0.0315847285091877,0.03226317837834358,0.11785059422254562,0.0738881453871727,0.04137066751718521,0.08159070461988449,2.9832088330294937e-05,0.002434811554849148,0.02560962550342083,0.0001940821239259094,0.006675390526652336,0.06361844390630722,0.0003872230008710176,5.0168597226729617e-05,0.00018067735072690994,0.0027844819705933332,0.03310168907046318,0.00044520353549160063,0.00118697015568614,0.020812785252928734,0.0030968901701271534,0.5713831186294556,0.0001508666027802974,0.1256570667028427,0.026499195024371147,0.0359145849943161,0.006586323957890272,3.845485480269417e-06,1.3607138953375397e-06,2.0466190107981674e-05,0.000731213774997741,6.006185503792949e-05,1.544292172184214e-05,2.0137615592830116e-06,4.066754684117768e-07,2.6030996878034784e-06,0.1914147948846221,0.002018204133491963,0.119150270071259
1248,1.8732179114522296e-06,0.010271923616528511,0.0030741614755243063,0.22965103387832642,0.15462416410446167,0.2357417643070221,8.160368452081457e-06,3.715605885190598e-07,9.441866382076114e-07,0.015891246497631073,0.006162549369037151,0.1355312615633011,0.14768759906291962,0.03925152122974396,0.09528134763240814,0.08340844511985779,0.03241163119673729,0.05088992044329643,0.057573407888412476,0.15542636811733246,0.08461645990610123,0.03224121406674385,0.06866689771413803,2.0197861886117607e-05,0.0008433970506303012,0.006360760424286127,9.220352512784302e-05,0.0017938321689143777,0.022310858592391014,0.0002781123330350965,0.00043766593444161117,0.00110946549102664,0.0012061409652233124,0.004610757809132338,0.00019130796135868877,0.0006004244205541909,0.029451079666614532,0.0027630014810711145,0.4257010817527771,0.0006691594608128071,0.059655047953128815,0.003691134275868535,0.10625051707029343,0.015290937386453152,1.287217946810415e-05,4.223993528285064e-06,0.00013188819866627455,0.001376816420815885,0.00015385347069241107,5.674783096765168e-05,2.8783863399439724e-06,4.819074774786714e-07,8.548086498194607e-06,0.11800589715130627,0.006673042546026409,0.0770660551012649
1251,1.88070009699004e-06,0.015186246484518051,0.003939899615943432,0.18975943326950073,0.12706464529037476,0.2277746945619583,9.500246960669756e-06,2.6771780881063023e-07,1.0982597586917109e-06,0.02136637642979622,0.006377968471497297,0.13740642368793488,0.15925325453281403,0.03393753990530968,0.10181721299886703,0.09982019662857056,0.02949107065796852,0.053082194179296494,0.05116749554872513,0.24861682951450348,0.05904870107769966,0.032496921718120575,0.06681962311267853,2.6869132852880284e-05,0.0010295601096004248,0.010750355198979378,0.00019235788204241544,0.004300124943256378,0.03618141636252403,0.00024169347307179123,5.895196954952553e-05,0.0002146082406397909,0.004396518692374229,0.004572030156850815,0.00025149688008241355,0.0007952179294079542,0.016805704683065414,0.001488752313889563,0.7517847418785095,0.0012160862097516656,0.035711366683244705,0.007602109108120203,0.023618295788764954,0.006108281202614307,6.466767445090227e-06,2.539523848099634e-06,3.0106541089480743e-05,0.0014520518016070127,6.117028533481061e-05,1.6761943697929382e-05,3.841017587546958e-06,5.213804570303182e-07,4.5031456465949304e-06,0.10025489423424006,0.009563073050230742,0.06334433115989668
1254,1.943822780958726e-06,0.013379908166825771,0.004466176964342594,0.1932913064956665,0.12226158380508423,0.17743390798568726,2.1331685275072232e-05,5.654630967910634e-07,1.5746622921142261e-06,0.011707082390785217,0.005771809723228216,0.10779955238103867,0.11708942800760269,0.05882986634969711,0.06034222990274429,0.049839816987514496,0.0563480406999588,0.06591705977916718,0.07309454679489136,0.17289184033870697,0.08615298569202423,0.04472470283508301,0.06909126043319702,6.424034654628485e-05,0.007507734932005405,0.1003304049372673,0.0002450910396873951,0.007710649166256189,0.03201501443982124,0.00020029475854244083,5.350596984499134e-05,0.00014737540914211422,0.03537048399448395,0.01613478735089302,0.0027288312558084726,0.007706942968070507,0.007587234023958445,0.0009093037224374712,0.7487635612487793,0.00017522418056614697,0.04672102630138397,0.01561005413532257,0.007102640345692635,0.010723634622991085,5.08666653331602e-06,1.5586516610710532e-06,4.603770503308624e-05,0.0006137663149274886,0.00039435154758393764,0.00010890468547586352,2.300987034686841e-06,7.708330826972087e-07,3.3226590971935366e-06,0.1468108557164669,0.008923042565584183,0.06449739595821787
1257,2.168649416489643e-06,0.004117217380553484,0.0008116780081763864,0.34875380992889404,0.20267969369888306,0.3238579034805298,5.4809403081890196e-05,1.172285351458413e-06,2.0516451968433103e-06,0.009272034280002117,0.002851405879482627,0.13940376043319702,0.15776018798351288,0.03668255731463432,0.11570804566144943,0.10216336697340012,0.018212059512734413,0.04703182354569435,0.05226919427514076,0.15282917022705078,0.0556277371942997,0.05081663653254509,0.11201367527246475,8.935742516769096e-05,0.007708489429205656,0.3042837083339691,0.0005165186594240367,0.006058900151401758,0.016164181753993034,0.0002308828552486375,0.0004263018781784922,0.0008723226492293179,0.013936642557382584,0.003247925080358982,0.010552734136581421,0.03882661834359169,0.020422138273715973,0.001743874978274107,0.16636322438716888,0.00029232751694507897,0.027802955359220505,0.010037058033049107,0.010486592538654804,0.03501726686954498,4.012295539723709e-05,1.2654224519792479e-05,0.00026776784216053784,0.001342414296232164,0.005176594015210867,0.002155737951397896,3.7164604691497516e-06,1.4598662119169603e-06,2.6388589958514785e-05,0.3265187591314316,0.002464447694364935,0.11668414481876728
1260,1.6921825363169773e-06,0.002797770779579878,0.0004980442463420331,0.3925114572048187,0.2152172178030014,0.35937389731407166,4.959307989338413e-05,8.222011160796683e-07,1.7444666582377977e-06,0.007854871451854706,0.003541328711435199,0.16011929512023926,0.18272295594215393,0.07833430171012878,0.08162415772676468,0.04977203905582428,0.030771512538194656,0.042668845504522324,0.04075688123703003,0.1415025144815445,0.057015664875507355,0.06180765479803085,0.09044183790683746,9.324297570856288e-05,0.008289254270493984,0.30885979533195496,0.0004901114734821022,0.007990791462361813,0.012909348122775555,0.00039801633101888,0.00021972741524223238,0.0004153021436650306,0.011265595443546772,0.0036289487034082413,0.009505463764071465,0.027500523254275322,0.020945057272911072,0.0031847262289375067,0.1181928887963295,0.0003090532554779202,0.02552562765777111,0.012969513423740864,0.0076970490626990795,0.020299900323152542,4.2890507756965235e-05,1.7512658814666793e-05,0.0002197092107962817,0.0012006096076220274,0.002465128432959318,0.0011749302502721548,2.8172405563964276e-06,1.0010533060267335e-06,3.0201583285816014e-05,0.35068562626838684,0.0016479075129609555,0.131048828921242
1263,4.452495431905845e-06,0.01339937187731266,0.0059276544488966465,0.14769421517848969,0.1543072611093521,0.2782476842403412,1.7903590560308658e-05,7.284332923518377e-07,2.4406365355389426e-06,0.012507655657827854,0.004588781390339136,0.0665728896856308,0.07442416995763779,0.05386727303266525,0.06184686720371246,0.05127158761024475,0.05646776035428047,0.09640039503574371,0.11764050275087357,0.18141260743141174,0.07900998741388321,0.04162818565964699,0.09051568061113358,1.6581363524892367e-05,0.004494620952755213,0.03449684754014015,0.00013153591135051101,0.004612246062606573,0.011050774715840816,8.844559488352388e-05,0.0010182331316173077,0.003471693256869912,0.0014303731732070446,0.006532344501465559,0.0005901709664613008,0.001742588821798563,0.017313223332166672,0.0017649863148108125,0.5716739892959595,0.0003818992408923805,0.268949955701828,0.03652496263384819,0.10422644019126892,0.015895431861281395,1.039716153172776e-06,2.722671865740267e-07,5.7380217185709625e-05,0.001784884138032794,7.535390614066273e-05,2.221853719674982e-05,3.4253682770213345e-06,1.3062307289146702e-06,6.559916698734014e-07,0.09109553135931492,0.009663513163104653,0.0507280471889923
1266,3.3267381240875693e-06,0.0022466452792286873,0.0010196304647251964,0.38222813606262207,0.2635967433452606,0.4270944595336914,2.6904592232313007e-05,9.374896308145253e-07,2.4683652100065956e-06,0.01577356643974781,0.004355160053819418,0.09772490710020065,0.10505567491054535,0.07064486294984818,0.05155414342880249,0.03875134140253067,0.071653351187706,0.07387025654315948,0.09122788161039352,0.18679283559322357,0.08901043981313705,0.036505892872810364,0.10831008106470108,2.4429382392554544e-05,0.002314848592504859,0.039750825613737106,0.00014124492008704692,0.00494986679404974,0.01658332347869873,0.0001767271023709327,0.0016206245636567473,0.005333607085049152,0.000524873030371964,0.0026562020648270845,0.0009793434292078018,0.00330550130456686,0.048221420496702194,0.004524723161011934,0.17896218597888947,0.0005213944823481143,0.3425105810165405,0.04043114185333252,0.10184822976589203,0.00897762831300497,3.248516122766887e-06,8.610177815171483e-07,0.00010799527808558196,0.0030564272310584784,8.811701991362497e-05,2.4827668312354945e-05,2.2841761619929457e-06,1.2117767482777708e-06,2.0547669521420175e-06,0.2109894808381796,0.0016331378719769418,0.129727455903776
1269,4.262916263542138e-06,0.004324585199356079,0.0012661302462220192,0.3242911100387573,0.20601889491081238,0.38100337982177734,8.439733210252598e-05,1.8088863953380496e-06,1.8485607142793015e-06,0.014470412395894527,0.0052322205156087875,0.06097598001360893,0.07079251855611801,0.09010609984397888,0.03936442732810974,0.028841454535722733,0.09614332020282745,0.10683417320251465,0.13152332603931427,0.3644469678401947,0.12494421750307083,0.03560236096382141,0.06237449869513512,8.788365084910765e-05,0.004551345948129892,0.1376606822013855,0.0004347896028775722,0.0035470558796077967,0.014870773069560528,0.00017341875354759395,0.0005870395107194781,0.0010776339331641793,0.008008716627955437,0.0047798859886825085,0.013644636608660221,0.05107758566737175,0.03716316819190979,0.0029217670671641827,0.16067171096801758,0.0002398432552581653,0.09008149057626724,0.013513758778572083,0.03246419131755829,0.046438008546829224,1.865279773483053e-05,4.4148719098302536e-06,0.00022715097293257713,0.0008925892179831862,0.00575201865285635,0.0017481043469160795,3.7828710901521845e-06,2.104765599142411e-06,1.1533834822330391e-05,0.2309758961200714,0.002795357722789049,0.108651927827547
1272,2.766631723716273e-06,0.008283420465886593,0.001437606755644083,0.28293490409851074,0.1652332842350006,0.39308324456214905,2.44561888393946e-05,9.126470672526921e-07,1.4859559769320185e-06,0.007929655723273754,0.006083095446228981,0.09431656450033188,0.11598939448595047,0.08016378432512283,0.051795199513435364,0.03617385774850845,0.0718243345618248,0.07842173427343369,0.07260389626026154,0.2552715837955475,0.0832798033952713,0.07381126284599304,0.07672566175460815,2.9865534088457935e-05,0.004324004519730806,0.07208738476037979,0.00043989220284856856,0.01046842336654663,0.0061688898131251335,0.0001940306683536619,0.0003474628902040422,0.0007377463043667376,0.006195520516484976,0.0024852880742400885,0.0016585775883868337,0.004061252344399691,0.00841329526156187,0.0012224079109728336,0.8447704315185547,0.001438224338926375,0.20505447685718536,0.027759836986660957,0.0362846776843071,0.006775356829166412,6.624970296797983e-07,2.0326456251495983e-07,5.141367364558391e-05,0.00037860742304474115,4.7610319597879425e-05,2.0241921447450295e-05,2.8024433049722575e-06,7.922654958747444e-07,4.3288079609737906e-07,0.17751114442944527,0.004860513610765338,0.09467337109769385
1275,2.4211101390392287e-06,0.0018994994461536407,0.0008845060365274549,0.4090089499950409,0.3095361590385437,0.3762511610984802,2.080317608488258e-05,9.097715292227804e-07,1.1637895340754767e-06,0.037897128611803055,0.024684341624379158,0.11071138083934784,0.1228109747171402,0.04713970795273781,0.08870689570903778,0.07683161646127701,0.0417725071310997,0.07608899474143982,0.07149399071931839,0.4080689251422882,0.21017847955226898,0.020254766568541527,0.031269777566194534,2.8620219381991774e-05,0.0032342674676328897,0.11309916526079178,0.0009290759335272014,0.0469035767018795,0.007355127017945051,0.0002156068803742528,0.00013237819075584412,0.00045974378008395433,0.004028853960335255,0.0014705999055877328,0.0010808896040543914,0.0024083650205284357,0.006546263583004475,0.0012409365735948086,0.9086971282958984,0.003960063681006432,0.22025209665298462,0.08202163130044937,0.025631949305534363,0.002184095326811075,2.5660301616881043e-07,9.191423799848053e-08,1.397490814269986e-05,0.0005616017733700573,9.794620382308494e-06,3.3510689263493987e-06,2.6799109491548734e-06,6.634758165091625e-07,1.7425862708364548e-07,0.26105405762791634,0.0013920027413405478,0.13653369065529355
1278,3.1530505566479405e-06,0.0008123678271658719,0.00019101759244222194,0.506233811378479,0.3518541157245636,0.55365389585495,8.094733493635431e-05,1.8657405007616035e-06,1.726217988107237e-06,0.009040843695402145,0.004473802633583546,0.06603490561246872,0.08643702417612076,0.06288596987724304,0.0702408105134964,0.054196640849113464,0.03589034825563431,0.10254061222076416,0.09775745123624802,0.2754878103733063,0.06554052978754044,0.05444110929965973,0.07187823206186295,7.392719999188557e-05,0.004443059209734201,0.30788367986679077,0.0009380141855217516,0.01022336445748806,0.004556647967547178,0.00021113315597176552,0.0021820790134370327,0.0034203091636300087,0.006284344010055065,0.000740699062589556,0.008625263348221779,0.02611801028251648,0.050386942923069,0.004953328054398298,0.04979179799556732,0.0010143803665414453,0.026182157918810844,0.009478735737502575,0.015781408175826073,0.025409702211618423,7.981148519320413e-05,2.691729605430737e-05,0.0010076918406412005,0.0023400296922773123,0.0021410956978797913,0.0009341256227344275,4.252959115547128e-06,1.75230502463819e-06,5.336439062375575e-05,0.4070587456226349,0.0005016927098040469,0.17061206651851535
1281,3.7743523080280283e-06,0.0010722025763243437,0.00038008810952305794,0.45934826135635376,0.341837614774704,0.43423646688461304,5.873890040675178e-05,2.2492542939289706e-06,1.7539117607157095e-06,0.019829604774713516,0.007405098993331194,0.0992390587925911,0.11864840984344482,0.03412535786628723,0.099065862596035,0.08845434337854385,0.027841048315167427,0.07052482664585114,0.07434773445129395,0.34941786527633667,0.09234695136547089,0.02773706428706646,0.05286134034395218,6.11787399975583e-05,0.002712646033614874,0.19253262877464294,0.000590984127484262,0.011201134882867336,0.0054549165070056915,0.0002268590178573504,0.0019882123451679945,0.0035677871201187372,0.006810485385358334,0.0005994609673507512,0.005283113103359938,0.016572393476963043,0.04260491952300072,0.00429632468149066,0.08455803990364075,0.0015632838476449251,0.06447183340787888,0.010398524813354015,0.028694482520222664,0.03382580727338791,4.0964834624901414e-05,1.5175562111835461e-05,0.0005148535128682852,0.0025226501747965813,0.0022542374208569527,0.0010724201565608382,2.8571469101734692e-06,1.867714786385477e-06,2.8070198368368438e-05,0.32594044506549835,0.0007261453429237008,0.15496808694054684
1284,3.280842292952002e-06,0.0011313370196148753,0.00032144636497832835,0.5245679616928101,0.2965048551559448,0.4707670211791992,6.9386325776577e-05,1.655750565987546e-06,2.246621761514689e-06,0.009057652205228806,0.004604872316122055,0.04360348731279373,0.05782697722315788,0.06146044284105301,0.06425456702709198,0.049547091126441956,0.04483598843216896,0.148715078830719,0.15013517439365387,0.24994418025016785,0.06391285359859467,0.057670142501592636,0.07813011854887009,8.598219574196264e-05,0.004216544330120087,0.1649920493364334,0.0005172276287339628,0.008111841045320034,0.006270161364227533,0.00019739459094125777,0.0008125192252919078,0.0013377801515161991,0.011056138202548027,0.000762693234719336,0.011787625961005688,0.037294454872608185,0.053298648446798325,0.0039024166762828827,0.1366373747587204,0.001827346277423203,0.056657470762729645,0.014314797706902027,0.012063175439834595,0.01791885495185852,3.1187690183287486e-05,9.559293175698258e-06,0.00045766003313474357,0.0014003415126353502,0.0009922386379912496,0.0004337789141573012,4.268684733688133e-06,1.4572887039321358e-06,2.0373491679492872e-05,0.34478000551462173,0.0007263916922966018,0.1755727536898727
1287,7.938226190162823e-06,0.010340631939470768,0.003526481566950679,0.2565542757511139,0.1389714628458023,0.29692399501800537,2.0112709535169415e-05,2.4716041480132844e-06,2.181533091061283e-06,0.00836053304374218,0.005363743752241135,0.06791206449270248,0.08094573765993118,0.06118953973054886,0.051017746329307556,0.04804886877536774,0.06765638291835785,0.10073529183864594,0.11502403765916824,0.19485104084014893,0.08131924271583557,0.0599856898188591,0.0919824168086052,1.983289621421136e-05,0.0023400275968015194,0.022891204804182053,0.00016444835637230426,0.0032606590539216995,0.002106912899762392,5.675843931385316e-05,0.04279210790991783,0.0870804712176323,0.0016657010419294238,0.0009522361215204,0.0005318451439961791,0.0015765829011797905,0.016447801142930984,0.0011863693362101912,0.466683566570282,0.0017146007157862186,0.1874295026063919,0.01092737726867199,0.20287993550300598,0.05447067320346832,2.807068085530773e-06,7.188230597421352e-07,0.0006031178054399788,0.0038975877687335014,0.0002247225638711825,0.00011513345816638321,5.575254363066051e-06,2.6937218535749707e-06,1.762945572636454e-06,0.13972274027764797,0.006933556753210723,0.12880895162622133
1290,5.2674281505460385e-06,0.003972179256379604,0.002075938740745187,0.3137902021408081,0.2531527578830719,0.3474276661872864,1.5041049664432649e-05,2.328243681404274e-06,1.5934849670884432e-06,0.014394724741578102,0.007861863821744919,0.08472833037376404,0.09459094703197479,0.03403865173459053,0.09386482834815979,0.07842027395963669,0.03728644922375679,0.08310461044311523,0.09580619633197784,0.2207259237766266,0.10397575795650482,0.03956801816821098,0.06823449581861496,2.052815761999227e-05,0.0016147372080013156,0.019910158589482307,0.0002124750753864646,0.002826526528224349,0.0012742322869598866,6.959579332033172e-05,0.03700896352529526,0.07847277075052261,0.0019539580680429935,0.0010814154520630836,0.0005539061967283487,0.0012974494602531195,0.009039721451699734,0.001380900968797505,0.5341771841049194,0.0015063142636790872,0.14482560753822327,0.008963045664131641,0.1793375015258789,0.05012287572026253,1.9491596958687296e-06,6.638916261181294e-07,0.00048695600708015263,0.005095961503684521,0.00020326877711340785,0.0001282765151700005,5.900451469642576e-06,1.9882929791492643e-06,1.3065256609934295e-06,0.1668501803651452,0.0030240589985623956,0.14309064547220865
1293,5.207252797845285e-06,0.003907287493348122,0.0015547674847766757,0.31874698400497437,0.24322839081287384,0.3593795895576477,3.465883492026478e-05,2.5363481199747184e-06,2.545427832956193e-06,0.01466501783579588,0.007607356645166874,0.08523359149694443,0.09778494387865067,0.03326382860541344,0.08665651082992554,0.07509928196668625,0.03707890212535858,0.07880303263664246,0.09154392778873444,0.2555137872695923,0.09295286238193512,0.04111919552087784,0.0663178414106369,3.46211418218445e-05,0.0023702934850007296,0.10427653044462204,0.0008625564514659345,0.0055614341981709,0.005903397221118212,4.2308900447096676e-05,0.003957485314458609,0.009164584800601006,0.007504313252866268,0.0008097860845737159,0.002852413570508361,0.012330790050327778,0.017410876229405403,0.000649472582153976,0.6234117746353149,0.002040217397734523,0.14334918558597565,0.01832360215485096,0.06462506204843521,0.03787799924612045,1.718271732897847e-06,3.3834467672022583e-07,0.00021939016005489975,0.0013880030019208789,0.0006196809699758887,0.00019496011373121291,6.447204668802442e-06,2.4342302822333295e-06,1.0283082048090364e-06,0.2115117572247982,0.0027310274890623987,0.11062301804001133
1296,3.207110694347648e-06,0.0037765956949442625,0.0009136429871432483,0.3863590955734253,0.16709685325622559,0.31114521622657776,4.970159716322087e-05,2.467167178110685e-06,1.297613948736398e-06,0.01868637464940548,0.010398009791970253,0.07812117040157318,0.10043200850486755,0.03344377875328064,0.09504348039627075,0.08237864077091217,0.030018167570233345,0.08915052562952042,0.08983169496059418,0.33955422043800354,0.08717063814401627,0.03335361182689667,0.04413962736725807,8.060302207013592e-05,0.0027486009057611227,0.1579570323228836,0.00044651643838733435,0.0073753949254751205,0.003514629788696766,7.797796570230275e-05,0.004617360886186361,0.00819600373506546,0.022973719984292984,0.000699025928042829,0.005301852710545063,0.01657290570437908,0.014307256788015366,0.001061523798853159,0.3159283697605133,0.0009956444846466184,0.025676386430859566,0.004340623505413532,0.009280109778046608,0.030225735157728195,3.748771996470168e-05,1.158327086159261e-05,0.0012181922793388367,0.0031293376814574003,0.001958400709554553,0.0008873059414327145,4.488956619752571e-06,2.2463798359240172e-06,2.4535495413147146e-05,0.27215806394815445,0.0023451193410437554,0.13305748673155904
1299,2.629087248351425e-06,0.0018181914929300547,0.0004436309973243624,0.40743499994277954,0.25220799446105957,0.4162129759788513,6.64485851302743e-05,2.716027211135952e-06,1.0596596666800906e-06,0.023630362004041672,0.009939368814229965,0.10773839801549911,0.13291317224502563,0.036582205444574356,0.0991336777806282,0.08220343291759491,0.02685016393661499,0.062353964895009995,0.06557422876358032,0.36887112259864807,0.09515446424484253,0.023759325966238976,0.04349284619092941,8.363533561350778e-05,0.0020225034095346928,0.21161149442195892,0.0005542888538911939,0.00792481005191803,0.002939285011962056,0.00017800243222154677,0.006626158952713013,0.009262219071388245,0.010732384398579597,0.0010527906706556678,0.00827376265078783,0.019606081768870354,0.022171959280967712,0.0030712413135915995,0.09603260457515717,0.0004398653982207179,0.035026729106903076,0.00442692544311285,0.013995827175676823,0.032937511801719666,7.784475019434467e-05,2.7766049242927693e-05,0.002100697485730052,0.0026606658939272165,0.00400937395170331,0.0020892585162073374,2.8512404242064804e-06,1.9531064481270732e-06,5.280539971863618e-05,0.30952324718236923,0.0011309112451272085,0.14110779265562692
1302,3.598817784222774e-06,0.003914667293429375,0.0007120628724806011,0.35706672072410583,0.17530129849910736,0.3916497528553009,0.00010177317017223686,2.0907377802359406e-06,1.261144689124194e-06,0.019187327474355698,0.011206300929188728,0.07880150526762009,0.10088431090116501,0.057000432163476944,0.05701563507318497,0.04296090826392174,0.06154632940888405,0.08424288034439087,0.0840536579489708,0.38228487968444824,0.08328759670257568,0.029394056648015976,0.03201578930020332,0.00011405537225073203,0.0024572121910750866,0.21378374099731445,0.0004170275933574885,0.00723134633153677,0.005004295147955418,0.0001606496371096,0.004391750320792198,0.006687888875603676,0.009679339826107025,0.0009165822411887348,0.01278221420943737,0.036359161138534546,0.036383308470249176,0.0035220442805439234,0.05945537984371185,0.00048039821558631957,0.03078313358128071,0.004780698101967573,0.010664602741599083,0.03098447620868683,0.0001305191544815898,4.492405059863813e-05,0.001790893031284213,0.0032680348958820105,0.006566803436726332,0.0027991225942969322,3.5142852539138403e-06,2.8276276680117007e-06,8.772160254011396e-05,0.28542523086071014,0.002313365082954988,0.12271545330683391
1305,4.987287866242696e-06,0.008026901632547379,0.002175609115511179,0.2026827186346054,0.12062349915504456,0.2760438024997711,0.00011288282257737592,2.8586377993633505e-06,1.1562458439584589e-06,0.03945087641477585,0.014524833299219608,0.09205194562673569,0.10948982834815979,0.027224868535995483,0.10758887976408005,0.09474055469036102,0.02622801996767521,0.07435564696788788,0.07791463285684586,0.48004719614982605,0.12427882105112076,0.014358798041939735,0.02497902512550354,0.00011813663877546787,0.001297258073464036,0.23913805186748505,0.0006763667333871126,0.00702303322032094,0.005033918656408787,0.00023428857093676925,0.00846062321215868,0.014856242574751377,0.006636269856244326,0.000720320560503751,0.0140939736738801,0.034198880195617676,0.04004437476396561,0.006836201064288616,0.02110167406499386,0.0003513695555739105,0.027927950024604797,0.003710363991558552,0.015770338475704193,0.05347331613302231,0.00029113737400621176,0.00014133383228909224,0.00200835638679564,0.008339847438037395,0.01808234304189682,0.009057379327714443,3.267232159487321e-06,4.418195203470532e-06,0.000216235603147652,0.22091038525104523,0.005101255374029279,0.07533319480717182
1308,4.417263880895916e-06,0.006802243180572987,0.0013891104608774185,0.3138065040111542,0.11474147439002991,0.3016170561313629,0.00012965306814294308,2.7142043563799234e-06,1.5953659158185474e-06,0.015957100316882133,0.005495340097695589,0.06354403495788574,0.07609163969755173,0.03781953454017639,0.09073691815137863,0.07529837638139725,0.02704995684325695,0.10008302330970764,0.11096742749214172,0.3436324894428253,0.07802039384841919,0.028629129752516747,0.05925578624010086,0.0001118023501476273,0.0027487417683005333,0.26957422494888306,0.0005381294758990407,0.007223866879940033,0.008102290332317352,0.0002482080599293113,0.006528753321617842,0.009198560379445553,0.00539794284850359,0.0006735993665643036,0.01582973264157772,0.043587200343608856,0.0697101503610611,0.0051736230961978436,0.021348770707845688,0.0004995345952920616,0.03548643738031387,0.004322926513850689,0.019234851002693176,0.0495544895529747,0.00032735452987253666,0.00010112937161466107,0.003214081982150674,0.002821736503392458,0.01239054650068283,0.0049910880625247955,3.263193320890423e-06,3.34540095536795e-06,0.00021424195074359886,0.2916903644800186,0.0040956768207252026,0.10984460590407252
1311,2.9214365895313676e-06,0.0018423359142616391,0.0003135806182399392,0.46253618597984314,0.2379135638475418,0.4016701579093933,8.247308869613335e-05,2.136779812644818e-06,1.1721557484634104e-06,0.02359817363321781,0.008839702233672142,0.07972214370965958,0.09968865662813187,0.036903344094753265,0.11637189984321594,0.10273613780736923,0.01892731711268425,0.08707600086927414,0.08573272824287415,0.40438413619995117,0.09181281179189682,0.022172361612319946,0.042355313897132874,0.00010293482773704454,0.0022843023762106895,0.2090560644865036,0.000455382076324895,0.0098531823605299,0.005926855839788914,0.00029564634314738214,0.002168686594814062,0.0030799657106399536,0.008144471794366837,0.0004315586993470788,0.009934734553098679,0.03009566105902195,0.053507424890995026,0.0045576198026537895,0.042101263999938965,0.001441671745851636,0.02885974943637848,0.005643907468765974,0.01397939957678318,0.033361051231622696,0.000208459488931112,7.61363044148311e-05,0.0015895201358944178,0.002378886565566063,0.007392554543912411,0.0037693080957978964,3.059117261727806e-06,1.6631505559416837e-06,0.00014229789667297155,0.33579612523317337,0.0010779582662507892,0.15592827942843238
1314,3.727218654603348e-06,0.010064681991934776,0.0004931687726639211,0.32572710514068604,0.09212478995323181,0.30898812413215637,6.281291280174628e-05,1.7470922557549784e-06,1.1809693205577787e-06,0.04420125111937523,0.010351828299462795,0.14669065177440643,0.16300231218338013,0.026041531935334206,0.13506804406642914,0.11994419246912003,0.01996953971683979,0.04662926122546196,0.052745919674634933,0.35892364382743835,0.09502627700567245,0.013058402575552464,0.0364830382168293,8.837528730509803e-05,0.0025948048569262028,0.17528218030929565,0.00034835407859645784,0.010850786231458187,0.00800400972366333,0.00019794362015090883,0.0019764588214457035,0.003536235773935914,0.007258753292262554,0.0007514076423831284,0.005887188483029604,0.01951720006763935,0.04549145698547363,0.0033856008667498827,0.0648263618350029,0.000805939722340554,0.04162665456533432,0.006954686716198921,0.01709180511534214,0.03396880626678467,0.0001132862307713367,3.908560029231012e-05,0.0008557094261050224,0.002798181725665927,0.004686475731432438,0.002259354805573821,2.5303975235146936e-06,2.0875140762655064e-06,7.618591553182341e-05,0.25050464272499084,0.005278925382299349,0.11041326657868922
1317,4.048546543344855e-06,0.003632248379290104,0.0010938968043774366,0.3867967128753662,0.1739557385444641,0.26614251732826233,8.453281043330207e-05,2.3410075300489552e-06,1.5138352864596527e-06,0.044312745332717896,0.010562832467257977,0.183434396982193,0.19708509743213654,0.012484772130846977,0.20348279178142548,0.18451520800590515,0.0148361437022686,0.038222651928663254,0.037982191890478134,0.3280855715274811,0.0852593407034874,0.012647979892790318,0.036456912755966187,0.0001358670269837603,0.0008676745928823948,0.16904403269290924,0.0005818197969347239,0.00839482992887497,0.0054030404426157475,0.00029943129629828036,0.00540119269862771,0.01024310290813446,0.003698548534885049,0.0005378461792133749,0.009774552658200264,0.02307252585887909,0.07541581988334656,0.012134497053921223,0.009705547243356705,0.0006452580564655364,0.03576095774769783,0.007836565375328064,0.017102424055337906,0.04173783212900162,0.00033881631679832935,0.0001789516827557236,0.0017808894626796246,0.011266371235251427,0.011205445043742657,0.006055926438421011,2.7168821361556184e-06,3.4961035453306977e-06,0.0002588839997770265,0.2779203727841377,0.0023630725918337703,0.13414700282737613
1320,3.5030154776904965e-06,0.0020945430733263493,0.0007789443479850888,0.42576417326927185,0.22376470267772675,0.2797001004219055,5.967641845927574e-05,2.9686059406230925e-06,1.0452030210217345e-06,0.05876163765788078,0.011862584389746189,0.13688428699970245,0.1488160490989685,0.011207272298634052,0.24909523129463196,0.23822015523910522,0.008778581395745277,0.05240970849990845,0.053288575261831284,0.42692697048187256,0.11027184128761292,0.009009178727865219,0.03228721022605896,0.00010652795754140243,0.0006624801899306476,0.1338331550359726,0.0006110385875217617,0.008131559006869793,0.0032713543623685837,0.00039820795063860714,0.00594705855473876,0.009564117528498173,0.005643634125590324,0.00028227129951119423,0.006795946974307299,0.013241151347756386,0.05194268748164177,0.010401125997304916,0.018536563962697983,0.0015821974957361817,0.02726663462817669,0.004042626358568668,0.017647769302129745,0.05212847515940666,0.0003816132084466517,0.00023452100867871195,0.002274730009958148,0.008821092545986176,0.008390837348997593,0.006101713515818119,2.7057144507125486e-06,2.333516249564127e-06,0.0003080671085626818,0.2797986641526222,0.001436743710655719,0.14709178311750293
1323,2.8786607799702324e-06,0.001987175550311804,0.0006968851666897535,0.45296376943588257,0.2103121429681778,0.25787124037742615,9.185941598843783e-05,2.720646762099932e-06,9.222952712661936e-07,0.034536030143499374,0.007998635992407799,0.1467236429452896,0.16205963492393494,0.010336843319237232,0.24903857707977295,0.24246762692928314,0.009042373858392239,0.052160538733005524,0.04599674791097641,0.37110522389411926,0.06403721123933792,0.014736705459654331,0.046489495784044266,0.0001359961461275816,0.0009297032956965268,0.19617317616939545,0.0004408009990584105,0.009882020764052868,0.0028630541637539864,0.0008616253617219627,0.008842322044074535,0.010729487985372543,0.004055063705891371,0.0002161294687539339,0.010712575167417526,0.015118681825697422,0.058193448930978775,0.01495009008795023,0.0067764450795948505,0.0015746632125228643,0.02134222537279129,0.0034729421604424715,0.015392085537314415,0.05170515924692154,0.001129187410697341,0.0007695151725783944,0.005428099073469639,0.006880840286612511,0.015221264213323593,0.013233060017228127,2.1367227418522816e-06,2.283940830238862e-06,0.0009493512916378677,0.324568472802639,0.0013420303585007787,0.15751185982177654
1326,6.08753589403932e-06,0.03999704867601395,0.016584014520049095,0.12698964774608612,0.03038189560174942,0.0968651995062828,0.00012741729733534157,2.413258471278823e-06,1.5271887150447583e-06,0.0451127365231514,0.015522736124694347,0.07953605055809021,0.09120386838912964,0.010826253332197666,0.2118711620569229,0.20135124027729034,0.01191391609609127,0.08367861807346344,0.08853255957365036,0.48642078042030334,0.14563539624214172,0.011958478949964046,0.024014361202716827,0.00016416306607425213,0.0011278882157057524,0.2147798091173172,0.0007904687663540244,0.005570975597947836,0.007461039815098047,0.00015863848966546357,0.008867062628269196,0.013169215992093086,0.004464319907128811,0.00046835397370159626,0.01567193679511547,0.048676248639822006,0.09503121674060822,0.00464686518535018,0.009160857647657394,0.0004764456825796515,0.020495649427175522,0.004357253201305866,0.011998907662928104,0.06184598058462143,0.0006293838378041983,0.00020650692749768496,0.004525681026279926,0.005719362758100033,0.01962920092046261,0.008956080302596092,3.6466810797719518e-06,5.652794698107755e-06,0.0004179453826509416,0.17088472843170166,0.02829053159803152,0.04967530878881613
1329,4.628753231372684e-06,0.023627419024705887,0.01172077190130949,0.12481644749641418,0.04647153615951538,0.13486355543136597,0.00021856898092664778,2.1330172330635833e-06,1.3797384781355504e-06,0.05337070673704147,0.015530607663094997,0.18672935664653778,0.2011692225933075,0.004700417630374432,0.3279038071632385,0.29016226530075073,0.009841837920248508,0.03581026941537857,0.033639680594205856,0.3001421093940735,0.08973965048789978,0.012638806365430355,0.025759855285286903,0.00028726214077323675,0.00032052063033916056,0.2659374177455902,0.003087965538725257,0.004316218663007021,0.011286973021924496,0.0005829731235280633,0.004585282877087593,0.006276231724768877,0.0033743923995643854,0.00017402469529770315,0.030939511954784393,0.0878705233335495,0.1425914317369461,0.00988317746669054,0.003073061117902398,0.001204273197799921,0.013112098909914494,0.0036338106729090214,0.008945843204855919,0.07339677214622498,0.00301891821436584,0.0013871678384020925,0.004890051204711199,0.0060613700188696384,0.055315375328063965,0.0336330346763134,3.3278995488217333e-06,5.285861334414221e-06,0.002203043026383966,0.1953769326210022,0.01767409546300769,0.045225987366090216
1332,2.0179099919914734e-06,0.0015565449139103293,0.0017301709158346057,0.40564849972724915,0.21240417659282684,0.17676520347595215,0.0001314500259468332,2.287709776283009e-06,1.4236270544643048e-06,0.028455635532736778,0.008997567929327488,0.2448374480009079,0.2235809862613678,0.023864462971687317,0.14342676103115082,0.1252400428056717,0.017074590548872948,0.028482237830758095,0.03370170295238495,0.18347370624542236,0.16895875334739685,0.017927970737218857,0.05191938579082489,0.0003124474606011063,0.0006779530085623264,0.23567034304141998,0.0012219055788591504,0.0038958049844950438,0.020799316465854645,0.0006181016215123236,0.0017557808896526694,0.003015551483258605,0.006430353969335556,0.0005493653006851673,0.03987232968211174,0.12682123482227325,0.09207794070243835,0.009100822731852531,0.006153371650725603,0.0003940067836083472,0.013096047565340996,0.004458686336874962,0.004876000806689262,0.042015284299850464,0.0018664933741092682,0.0008672798867337406,0.0024925332982093096,0.006922569125890732,0.06975439935922623,0.029135892167687416,2.7884129849553574e-06,2.737804152275203e-06,0.0013668866304215044,0.32065942138433456,0.0016433579148724675,0.13680661070005348
1335,4.8207389227172825e-06,0.011165888048708439,0.002990082371979952,0.3100687861442566,0.06140618771314621,0.17934955656528473,0.00016666788724251091,2.7483572466735495e-06,1.8628405769050005e-06,0.03662269562482834,0.009343484416604042,0.2361009269952774,0.23586177825927734,0.020468054339289665,0.14912916719913483,0.13092641532421112,0.01799076795578003,0.029410162940621376,0.02965136617422104,0.2464456856250763,0.07520615309476852,0.015468759462237358,0.04136761277914047,0.0003040243173018098,0.0005373960011638701,0.2080039232969284,0.0010632186895236373,0.00512848561629653,0.017816433683037758,0.00033131844247691333,0.006284435745328665,0.012275872752070427,0.005100895185023546,0.0004172982298769057,0.02550368383526802,0.08851663023233414,0.11332286894321442,0.008406230248510838,0.004774870816618204,0.0004726856714114547,0.015717050060629845,0.004128180909901857,0.00930759496986866,0.06893408298492432,0.0021868497133255005,0.0010078133782371879,0.003605995560064912,0.015400494448840618,0.09641250967979431,0.03953885659575462,3.800314061663812e-06,5.1022811931034084e-06,0.0015973315457813442,0.2590363547205925,0.007077985210344195,0.10954303154721856
1338,3.226034323233762e-06,0.012236243113875389,0.00017753221618477255,0.2973291277885437,0.045379359275102615,0.48682206869125366,0.000286204187432304,1.116211365115305e-06,1.1068069625252974e-06,0.051741231232881546,0.008353191427886486,0.21038739383220673,0.2292919158935547,0.015409359708428383,0.16691471636295319,0.1498418003320694,0.021343881264328957,0.03544599190354347,0.03151851147413254,0.3808135390281677,0.06882166862487793,0.012527212500572205,0.042701322585344315,0.00033180651371367276,0.0015621886122971773,0.25609734654426575,0.0004101578379049897,0.009222392924129963,0.04724060371518135,0.0005032466142438352,0.0012859575217589736,0.0019065013621002436,0.004001057706773281,0.0025406109634786844,0.023669227957725525,0.07450354099273682,0.1619824320077896,0.008366932161152363,0.003280071308836341,8.764078665990382e-05,0.010922919027507305,0.005461337510496378,0.004149871878325939,0.025404365733265877,0.00521325645968318,0.0015312961768358946,0.005171066150069237,0.003852341091260314,0.04450441151857376,0.0153007498010993,2.0420452528924216e-06,2.526638127164915e-06,0.0033722763182595372,0.2767132371664047,0.006206887665030081,0.10017386222413431
1341,4.100185833522119e-06,0.0111256567761302,0.003910139203071594,0.2397572249174118,0.07709863036870956,0.16006091237068176,0.0001653590879868716,2.3211073312268127e-06,1.5720768260507612e-06,0.03888605162501335,0.009273824281990528,0.22863224148750305,0.22544345259666443,0.024611223489046097,0.12444858998060226,0.10467898845672607,0.02421650104224682,0.030864054337143898,0.03301583603024483,0.23530516028404236,0.09835423529148102,0.013925696723163128,0.04268405959010124,0.0003326864098198712,0.0003807191678788513,0.20138606429100037,0.0013417125446721911,0.004682055674493313,0.025869546458125114,0.0005717278108932078,0.0021411823108792305,0.004752734210342169,0.005603859666734934,0.0003306343569420278,0.031479302793741226,0.09998925030231476,0.09839022904634476,0.01153650414198637,0.005017520859837532,0.000656980206258595,0.013457483612000942,0.004088565241545439,0.007601145654916763,0.060546111315488815,0.0028404758777469397,0.0016391839599236846,0.0018258431227877736,0.01634804531931877,0.12632490694522858,0.05681561306118965,3.225333102818695e-06,4.562644789984915e-06,0.002239829918835312,0.22057164460420609,0.007517897989600897,0.08221704714621107
1344,2.4958187623269623e-06,0.0036406938452273607,0.0011795335449278355,0.3646452724933624,0.12316018342971802,0.2757415473461151,0.0002539739653002471,1.3748273204328143e-06,1.1246311260038055e-06,0.05976710096001625,0.011573903262615204,0.1846856027841568,0.1890275627374649,0.01828521303832531,0.1678251475095749,0.1523871272802353,0.01747526042163372,0.04082602635025978,0.041536103934049606,0.35719215869903564,0.12184127420186996,0.008973848074674606,0.03251229226589203,0.0004590293683577329,0.0008228335645981133,0.24362081289291382,0.0005318474140949547,0.008204294368624687,0.03686331957578659,0.0008896581130102277,0.0009957151487469673,0.0014630117220804095,0.004555456805974245,0.0012933053076267242,0.028442122042179108,0.08328238874673843,0.1363905966281891,0.01203087717294693,0.002342453459277749,0.00014664506306871772,0.006284224800765514,0.00435230229049921,0.0024408570025116205,0.026211250573396683,0.016599824652075768,0.006644589360803366,0.007759889587759972,0.007765990681946278,0.06994760036468506,0.035030145198106766,2.0570798824337544e-06,2.5473609639448114e-06,0.011622207006439567,0.3041330426931381,0.002410113695077598,0.12236799978806327
1347,1.0636438219080446e-06,0.001911294530145824,0.0005827561835758388,0.4874051511287689,0.19710811972618103,0.3168213367462158,2.738566035986878e-05,3.5307181178723113e-07,9.610532742954092e-07,0.041352156549692154,0.014279485680162907,0.18012987077236176,0.1945534348487854,0.020361589267849922,0.16507217288017273,0.16820375621318817,0.017134934663772583,0.0433930829167366,0.04619702324271202,0.3140261173248291,0.1904105842113495,0.014784234575927258,0.04109339043498039,8.731536217965186e-05,0.0017145322635769844,0.08203807473182678,0.0005051858024671674,0.023092428222298622,0.05453982204198837,0.0006277017528191209,8.177234121831134e-06,2.18360401049722e-05,0.011369477026164532,0.004826303571462631,0.0016048753168433905,0.006005036178976297,0.02544843964278698,0.0018453915836289525,0.46490293741226196,0.0007625006255693734,0.03502071648836136,0.036462701857089996,0.002518978901207447,0.0022085693199187517,1.6826104911160655e-05,6.075640158087481e-06,3.5865847166860476e-05,0.0004387386725284159,8.60596337588504e-05,2.5105759050347842e-05,1.3382402812567307e-06,3.2758353540884855e-07,1.1450872534624068e-05,0.28472161293029785,0.0012470253568608314,0.1624783881343319
1350,9.393555728820502e-07,0.0007617779774591327,0.0002824309340212494,0.569736123085022,0.320730060338974,0.3468789756298065,2.316824975423515e-05,4.895809979643673e-07,1.2366873534119804e-06,0.01985381916165352,0.009021064266562462,0.1954057663679123,0.19832000136375427,0.03135024383664131,0.1616833209991455,0.15523779392242432,0.011376175098121166,0.04020426794886589,0.04014718160033226,0.16635762155056,0.1302715241909027,0.02918059751391411,0.06588441878557205,0.00010223382560070604,0.001269382075406611,0.07522936165332794,0.0007386323413811624,0.013410206884145737,0.04898786172270775,0.0008062372799031436,1.3301249964570161e-05,4.031560820294544e-05,0.014098725281655788,0.001328580896370113,0.003381089074537158,0.013607733882963657,0.026385728269815445,0.0023435016628354788,0.4444243609905243,0.002407768042758107,0.034813292324543,0.027764827013015747,0.0027443275321274996,0.0033268295228481293,1.7568567272974178e-05,8.173950845957734e-06,2.719707481446676e-05,0.000845091650262475,0.0001808385131880641,6.036249760654755e-05,2.3126710857468424e-06,3.3513197195134126e-07,1.2871259059465956e-05,0.32248274236917496,0.000522104455740191,0.1899299133143965
1353,1.3912734857512987e-06,0.0017047710716724396,0.0004733928944915533,0.475178599357605,0.23689918220043182,0.3622741997241974,4.666772292694077e-05,7.449343115695228e-07,1.6316420214934624e-06,0.019529787823557854,0.005873697344213724,0.19013722240924835,0.19501180946826935,0.0340980589389801,0.11913764476776123,0.10518046468496323,0.019793959334492683,0.03617774695158005,0.042297203093767166,0.187158465385437,0.11139123886823654,0.026357874274253845,0.07225710153579712,0.0001278871641261503,0.002899500774219632,0.1872355341911316,0.0006901824963279068,0.007272630929946899,0.04553820937871933,0.0002467722515575588,7.710947829764336e-05,0.0001778102305252105,0.018929269164800644,0.005822901614010334,0.009169882163405418,0.03882170096039772,0.02694212645292282,0.0013049721019342542,0.1863527148962021,0.00018630480917636305,0.021641578525304794,0.015469007194042206,0.003533731447532773,0.012566800229251385,4.470506974030286e-05,1.2100296771677677e-05,0.00015313905896618962,0.0008552366634830832,0.0033336130436509848,0.0008657412836328149,2.4778371425782098e-06,7.969797479745466e-07,2.840268325599027e-05,0.3312070667743683,0.0010890819830819964,0.15847783968880927
1356,1.6063765997387236e-06,0.00187799206469208,0.00040504062781110406,0.4616217613220215,0.2276758998632431,0.3681606650352478,4.4037496991222724e-05,8.768860766394937e-07,1.7712030739858164e-06,0.022780900821089745,0.006294270046055317,0.24676021933555603,0.2492677867412567,0.03998744115233421,0.11233023554086685,0.09678581357002258,0.020313892513513565,0.02775639295578003,0.03043626993894577,0.18474958837032318,0.10377778112888336,0.02340720407664776,0.0700688511133194,0.00012281622912269086,0.0032287260983139277,0.18757115304470062,0.0005977879045531154,0.007473370060324669,0.04149876907467842,0.0002470589824952185,0.00011143078154418617,0.0002913264324888587,0.017012974247336388,0.005166430026292801,0.008105919696390629,0.03443461284041405,0.026146765798330307,0.0015793662751093507,0.15807218849658966,0.00020045066776219755,0.026302050799131393,0.017769642174243927,0.005033046472817659,0.016976261511445045,4.3174324673600495e-05,1.3124217730364762e-05,0.0001256630348507315,0.0012550090905278921,0.004280443768948317,0.0011678682640194893,2.6540296858001966e-06,9.916557246469893e-07,2.814927120198263e-05,0.32459645718336105,0.001141516346251592,0.1540081728453515
1359,1.5797656942595495e-06,0.003271817695349455,0.0009449166245758533,0.43479612469673157,0.13196231424808502,0.24976885318756104,8.141872240230441e-05,1.158496388597996e-06,1.4498848486255156e-06,0.01811588741838932,0.005520286504179239,0.19003203511238098,0.19137494266033173,0.03287694603204727,0.10557855665683746,0.08812473714351654,0.026060236617922783,0.03687235340476036,0.041741061955690384,0.15169942378997803,0.08481676876544952,0.025890422984957695,0.07489537447690964,0.0001851614797487855,0.0021718679927289486,0.2738189399242401,0.0006729063461534679,0.005189316812902689,0.019611582159996033,0.0002771863655652851,0.000626040855422616,0.0012696560006588697,0.012040453962981701,0.0013987607089802623,0.020282605662941933,0.07056402415037155,0.03463070094585419,0.002693168818950653,0.031860679388046265,0.0002530921483412385,0.013847048394382,0.007399882189929485,0.0037441684398800135,0.02707933820784092,0.0002717242168728262,0.00010691426723496988,0.0007810489623807371,0.002823085291311145,0.016111578792333603,0.006778771989047527,2.452306716804742e-06,1.6176095414266456e-06,0.00018931924205389805,0.35430753231048584,0.002108367159962654,0.14556394051760435
1362,3.8819925975985825e-06,0.006230363622307777,0.0016356924315914512,0.3954128921031952,0.07748356461524963,0.20058472454547882,0.00018623587675392628,2.4657206267875154e-06,1.654197490097431e-06,0.03168560937047005,0.00942591018974781,0.22681774199008942,0.22562813758850098,0.028204115107655525,0.11452007293701172,0.09878088533878326,0.023769089952111244,0.032502807676792145,0.03183284029364586,0.26001688838005066,0.10662395507097244,0.016951339319348335,0.04057474061846733,0.0003456022823229432,0.0010112589225172997,0.23113279044628143,0.0004978976212441921,0.004539592657238245,0.013731332495808601,0.0005611453671008348,0.008484678342938423,0.01539886649698019,0.0028391217347234488,0.000577219296246767,0.03421977162361145,0.09049760550260544,0.08996766060590744,0.014431816525757313,0.001999201253056526,0.000239654429606162,0.01660550758242607,0.006973972078412771,0.009017109870910645,0.0485842227935791,0.0024849490728229284,0.0014559105038642883,0.004957461263984442,0.020815525203943253,0.11696482449769974,0.05933583900332451,2.9547070425905986e-06,4.520510628935881e-06,0.0019704297883436084,0.3132728412747383,0.003933028026949614,0.13976547898103794
1365,3.1048120945342816e-06,0.002607260597869754,0.0005613515968434513,0.48033052682876587,0.13266399502754211,0.2832845151424408,0.00019962155784014612,2.619192173369811e-06,1.5803985888851457e-06,0.031157203018665314,0.00842249859124422,0.2455870509147644,0.24759270250797272,0.025187073275446892,0.14278742671012878,0.13187070190906525,0.015809455886483192,0.030706938356161118,0.028142591938376427,0.25226446986198425,0.09197839349508286,0.01787775196135044,0.04857531189918518,0.0004056248289998621,0.0010163760744035244,0.25264498591423035,0.0005242354818619788,0.005045127589255571,0.013756629079580307,0.0007083592936396599,0.011018614284694195,0.01943870261311531,0.003086863085627556,0.0006922391476109624,0.03905479982495308,0.09325132519006729,0.08305040001869202,0.015000805258750916,0.001827859552577138,0.00018047643243335187,0.01401700358837843,0.0068098693154752254,0.006652601063251495,0.040123049169778824,0.0035305507481098175,0.0021118763834238052,0.007282911334186792,0.024476945400238037,0.09976200759410858,0.05395887792110443,3.124162731182878e-06,3.7303516364772804e-06,0.0028212135657668114,0.3664877563714981,0.0015843060973566025,0.17026261457552513
1368,2.6279039957444184e-06,0.0029363336507230997,0.0007173902122303843,0.4212953448295593,0.14159642159938812,0.29507097601890564,0.00025132118025794625,2.456962647556793e-06,1.2495096370912506e-06,0.0328020304441452,0.010394968092441559,0.23530538380146027,0.24461548030376434,0.021487122401595116,0.1703275740146637,0.1602088212966919,0.011952182278037071,0.030002981424331665,0.028143491595983505,0.2494080662727356,0.10600768029689789,0.017253989353775978,0.04063275083899498,0.0005497353267855942,0.0004326203197706491,0.21956709027290344,0.0008235544664785266,0.0038896091282367706,0.011587778106331825,0.0014943155692890286,0.009966320358216763,0.014628076925873756,0.002692342735826969,0.0004195125075057149,0.06510411202907562,0.13153529167175293,0.0923256054520607,0.02779747173190117,0.0012664716923609376,0.000277193496003747,0.010406983084976673,0.005931934807449579,0.004304639063775539,0.031040040776133537,0.009210423566401005,0.006995774805545807,0.011963268741965294,0.028475575149059296,0.11952343583106995,0.08752161264419556,3.1587328521709424e-06,3.407289113965817e-06,0.008103099185973406,0.3204312175512314,0.001826861931476742,0.14862991403788328
1371,2.4047030819929205e-06,0.002160855336114764,0.0006802298594266176,0.41263827681541443,0.16957412660121918,0.2951260507106781,0.00020622693409677595,2.3922780201246496e-06,8.572815204388462e-07,0.05069711059331894,0.015977418050169945,0.20152367651462555,0.20878995954990387,0.01658148132264614,0.20179951190948486,0.20288066565990448,0.009333007037639618,0.03657170385122299,0.03436107560992241,0.33903172612190247,0.1394377052783966,0.011797484010457993,0.027115434408187866,0.00038563989801332355,0.0007281222497113049,0.27717432379722595,0.0006284347618930042,0.0051862034015357494,0.007686203811317682,0.0011961900163441896,0.015721511095762253,0.021930530667304993,0.0026117877569049597,0.0006198862683959305,0.04484105855226517,0.08152065426111221,0.0703856572508812,0.021967241540551186,0.0014325585216283798,0.00015480809088330716,0.011263512074947357,0.005247008521109819,0.0045849233865737915,0.030137918889522552,0.004957517609000206,0.003593658795580268,0.01203941646963358,0.02285858616232872,0.05781535431742668,0.044177040457725525,2.7749183573178016e-06,3.271353989475756e-06,0.004275588202290237,0.3449063003063202,0.001420542597770691,0.15009677285949388
1374,1.561506792313594e-06,0.0012882830342277884,0.0004979826044291258,0.44468608498573303,0.2337173968553543,0.3059539794921875,0.00010250716877635568,2.236540467492887e-06,5.769454105575278e-07,0.04316151887178421,0.020784752443432808,0.21553419530391693,0.2218065857887268,0.016185322776436806,0.20862925052642822,0.21377764642238617,0.008387692272663116,0.034489717334508896,0.030984848737716675,0.3485126197338104,0.14860942959785461,0.013270889408886433,0.02224704436957836,0.00019932430586777627,0.0007294415263459086,0.28195253014564514,0.0009405257878825068,0.006086028181016445,0.002774446504190564,0.0010395933641120791,0.01035065483301878,0.013751247897744179,0.0033779367804527283,0.00033303259988315403,0.026672886684536934,0.0455908328294754,0.030898598954081535,0.013569073751568794,0.005523038096725941,0.00044206398888491094,0.01284661702811718,0.004578592721372843,0.005894194822758436,0.02745213359594345,0.000856888887938112,0.0006897380226291716,0.004454617854207754,0.010333087295293808,0.016832640394568443,0.016391988843679428,2.5800338789849775e-06,2.1023943190812133e-06,0.0007733134552836418,0.3633193075656891,0.0008931328193284571,0.15626266257216534
1377,3.0236712973419344e-06,0.002740912837907672,0.0005413793842308223,0.38327252864837646,0.20089803636074066,0.36696118116378784,4.6236218622652814e-05,3.2462428407598054e-06,6.800806886531063e-07,0.055362164974212646,0.02154490165412426,0.2161104679107666,0.2392345666885376,0.012581702321767807,0.2215854525566101,0.21011586487293243,0.01134408451616764,0.035266321152448654,0.03104593977332115,0.37751469016075134,0.11514397710561752,0.011048116721212864,0.021880296990275383,5.9746635088231415e-05,0.0009095242130570114,0.28210100531578064,0.0014743255451321602,0.007302860729396343,0.0013041619677096605,0.00041878849151544273,0.016388999298214912,0.027255134657025337,0.0048379795625805855,0.0003238622739445418,0.006527819205075502,0.010832851752638817,0.009977109730243683,0.005114092957228422,0.05414098501205444,0.0010444094659760594,0.035445161163806915,0.005584199447184801,0.04172392189502716,0.07998346537351608,4.002451169071719e-05,3.440693762968294e-05,0.0010037038009613752,0.008422366343438625,0.00923154316842556,0.010677128098905087,2.906657982748584e-06,2.2895824258739594e-06,3.721572466020007e-05,0.33268676698207855,0.0016411461110692471,0.14230555420120558
1380,4.11616611017962e-06,0.007752003613859415,0.0005058637470938265,0.29680106043815613,0.12254545092582703,0.3817899525165558,5.079330367152579e-05,3.493640406304621e-06,8.210296869037848e-07,0.05159571021795273,0.01486990600824356,0.22414666414260864,0.2541857361793518,0.012869707308709621,0.21905748546123505,0.20396268367767334,0.01205694954842329,0.031754303723573685,0.02892044000327587,0.3513968884944916,0.07522280514240265,0.012609793804585934,0.029578126966953278,5.565320316236466e-05,0.0008420528029091656,0.26793384552001953,0.0014444319531321526,0.007288502063602209,0.0015827391762286425,0.00035239828866906464,0.021836385130882263,0.03722754865884781,0.004897420760244131,0.00037536091986112297,0.006562153808772564,0.012806454673409462,0.011059385724365711,0.0041528549045324326,0.07945576310157776,0.0009968760423362255,0.05793311819434166,0.005489362869411707,0.06521420925855637,0.09463851153850555,2.6566971428110264e-05,1.9895427612937056e-05,0.0008899905369617045,0.0077825915068387985,0.010030247271060944,0.010615978389978409,3.0458863875537645e-06,2.5275442112615565e-06,2.323119952052366e-05,0.28236745297908783,0.004128933680476621,0.11862166474262874
1383,4.2736951400002e-06,0.004625189118087292,0.0009502993780188262,0.3293493390083313,0.15789079666137695,0.34375259280204773,4.887884279014543e-05,3.974881565227406e-06,1.0250749937767978e-06,0.05046594887971878,0.019924907013773918,0.19231383502483368,0.2260063886642456,0.011199576780200005,0.2236110121011734,0.2052535116672516,0.01329774223268032,0.038252584636211395,0.03527263179421425,0.38253170251846313,0.10154587030410767,0.013435818254947662,0.026310784742236137,5.801724910270423e-05,0.0011239938903599977,0.24799323081970215,0.0012583066709339619,0.007590889930725098,0.0014789068372920156,0.00018989895761478692,0.039935965090990067,0.06323219835758209,0.005423087161034346,0.0006846621981821954,0.00540566723793745,0.012200212106108665,0.00971263088285923,0.0022670018952339888,0.13266390562057495,0.0005528123001568019,0.0702071487903595,0.0060318042524158955,0.0663825049996376,0.08524279296398163,1.413002610206604e-05,7.413202638417715e-06,0.0012445885222405195,0.005513317417353392,0.005255908705294132,0.004896659404039383,3.304956862848485e-06,2.8078070499759633e-06,1.0771614370241878e-05,0.2886712849140167,0.002787744248053059,0.14417250081896782
1386,3.908270628016908e-06,0.0035063631366938353,0.0009315662318840623,0.3611830770969391,0.17825207114219666,0.3313600718975067,3.905135963577777e-05,3.618744358391268e-06,1.195365484818467e-06,0.05327451974153519,0.026387669146060944,0.22566640377044678,0.25025200843811035,0.011502097360789776,0.21654637157917023,0.20254932343959808,0.013271845877170563,0.03231588006019592,0.030750183388590813,0.3529687523841858,0.15066999197006226,0.012689091265201569,0.022950757294893265,4.7060373617568985e-05,0.001200212980620563,0.25016409158706665,0.0019062591018155217,0.006448236759752035,0.0025336684193462133,0.00012438204430509359,0.014817657880485058,0.027415305376052856,0.00539820222184062,0.0007871295092627406,0.004525632131844759,0.014796845614910126,0.009929206222295761,0.0014105277368798852,0.22062192857265472,0.0006616154569201171,0.08421027660369873,0.010148871690034866,0.08251094818115234,0.08157838881015778,5.535081982088741e-06,2.2474982870335225e-06,0.0004566768475342542,0.0033053834922611713,0.004315859638154507,0.0029303908813744783,3.6908422771375626e-06,2.6138097837247187e-06,3.891290134561132e-06,0.30567358434200287,0.0022189646842889488,0.134472013451159
1389,2.887704567910987e-06,0.0026638777926564217,0.0009152853745035827,0.3824932277202606,0.21835321187973022,0.2738780081272125,2.4802653570077382e-05,3.1294318887375994e-06,1.1068555068050046e-06,0.05681391432881355,0.02319222502410412,0.2211991250514984,0.23893190920352936,0.012996051460504532,0.21990026533603668,0.21396023035049438,0.011153874918818474,0.03424796462059021,0.03420671448111534,0.3522464632987976,0.1717195212841034,0.012133805081248283,0.028761986643075943,5.094717926112935e-05,0.0012475081020966172,0.21919962763786316,0.0016539280768483877,0.00909009575843811,0.0032693862449377775,0.0001231385685969144,0.004458984825760126,0.01064904872328043,0.013390644453465939,0.0011405706172809005,0.0030053630471229553,0.009956502355635166,0.005198846571147442,0.0008782892837189138,0.4770260453224182,0.0006402230355888605,0.05548994243144989,0.008511741645634174,0.03754906356334686,0.04660946875810623,4.581882421916816e-06,2.0722807221318362e-06,0.00021402073616627604,0.0038849564734846354,0.002031736308708787,0.0013081009965389967,3.3788560358516406e-06,1.8938441144200624e-06,3.3270815720243263e-06,0.3008464276790619,0.0017895815835800022,0.13253375375643373
1392,2.0865506940026535e-06,0.0031842056196182966,0.0016970670549198985,0.3590259253978729,0.20802485942840576,0.2495158612728119,1.2662856534007005e-05,9.472566944168648e-07,1.0145855640075752e-06,0.03394008055329323,0.017562784254550934,0.12569212913513184,0.138706237077713,0.031627003103494644,0.12065373361110687,0.11107704788446426,0.02392396330833435,0.059094566851854324,0.061581000685691833,0.32012495398521423,0.1621856689453125,0.0173584446310997,0.036452535539865494,2.6038007490569726e-05,0.0017134699737653136,0.047746866941452026,0.00038182135904207826,0.012570629827678204,0.00616722134873271,0.0001936804037541151,0.0005150758661329746,0.0013364608166739345,0.0038950610905885696,0.0023448721040040255,0.0005641080206260085,0.0018219392513856292,0.0076420982368290424,0.0012585308868438005,0.7921246886253357,0.0011180774308741093,0.15304692089557648,0.018347468227148056,0.05363486707210541,0.007990281097590923,9.93217440736771e-07,4.025839928090136e-07,4.652548159356229e-05,0.0011211881646886468,5.758193219662644e-05,2.4517392375855707e-05,2.211440914834384e-06,5.638535185426008e-07,6.979007167728923e-07,0.20338639616966248,0.0024406363372690976,0.12029248736022662
1395,1.3618810044135898e-06,0.0018196034943684936,0.0007612674962729216,0.42603009939193726,0.28154245018959045,0.3254442811012268,1.3824880625179503e-05,6.698295464957482e-07,1.0973152484439197e-06,0.02448773942887783,0.012738651596009731,0.18644100427627563,0.1980205774307251,0.028005648404359818,0.12904877960681915,0.12577223777770996,0.021652664989233017,0.040721211582422256,0.04192255437374115,0.2321474403142929,0.12247774749994278,0.02494405023753643,0.04821183532476425,3.930703314836137e-05,0.0027193971909582615,0.04417981207370758,0.0002674068382475525,0.007431245408952236,0.0074993004091084,0.00012261985102668405,0.0003386340104043484,0.0008171230438165367,0.008272228762507439,0.008682990446686745,0.0009364791330881417,0.0026588384062051773,0.00706297205761075,0.000985066988505423,0.6503856182098389,0.00023527329904027283,0.05624055862426758,0.013989089988172054,0.019838055595755577,0.009728792123496532,3.2652137633704115e-06,1.122225967264967e-06,9.319985838374123e-05,0.0011278779711574316,0.00020458704966586083,7.097438356140628e-05,2.4536284399800934e-06,5.252261985333462e-07,2.1937198653176893e-06,0.23510495573282242,0.0012904354953207076,0.1423952854820527
1398,1.2453008366719587e-06,0.0017609280766919255,0.0010299654677510262,0.3970525562763214,0.22628052532672882,0.26961374282836914,5.6091437727445737e-05,1.8694023538046167e-06,1.3896054724682472e-06,0.02547004632651806,0.01030487660318613,0.2733197510242462,0.28464236855506897,0.060505785048007965,0.0831354409456253,0.06210464611649513,0.03552436828613281,0.02547726221382618,0.027793038636446,0.17430377006530762,0.12385906279087067,0.023043891414999962,0.058049336075782776,0.00014447157445829362,0.003610482206568122,0.43219423294067383,0.0012178447796031833,0.005590587388724089,0.010407336056232452,0.00016449179383926094,0.002521272050216794,0.005939278285950422,0.02244849130511284,0.002026706002652645,0.011646915227174759,0.043975088745355606,0.00908935721963644,0.0012330213794484735,0.14329718053340912,0.00014341036148834974,0.008513328619301319,0.0042737629264593124,0.0036915303207933903,0.02288568578660488,9.584670624462888e-05,4.230059130350128e-05,0.000817272171843797,0.006247765850275755,0.0060539692640304565,0.0026633800007402897,3.6255389659345383e-06,2.2103404262452386e-06,6.907364877406508e-05,0.4146233946084976,0.0013954467722214758,0.1351710355374962
1401,1.2458436913220794e-06,0.0029248318169265985,0.0009468510397709906,0.3876614570617676,0.13174425065517426,0.2967422306537628,0.00014593868399970233,1.3232992159828427e-06,9.815947805691394e-07,0.03541930019855499,0.012417842634022236,0.10204635560512543,0.11150102317333221,0.04992857947945595,0.08300258219242096,0.06420384347438812,0.037175677716732025,0.07830169051885605,0.08379405736923218,0.36112454533576965,0.1680765450000763,0.014180176891386509,0.03859754651784897,0.0002605896152090281,0.0075042033568024635,0.4315715432167053,0.0003746208967640996,0.005800302140414715,0.013096139766275883,0.00034539643093012273,0.004073227755725384,0.005617503076791763,0.008328852243721485,0.001905303099192679,0.02452879399061203,0.06306163966655731,0.03693407028913498,0.003625536570325494,0.010906718671321869,5.994026651023887e-05,0.006245001684874296,0.003342724172398448,0.0018747994909062982,0.011819160543382168,0.0012969248928129673,0.000423869991209358,0.008087320253252983,0.0038021330256015062,0.00625524902716279,0.002291621407493949,2.2798951704317005e-06,2.32304500968894e-06,0.0008603974420111626,0.40961650013923645,0.0019358414283487946,0.1324507292980949
1404,2.2222338884603232e-06,0.002138886135071516,0.0007072857115417719,0.3993353545665741,0.17762206494808197,0.3187743127346039,7.170193566707894e-05,1.6543474430363858e-06,1.5420758927575662e-06,0.02280932478606701,0.009276621043682098,0.17297300696372986,0.18633919954299927,0.05042332783341408,0.08693177998065948,0.0676238164305687,0.028375497087836266,0.03961166366934776,0.04177795723080635,0.2538033425807953,0.08395957946777344,0.022600792348384857,0.04538647085428238,0.00010076838952954859,0.0038914699107408524,0.2227550595998764,0.0004121524980291724,0.006477403454482555,0.005992602091282606,0.00015128451923374087,0.003695473074913025,0.005117456894367933,0.006014144979417324,0.0008560853311792016,0.01112582627683878,0.044489603489637375,0.04990028962492943,0.0028308345936238766,0.04625676944851875,0.0005008488660678267,0.035013072192668915,0.01186191476881504,0.015050982125103474,0.036444105207920074,6.533691339427605e-05,1.7660971934674308e-05,0.0016575774643570185,0.001488062902353704,0.00527208810672164,0.0025158203206956387,3.244995468776324e-06,1.7932919718077756e-06,4.149894266447518e-05,0.31104520708322525,0.001423085923306644,0.13604942817861834
1407,2.3712514121143613e-06,0.0024409741163253784,0.0009592532878741622,0.4200885593891144,0.1919100135564804,0.2669023275375366,3.084287527599372e-05,1.8277547724210308e-06,1.6865919860720169e-06,0.026086069643497467,0.012766626663506031,0.17217837274074554,0.1838306188583374,0.04569543898105621,0.10194697976112366,0.07878164947032928,0.023562075570225716,0.04112515226006508,0.04412075877189636,0.2766132354736328,0.12859514355659485,0.021978920325636864,0.044778671115636826,6.588354881387204e-05,0.0025565847754478455,0.10798662900924683,0.0004509528516791761,0.007269464433193207,0.005874952767044306,8.455933857476339e-05,0.0027116425335407257,0.004900645464658737,0.009020773693919182,0.0009161684429273009,0.0037754832301288843,0.020299406722187996,0.0229414701461792,0.0010519283823668957,0.3773082196712494,0.0009381088893860579,0.06882870197296143,0.01096772588789463,0.02425297722220421,0.02108830213546753,8.281074769911356e-06,2.0717550341942115e-06,0.0004687528416980058,0.0013908471446484327,0.0008019372471608222,0.0003578508913051337,3.5193259009247413e-06,1.3055405361228622e-06,5.176414902052784e-06,0.2640375941991806,0.0017001137020997703,0.14256694912910461
1410,1.813233438952011e-06,0.003176474943757057,0.0008735187002457678,0.3741050362586975,0.1973419189453125,0.32766014337539673,2.2033063942217268e-05,1.0670637493603863e-06,1.2921851748615154e-06,0.028234247118234634,0.014407406561076641,0.167091503739357,0.18732552230358124,0.047407567501068115,0.09819024801254272,0.07792938500642776,0.026927674189209938,0.04162172973155975,0.04249801114201546,0.3036026954650879,0.12169917672872543,0.020388372242450714,0.038834962993860245,4.975485353497788e-05,0.0032818331383168697,0.04776468500494957,0.00020632192899938673,0.0044841468334198,0.007440339773893356,0.00010174453927902505,0.001308333477936685,0.0021410947665572166,0.0074273571372032166,0.0022716184612363577,0.0017377107869833708,0.008371423929929733,0.020688477903604507,0.0009213111479766667,0.5268912315368652,0.0005739288753829896,0.060116253793239594,0.008135972544550896,0.030261477455496788,0.016758793964982033,6.784716788388323e-06,1.4302215731731849e-06,0.00039109252975322306,0.0007126496639102697,0.00042858312372118235,0.00017766667588148266,3.6500907754088985e-06,8.2704463011396e-07,4.107469180780754e-06,0.21093486063182354,0.0020249968220014125,0.12585148816773048
1413,2.244324150524335e-06,0.002080421196296811,0.0005329659325070679,0.4449869394302368,0.21631279587745667,0.38450923562049866,5.4687592637492344e-05,2.019737166847335e-06,1.6652614931444987e-06,0.022743375971913338,0.010337133891880512,0.14950387179851532,0.17114345729351044,0.053520433604717255,0.07770448178052902,0.05907750129699707,0.03376855328679085,0.045664623379707336,0.04709553346037865,0.3097229301929474,0.09854835271835327,0.02626775950193405,0.04860697314143181,7.728578930255026e-05,0.0038699277210980654,0.24267512559890747,0.0008092044154182076,0.0064710513688623905,0.006038566119968891,0.00013465824304148555,0.0024407394230365753,0.004243799485266209,0.010316116735339165,0.0008253837586380541,0.009987902827560902,0.045464638620615005,0.018290305510163307,0.0012431027134880424,0.2645202577114105,0.0007021366036497056,0.054420165717601776,0.010116182267665863,0.01754973828792572,0.02407493256032467,1.056155360856792e-05,3.067846819249098e-06,0.0004048645787406713,0.0013693703804165125,0.0018329168669879436,0.0007892787689343095,3.802471155722742e-06,1.6835434735185117e-06,6.814700213908509e-06,0.34383103251457214,0.0013066935644019395,0.15055715944617987
1416,8.380466169910505e-07,0.0007563870749436319,0.0003065866185352206,0.5247253179550171,0.29254499077796936,0.41052621603012085,0.00012879272981081158,1.6868107195477933e-06,5.448918045658502e-07,0.02563990093767643,0.010999318212270737,0.09973838925361633,0.11766748130321503,0.05543594807386398,0.08427488803863525,0.06785175949335098,0.03356696292757988,0.08337907493114471,0.0782485157251358,0.42577722668647766,0.15599706768989563,0.02036602422595024,0.04540776461362839,0.00019342516316100955,0.0034897050354629755,0.5227024555206299,0.0011949309846386313,0.00455489894375205,0.0046277036890387535,0.0021447930485010147,0.002588438568636775,0.0028813593089580536,0.009047968313097954,0.000830559351015836,0.0272816214710474,0.04058880731463432,0.019738728180527687,0.010322392918169498,0.010446377098560333,0.00021652132272720337,0.003740649903193116,0.0027464295271784067,0.002198152244091034,0.01381260622292757,0.0013964520767331123,0.0008985638269223273,0.005052238702774048,0.0035175438970327377,0.004992490168660879,0.0034897776786237955,2.2704437014908763e-06,1.6343502693416667e-06,0.0011475079518277198,0.5237138867378235,0.0005314868467394263,0.17673170527753732
1419,1.4049039691599319e-06,0.001144837005995214,0.0003715906641446054,0.5213292241096497,0.19038137793540955,0.3641483783721924,0.0002291734708705917,1.4860055443932652e-06,7.87893100095971e-07,0.021102003753185272,0.010426231659948826,0.08460571616888046,0.09396103024482727,0.0492347814142704,0.08581316471099854,0.07203934341669083,0.03199944645166397,0.0948999673128128,0.09257940948009491,0.3660641014575958,0.150273397564888,0.022676214575767517,0.040587812662124634,0.0004326124908402562,0.0028140817303210497,0.39353084564208984,0.0004769571532960981,0.007226626388728619,0.010491041466593742,0.0022309781052172184,0.0015381354605779052,0.0017401102231815457,0.00465678283944726,0.0005644381744787097,0.04748637601733208,0.08047410845756531,0.08490840345621109,0.02452278882265091,0.0018197846366092563,0.0002657263830769807,0.0042787957936525345,0.004345521330833435,0.0014097252860665321,0.011420180089771748,0.010631099343299866,0.006978736259043217,0.011158667504787445,0.00839503575116396,0.01327447034418583,0.008448234759271145,2.005826218010043e-06,1.907644218590576e-06,0.008804917801171541,0.45743003487586975,0.0007582138350699097,0.17486915659780303
1422,2.1840705812792294e-06,0.0019007535884156823,0.0005691265105269849,0.47489917278289795,0.15242403745651245,0.3511694669723511,0.0002830617595463991,2.1746761831309414e-06,9.91220872492704e-07,0.01798173040151596,0.008510964922606945,0.10260118544101715,0.10904720425605774,0.041971687227487564,0.08043553680181503,0.06333836168050766,0.041809335350990295,0.0744042918086052,0.07459334284067154,0.2985888123512268,0.1281813234090805,0.025791063904762268,0.04460829868912697,0.0003860319557134062,0.0026765104848891497,0.30714845657348633,0.00027721357764676213,0.005565278232097626,0.00687218876555562,0.0009675950859673321,0.010469935834407806,0.009446945041418076,0.0031049747485667467,0.0008889247546903789,0.05179990455508232,0.1040344089269638,0.1031017005443573,0.01575879566371441,0.002015903126448393,0.00013850477989763021,0.012119262479245663,0.003822366241365671,0.004251428879797459,0.02643931470811367,0.004458525683730841,0.0019136101473122835,0.026022648438811302,0.00500265508890152,0.03151999041438103,0.018386244773864746,1.984981054192758e-06,2.6469317617738852e-06,0.003186067915521562,0.39102381467819214,0.0012349400494713336,0.16493868455290794
1425,2.3407285425491864e-06,0.001034145476296544,0.0004990905290469527,0.48200181126594543,0.2755071818828583,0.38243788480758667,0.00017826039402280003,2.7466016945254523e-06,1.1152665138070006e-06,0.024681923910975456,0.011303944513201714,0.10472718626260757,0.10917583853006363,0.0388658307492733,0.08958868682384491,0.07102294266223907,0.0349886380136013,0.06781897693872452,0.08035269379615784,0.3591688871383667,0.1887010633945465,0.021010009571909904,0.039036817848682404,0.00025735585950315,0.0018628111574798822,0.22164198756217957,0.00039403041591867805,0.004590838216245174,0.004803849384188652,0.00032158487010747194,0.01670832931995392,0.020903633907437325,0.0031097799073904753,0.0005357052432373166,0.0451665036380291,0.12685972452163696,0.06689837574958801,0.0065445792861282825,0.009194627404212952,0.0002960344427265227,0.02382923848927021,0.004927300848066807,0.007549566216766834,0.02724638022482395,0.0005000837263651192,0.00016968835552688688,0.007209224626421928,0.004871615674346685,0.018192607909440994,0.009817583486437798,3.2716286568756914e-06,3.1183940336632077e-06,0.00033488604094600305,0.3518218994140625,0.0007666180026717484,0.1732045914977789
1428,2.313791810593102e-06,0.0007641372503712773,0.000297328777378425,0.4893941581249237,0.2924845516681671,0.39244359731674194,0.000151023778016679,3.197322939740843e-06,1.3261519598017912e-06,0.02232111431658268,0.009576339274644852,0.19088655710220337,0.19902554154396057,0.059450142085552216,0.07096939533948898,0.053773459047079086,0.04198421537876129,0.038936540484428406,0.040000561624765396,0.21511387825012207,0.10060638189315796,0.02504737302660942,0.051332853734493256,0.0002284110669279471,0.0021915107499808073,0.32649433612823486,0.00058844278100878,0.004828449804335833,0.004657027777284384,0.0005276041338220239,0.04136913642287254,0.05610433220863342,0.0026361432392150164,0.0008523971773684025,0.034171685576438904,0.07329195737838745,0.044870149344205856,0.010533415712416172,0.005495030432939529,0.00014780633500777185,0.02824787050485611,0.0073491656221449375,0.011904073879122734,0.03801404684782028,0.000444954726845026,0.00022468144015874714,0.007455105427652597,0.009254791773855686,0.01912451721727848,0.011790181510150433,3.255382125644246e-06,3.2094758353196084e-06,0.0003348180835018866,0.4079442471265793,0.0005307330138748512,0.19562254225214323
1431,1.816016151678923e-06,0.0005892037297599018,0.0002512618084438145,0.5414241552352905,0.3028547763824463,0.42321017384529114,0.00013574879267252982,2.6851885195355862e-06,1.2119027132939664e-06,0.017668992280960083,0.00927818939089775,0.16982415318489075,0.17687758803367615,0.07251617312431335,0.06221921369433403,0.04381704702973366,0.049170881509780884,0.04286250099539757,0.04621024802327156,0.21455194056034088,0.11844885349273682,0.03076295740902424,0.05227183923125267,0.00017957914678845555,0.0027257511392235756,0.35114631056785583,0.0006539240130223334,0.004850203637033701,0.004220713395625353,0.0005156976403668523,0.018488742411136627,0.02031872794032097,0.002565222792327404,0.0006357164238579571,0.03203660622239113,0.0763678327202797,0.05444180592894554,0.0086668087169528,0.00865723192691803,0.0002734707377385348,0.027209969237446785,0.006266264244914055,0.01358854677528143,0.03269405663013458,0.0003203321830369532,0.00012798950774595141,0.0074068233370780945,0.003542377147823572,0.013770481571555138,0.008579428307712078,2.8245094654266723e-06,2.125836317645735e-06,0.0002241608453914523,0.4462852329015732,0.00042023276910185814,0.19341054186224937
1434,1.38921063808084e-06,0.0006883967434987426,0.00018525808991398662,0.5697163343429565,0.28390419483184814,0.46903562545776367,0.00010034378647105768,1.6914144680413301e-06,1.148825504060369e-06,0.021461989730596542,0.010520882904529572,0.11660858988761902,0.131827250123024,0.044381726533174515,0.09064986556768417,0.07282540947198868,0.029364731162786484,0.061662591993808746,0.06830725818872452,0.28674161434173584,0.12735724449157715,0.026854410767555237,0.04912196099758148,0.00013003095227759331,0.003981226589530706,0.31680938601493835,0.0006321097607724369,0.005578361451625824,0.0035965286660939455,0.00028569388086907566,0.006297184620052576,0.007688636891543865,0.0025580490473657846,0.000528134114574641,0.027159767225384712,0.07733117789030075,0.042458318173885345,0.004439183976501226,0.02505076676607132,0.0004677384567912668,0.02976342663168907,0.010943927802145481,0.010263568721711636,0.014394812285900116,6.632614531554282e-05,2.1017083781771362e-05,0.0025073073338717222,0.001746414229273796,0.003208018373697996,0.0016088309930637479,3.3171231734741013e-06,1.5332186649175128e-06,4.367161454865709e-05,0.44326286017894745,0.0004368274167063646,0.19456738528485099
1437,1.5710846810179646e-06,0.0005682703922502697,0.0002573011443018913,0.56645667552948,0.32484006881713867,0.42806363105773926,9.409519407199696e-05,2.4380381091759773e-06,1.2316990023464314e-06,0.02673061192035675,0.009723088704049587,0.09118525683879852,0.10411325842142105,0.0404382161796093,0.10567330569028854,0.08457668870687485,0.02150437794625759,0.07495453208684921,0.08454310148954391,0.35332465171813965,0.12031710147857666,0.022849613800644875,0.05195020139217377,0.00012742009130306542,0.0032301885075867176,0.30241158604621887,0.0008662389009259641,0.00518768560141325,0.0032078551594167948,0.00024643319193273783,0.009877920150756836,0.0118575943633914,0.004415737930685282,0.00037266346043907106,0.029568450525403023,0.08395353704690933,0.04004945978522301,0.003447550116106868,0.046072784811258316,0.0007222118438221514,0.029908400028944016,0.006766878999769688,0.010333729907870293,0.01801595836877823,6.194218440214172e-05,1.8784408894134685e-05,0.0031048483215272427,0.0018913163803517818,0.00287827430292964,0.001538301701657474,4.29837018600665e-06,1.6952709529505228e-06,4.03632966481382e-05,0.4344341307878494,0.0004127857682760805,0.19606406334787607
1440,2.005766873480752e-06,0.0013526086695492268,0.0006627091206610203,0.47699835896492004,0.20311500132083893,0.33577942848205566,0.00010743784514488652,2.5038957573997322e-06,1.112729478336405e-06,0.030123092234134674,0.017190400511026382,0.07603076845407486,0.0897945910692215,0.028911828994750977,0.12245636433362961,0.10719926655292511,0.0189505685120821,0.08489508926868439,0.09191916137933731,0.4382596015930176,0.14708109200000763,0.020208194851875305,0.02904757857322693,0.00011181834270246327,0.004035939462482929,0.29842260479927063,0.0006760654505342245,0.0049881949089467525,0.0027688764967024326,0.00023225281620398164,0.01890624314546585,0.01785896345973015,0.0034313222859054804,0.00045342856901697814,0.02486203797161579,0.06620898097753525,0.04599166661500931,0.0034246514551341534,0.03928239271044731,0.0005125761381350458,0.038561102002859116,0.00727118132635951,0.015341322869062424,0.0236800666898489,5.243976193014532e-05,1.3873404896003194e-05,0.007060691714286804,0.001497640390880406,0.0026825745590031147,0.0015901649603620172,4.155367150815437e-06,1.912812422233401e-06,3.315658341307426e-05,0.38771048188209534,0.0010076588951051235,0.17125452185670534
1443,1.5102591532922816e-06,0.0012238548370078206,0.0007666361052542925,0.4282504618167877,0.2602108418941498,0.356428861618042,8.846778655424714e-05,2.3112179405870847e-06,9.74811769083317e-07,0.031242474913597107,0.015765326097607613,0.10406805574893951,0.11313509196043015,0.019981058314442635,0.16258098185062408,0.1484590768814087,0.014110243879258633,0.06372664868831635,0.07714200764894485,0.3547823131084442,0.1776246577501297,0.019275391474366188,0.034806206822395325,0.00010376541467849165,0.002224525436758995,0.3201887309551239,0.0012131487019360065,0.00441267853602767,0.00283453450538218,0.0001726650370983407,0.012848788872361183,0.013971362262964249,0.004727191757410765,0.000658615434076637,0.021940771490335464,0.06300521641969681,0.02868466079235077,0.002191274194046855,0.06877584755420685,0.00036523432936519384,0.027020294219255447,0.005592954810708761,0.00945980940014124,0.02078578993678093,4.493788947002031e-05,1.1820065992651507e-05,0.004888881929218769,0.0016523674130439758,0.002856819424778223,0.00152520090341568,3.981304871558677e-06,1.8190339687862433e-06,2.8378977731335908e-05,0.3742195963859558,0.0009952454711310565,0.15169020431737104
1446,1.4142049167276127e-06,0.0009671016014181077,0.0005365911056287587,0.4639420211315155,0.28425341844558716,0.3860836923122406,9.593302820576355e-05,2.336110355827259e-06,1.0402100087958388e-06,0.025180600583553314,0.012764588929712772,0.09404776990413666,0.10560969263315201,0.02586498111486435,0.14222575724124908,0.12366291880607605,0.015861380845308304,0.06969858705997467,0.08198607712984085,0.32780730724334717,0.13699501752853394,0.023658838123083115,0.0420152023434639,0.00011935841757804155,0.002001639921218157,0.30890050530433655,0.0013388142688199878,0.004110041074454784,0.0028029705863445997,0.00018706255650613457,0.01208528969436884,0.012442871928215027,0.005211058538407087,0.0005073960637673736,0.028542257845401764,0.07935736328363419,0.033253755420446396,0.0024665899109095335,0.060728371143341064,0.0004856786399614066,0.025293583050370216,0.005798292811959982,0.008261785842478275,0.020782748237252235,5.590624641627073e-05,1.5092558896867558e-05,0.005974306724965572,0.001600767602212727,0.0032041689846664667,0.0017494822386652231,4.400151738082059e-06,1.6530794937352766e-06,3.5499402656569146e-05,0.386421263217926,0.0007518463535234332,0.16282339425136647
1449,1.7098417401939514e-06,0.0005495360237546265,0.0003444116155151278,0.5428285002708435,0.3410317301750183,0.4014294147491455,9.311005851486698e-05,2.5545568860252388e-06,1.1469503533589887e-06,0.02532087080180645,0.012179771438241005,0.09177947789430618,0.10855402797460556,0.0354071669280529,0.12189933657646179,0.10071533918380737,0.01743071898818016,0.07238205522298813,0.0766950324177742,0.36065220832824707,0.10644218325614929,0.025107495486736298,0.04073519632220268,0.00012737890938296914,0.0016607603756710887,0.2788670063018799,0.0013039868790656328,0.004788517951965332,0.0026701397728174925,0.00023989012697711587,0.011996325105428696,0.013671860098838806,0.00533565878868103,0.00027858337853103876,0.029459169134497643,0.08449535816907883,0.04381406307220459,0.0038607751484960318,0.043938957154750824,0.0010019777109846473,0.02776801399886608,0.0062227132730185986,0.009953226894140244,0.022501207888126373,7.229857874335721e-05,2.4421158741461113e-05,0.003717460436746478,0.002274403814226389,0.003587256884202361,0.0023246940691024065,4.823985818802612e-06,1.6848927089085919e-06,4.835986874240916e-05,0.4108477532863617,0.00044697381963487715,0.18949889515837035
1452,1.7209973748322227e-06,0.0010222051059827209,0.00041028790292330086,0.4989953339099884,0.2535277307033539,0.3536083400249481,8.12805665191263e-05,2.458197968735476e-06,1.076018406820367e-06,0.03135388344526291,0.011539730243384838,0.1028028205037117,0.117672398686409,0.02239041216671467,0.1654069572687149,0.14973756670951843,0.011758827604353428,0.06537073105573654,0.0754062607884407,0.37282735109329224,0.12621872127056122,0.018910987302660942,0.045189615339040756,0.0001366142969345674,0.001424318179488182,0.25622326135635376,0.0011517246020957828,0.005917494650930166,0.0030812732875347137,0.00019855302525684237,0.012715899385511875,0.016314953565597534,0.005755202379077673,0.00029838888440281153,0.02339158207178116,0.07020790129899979,0.03771081939339638,0.003013416426256299,0.04835563898086548,0.0008044964051805437,0.02597125433385372,0.0068132467567920685,0.0071205757558345795,0.016506751999258995,7.330242078751326e-05,2.4103048417600803e-05,0.0033618404995650053,0.002785659162327647,0.0024769562296569347,0.001471850322559476,4.072303454449866e-06,1.8362161426921375e-06,4.870273460255703e-05,0.3776092976331711,0.0007162465044530109,0.17600872895369926
1455,2.164203351640026e-06,0.0014870768645778298,0.0005550720961764455,0.5081290602684021,0.20392201840877533,0.33114561438560486,9.004447201732546e-05,2.7988457986793946e-06,1.0317597798348288e-06,0.03675343841314316,0.011862986721098423,0.06840072572231293,0.07994049042463303,0.024102283641695976,0.13581886887550354,0.11853743344545364,0.01769109070301056,0.09571954607963562,0.11110875755548477,0.4821852743625641,0.12636612355709076,0.01620856486260891,0.040352314710617065,0.00013297356781549752,0.0018554447451606393,0.2331255078315735,0.0008033820777200162,0.005228499416261911,0.0024285137187689543,0.00019146435079164803,0.01701887883245945,0.020335977897047997,0.0058440868742764,0.00030793558107689023,0.02451818808913231,0.06895975023508072,0.035536639392375946,0.003002385376021266,0.056537143886089325,0.0007741234148852527,0.031619299203157425,0.005698486231267452,0.009491355158388615,0.01943640224635601,5.9055786550743505e-05,1.917997360578738e-05,0.003696307074278593,0.002719523850828409,0.0027358357328921556,0.0016973135061562061,4.155981059739133e-06,2.0636919089156436e-06,3.9117880078265443e-05,0.3706272840499878,0.0010210744803771377,0.1818279723326365
1458,1.9801955204457045e-06,0.0010575669584795833,0.00042026705341413617,0.550636887550354,0.24410346150398254,0.3607316315174103,8.745919330976903e-05,2.8815366022172384e-06,1.0236076377623249e-06,0.033067453652620316,0.011201146058738232,0.0743904858827591,0.08723214268684387,0.02811952494084835,0.1240081861615181,0.10461721569299698,0.020164938643574715,0.08892881870269775,0.10080554336309433,0.4515891969203949,0.11408548057079315,0.01795548014342785,0.04290428385138512,0.0001313415268668905,0.0017661452293395996,0.2329171895980835,0.0008420796948485076,0.004910451825708151,0.0021517262794077396,0.00020965369185432792,0.0163759533315897,0.018774783238768578,0.006364966742694378,0.00024213352298829705,0.02517346478998661,0.06614992767572403,0.03549797087907791,0.0031796880066394806,0.05565356835722923,0.0010765889892354608,0.028630776330828667,0.00557488389313221,0.009064584039151669,0.020999150350689888,6.232679152162746e-05,2.112496986228507e-05,0.004149424843490124,0.002682744525372982,0.003051852574571967,0.002009505173191428,4.317379080021055e-06,1.916080691444222e-06,4.172588069195626e-05,0.39177703857421875,0.0007389170059468597,0.19526254137357077
1461,1.8963924048875924e-06,0.0008316090097650886,0.00036165694473311305,0.5514434576034546,0.28526291251182556,0.3949926495552063,7.812370313331485e-05,2.7924204459850444e-06,1.014963004308811e-06,0.03998919948935509,0.014862525276839733,0.09271402657032013,0.10844194889068604,0.03009261190891266,0.12811368703842163,0.10656941682100296,0.018448760733008385,0.07264817506074905,0.08178392052650452,0.448693186044693,0.12680043280124664,0.015836961567401886,0.035646963864564896,0.00012821720156352967,0.001261254888959229,0.2109125703573227,0.001021976233460009,0.005844862665981054,0.002393160481005907,0.00016982803936116397,0.01450748648494482,0.017752980813384056,0.007156891282647848,0.00034300441620871425,0.019266881048679352,0.05565726384520531,0.03437712788581848,0.0029670929070562124,0.0697346180677414,0.0007908323314040899,0.029580919072031975,0.005867672152817249,0.007997231557965279,0.017543230205774307,5.982804941595532e-05,1.974530823645182e-05,0.0036638653837144375,0.002944628009572625,0.002389158820733428,0.0014484265120700002,4.142337729717838e-06,1.7887605281430297e-06,3.978667882620357e-05,0.38117801398038864,0.0005966329772491008,0.19456797496726116
1464,3.5750879305851413e-06,0.0033331853337585926,0.0007936311303637922,0.34571218490600586,0.16194941103458405,0.37769103050231934,9.395639062859118e-05,3.556025149009656e-06,1.203230908686237e-06,0.03309715539216995,0.013354149647057056,0.07017730176448822,0.08579903095960617,0.033410392701625824,0.10600142925977707,0.08595193177461624,0.027217909693717957,0.09755200892686844,0.10898074507713318,0.486996054649353,0.13600580394268036,0.017594726756215096,0.03621578961610794,0.00011806759721366689,0.0019043817883357406,0.1878386288881302,0.0005797779886052012,0.007216907572001219,0.003992375452071428,8.256665751105174e-05,0.02215028554201126,0.026763128116726875,0.010204631835222244,0.00042096831020899117,0.009876694530248642,0.04274479299783707,0.038586389273405075,0.0011516825761646032,0.13639017939567566,0.0007521434454247355,0.03393133729696274,0.003532851580530405,0.013179655186831951,0.03186681494116783,8.023522968869656e-05,1.637906643736642e-05,0.005787882953882217,0.0022506839595735073,0.0035943847615271807,0.0016027138335630298,4.346148216427537e-06,2.7544160730030853e-06,4.830714806303149e-05,0.266775406897068,0.0020634082320611924,0.131541866188248
1467,2.478421038176748e-06,0.0025639066006988287,0.0004367617657408118,0.37486982345581055,0.21343711018562317,0.4467397928237915,7.241057028295472e-05,2.4912387743825093e-06,1.062717046806938e-06,0.020549312233924866,0.00866082962602377,0.07371390610933304,0.0952351987361908,0.0401153527200222,0.0972040519118309,0.07662501186132431,0.027541154995560646,0.08896011114120483,0.09724500775337219,0.3647286295890808,0.09436264634132385,0.024851571768522263,0.054927486926317215,9.579690231475979e-05,0.0017467086436226964,0.18230512738227844,0.0006384353036992252,0.00790958572179079,0.0024771918542683125,0.00011404438555473462,0.012272155843675137,0.01371413841843605,0.008579395711421967,0.00043782580178231,0.009591858834028244,0.03383710980415344,0.03124016895890236,0.0015386482700705528,0.1273575872182846,0.0009050515363924205,0.034186962991952896,0.005034764297306538,0.011262998916208744,0.021721988916397095,5.6315213441848755e-05,1.3723210940952413e-05,0.0038016634061932564,0.0015700692310929298,0.002048410475254059,0.0010564536787569523,3.4971874356415356e-06,1.7846182345238049e-06,3.5019212191400584e-05,0.2785874754190445,0.0015003341832198203,0.1336187059059739
1470,1.589447833794111e-06,0.0031473853159695864,0.0009040439035743475,0.32761162519454956,0.19654293358325958,0.3618195056915283,3.657202614704147e-05,1.2856322655352415e-06,9.186759371004882e-07,0.04417525231838226,0.021568283438682556,0.08112186938524246,0.09539244323968887,0.025386979803442955,0.1372600942850113,0.12788695096969604,0.016473259776830673,0.08403125405311584,0.09417054802179337,0.49762648344039917,0.2435949444770813,0.012419655919075012,0.026342954486608505,6.573796417796984e-05,0.003975720144808292,0.20144805312156677,0.0007456394378095865,0.010127585381269455,0.006649463437497616,0.00023200738360174,0.000524010683875531,0.0007588858716189861,0.01421243604272604,0.001662260154262185,0.005831771995872259,0.02010919712483883,0.013836736790835857,0.0010264453012496233,0.4442797303199768,0.000530193792656064,0.050031717866659164,0.015170808881521225,0.0078666927292943,0.006863882299512625,5.979695743008051e-06,1.4361862668010872e-06,0.00026240540319122374,0.00043573579750955105,0.0002839399385266006,0.00010804225166793913,2.3422692265739897e-06,9.712825885799248e-07,3.707941004904569e-06,0.26452983915805817,0.002025714609771967,0.10963150725001469
1473,1.6435047882623621e-06,0.0022833398543298244,0.0007808937225490808,0.3813854455947876,0.25266924500465393,0.4083482623100281,2.4738730644457974e-05,1.4523357094731182e-06,9.367737447973923e-07,0.02260776050388813,0.010725333355367184,0.06071046367287636,0.06174996867775917,0.04118353873491287,0.10020540654659271,0.07988595217466354,0.027868229895830154,0.11539281159639359,0.14425097405910492,0.35211682319641113,0.2110259234905243,0.021731805056333542,0.05008254945278168,4.601088221534155e-05,0.0033295992761850357,0.0760934129357338,0.00030710792634636164,0.007292740046977997,0.002980172634124756,7.269936031661928e-05,0.0016814084956422448,0.002024707617238164,0.008744871243834496,0.0012625398812815547,0.0018660982605069876,0.006998714059591293,0.015750359743833542,0.0005468237795867026,0.6472676992416382,0.0010679691331461072,0.04058634117245674,0.00814563874155283,0.014302576892077923,0.009216851554811,6.065989055059617e-06,1.0164460491068894e-06,0.0010787149658426642,0.00042960798600688577,0.00020706630311906338,7.589939923491329e-05,3.060643393837381e-06,7.477971166736097e-07,3.5412175520832534e-06,0.2287394292652607,0.0015321167884394526,0.128363853902556
1476,1.6657776313877548e-06,0.0034508577082306147,0.0016394787235185504,0.2956748306751251,0.1909698098897934,0.32706624269485474,5.815229087602347e-05,1.2052234978909837e-06,8.45107763325359e-07,0.016229644417762756,0.011364804580807686,0.046383004635572433,0.04432600364089012,0.05731608718633652,0.0610969252884388,0.04612470045685768,0.051778677850961685,0.14209143817424774,0.1717323362827301,0.3358982801437378,0.26019906997680664,0.027382375672459602,0.03609196096658707,7.869757246226072e-05,0.002816547406837344,0.4037785530090332,0.0026976705994457006,0.005421063397079706,0.010562995448708534,0.000488467572722584,0.0002613410179037601,0.00033412629272788763,0.010669954121112823,0.002834878396242857,0.013254441320896149,0.039898231625556946,0.019475698471069336,0.002572045661509037,0.17020326852798462,0.00025826608180068433,0.02663233131170273,0.011423389427363873,0.008942876942455769,0.013129448518157005,1.621959927433636e-05,5.062995569460327e-06,0.0003191068535670638,0.0004006575036328286,0.0012915714178234339,0.0004980991361662745,2.0757142920047045e-06,9.39115523124201e-07,1.0641297421898344e-05,0.34972669184207916,0.0025451682158745825,0.09875676599525225
1479,2.939767909992952e-06,0.030561959370970726,0.011055746115744114,0.07491780817508698,0.07834526151418686,0.20095843076705933,2.2683969291392714e-05,9.491991477261763e-07,8.603709602539311e-07,0.02617562562227249,0.019134482368826866,0.04699210822582245,0.04834311082959175,0.035016726702451706,0.08552277088165283,0.07472669333219528,0.04168785735964775,0.1514246165752411,0.17425437271595,0.4359017014503479,0.30034101009368896,0.02002980187535286,0.027634676545858383,3.581793134799227e-05,0.001861539320088923,0.04118707776069641,0.00025107161491177976,0.00951407477259636,0.004293488338589668,0.00012656988110393286,0.00177301827352494,0.0025475905276834965,0.0035920734517276287,0.0014024869306012988,0.0009161488269455731,0.0034574230667203665,0.01684207282960415,0.0009284511324949563,0.7428673505783081,0.0009987615048885345,0.11725914478302002,0.009676841087639332,0.034731052815914154,0.0048366873525083065,2.8078231935069198e-06,5.791781063635426e-07,0.00043195008765906096,0.0004918195772916079,4.8292058636434376e-05,1.8031862055067904e-05,1.8490103457224905e-06,9.347559739580902e-07,1.6935006499352312e-06,0.05805244296789169,0.02080885274335742,0.026412805658765137
1482,1.879156457107456e-06,0.015931354835629463,0.0073736426420509815,0.13762545585632324,0.10669893026351929,0.21577586233615875,2.3167232939158566e-05,1.084589143829362e-06,7.481230568373576e-07,0.019301576539874077,0.01303933560848236,0.048573825508356094,0.04889054223895073,0.04239356145262718,0.07251705229282379,0.05898997560143471,0.046980906277894974,0.1422502100467682,0.1626349687576294,0.3840007483959198,0.27268028259277344,0.024753710255026817,0.04116319119930267,4.232319042785093e-05,0.003349420614540577,0.10190752893686295,0.0005985432653687894,0.009145976044237614,0.0027539217844605446,0.00017464255506638438,0.0004207031161058694,0.0005375780747272074,0.0156484954059124,0.002016181591898203,0.002413812791928649,0.006959668360650539,0.006172729656100273,0.0006148052052594721,0.8537678122520447,0.0009199852938763797,0.07052892446517944,0.019802898168563843,0.01068038772791624,0.004693733993917704,1.281724621549074e-06,2.8784913297386083e-07,0.00019939841877203435,0.0001982316462090239,6.660521466983482e-05,2.8464195565902628e-05,1.8645557702257065e-06,7.872216087889683e-07,7.847868772614675e-07,0.1197664923965931,0.011652498738840222,0.04619457901571877
1485,1.0642474990163464e-06,0.004492101725190878,0.0018238280899822712,0.2945786416530609,0.19804581999778748,0.3249024450778961,2.29133202083176e-05,1.2355861827018089e-06,6.225839683793311e-07,0.01653144136071205,0.011248373426496983,0.08219124376773834,0.0871242955327034,0.05120338127017021,0.06971834599971771,0.05267583951354027,0.04713795706629753,0.08379106223583221,0.09649406373500824,0.2902172803878784,0.1865510493516922,0.029111256822943687,0.053832072764635086,4.0947881643660367e-05,0.00340489624068141,0.16885806620121002,0.001173858530819416,0.0069234780967235565,0.001919211121276021,0.0003037792048417032,0.00029036260093562305,0.00031231791945174336,0.025003662332892418,0.001947730896063149,0.004096202086657286,0.009639973752200603,0.0031716772355139256,0.0005591100198216736,0.8670327663421631,0.001078010885976255,0.06109466031193733,0.026363566517829895,0.008333655074238777,0.007018668111413717,7.747154313619831e-07,2.0272408107757656e-07,0.00014377565821632743,0.000100966717582196,0.00013143774413038045,7.53518907004036e-05,1.9049589354835916e-06,5.689233830707963e-07,4.887197562197798e-07,0.23171835392713547,0.0031579649075865746,0.09839377405781609
1488,1.7810866665968206e-06,0.002091081580147147,0.0005210039671510458,0.42038047313690186,0.2330651581287384,0.433141827583313,3.340889816172421e-05,1.9929211703129113e-06,9.935263278748607e-07,0.014512988738715649,0.008192392066121101,0.07977933436632156,0.0921567901968956,0.04822061210870743,0.07561111450195312,0.05874398350715637,0.039860598742961884,0.08390957117080688,0.09413816779851913,0.334676057100296,0.12997080385684967,0.03404760733246803,0.06448708474636078,3.931726678274572e-05,0.004846418742090464,0.29521188139915466,0.001379028195515275,0.007627531886100769,0.0027543893083930016,0.00019444887584540993,0.00114103511441499,0.0013808319345116615,0.013727450743317604,0.0013642559060826898,0.004034448880702257,0.012620462104678154,0.007120993919670582,0.0006838356493972242,0.6118395328521729,0.000919116719160229,0.04751653969287872,0.013208376243710518,0.020964080467820168,0.01626048982143402,2.30264868150698e-06,5.341703968042566e-07,0.00030940613942220807,0.0002881728287320584,0.0004896228201687336,0.00021300328080542386,2.8036436106049223e-06,9.2123860895299e-07,1.4184095391556184e-06,0.35779617726802826,0.0013060427736490965,0.1409674467286095
1491,1.6400508684455417e-06,0.0028392840176820755,0.0004997446667402983,0.3503221869468689,0.196661576628685,0.42338043451309204,3.4958618925884366e-05,1.6406296481363825e-06,7.931438972264004e-07,0.020202314481139183,0.014590364880859852,0.11418129503726959,0.1355871856212616,0.0383446142077446,0.09685901552438736,0.08134306222200394,0.027900192886590958,0.05889974907040596,0.06377788633108139,0.32609760761260986,0.14808276295661926,0.02443055622279644,0.038701921701431274,4.1127786971628666e-05,0.003936142195016146,0.3065708875656128,0.0013276443351060152,0.00872668344527483,0.0036303868982940912,0.00031282956479117274,0.0009268103167414665,0.001119379187002778,0.009496103972196579,0.0010611567413434386,0.003785097971558571,0.012324968352913857,0.010255254805088043,0.0010875730076804757,0.42742154002189636,0.0010322729358449578,0.04552057012915611,0.01282939501106739,0.022566651925444603,0.018286729231476784,4.5463871174433734e-06,1.1783638456108747e-06,0.00030467775650322437,0.00030979749863035977,0.0005966033786535263,0.00028806296177208424,2.456714355503209e-06,8.995824600788183e-07,2.862375481527124e-06,0.32844653725624084,0.0016695143422111869,0.11745612548353772
1494,1.8455821191309951e-06,0.0024205842055380344,0.0006339394021779299,0.35688406229019165,0.2233426421880722,0.40249162912368774,4.7832254495006055e-05,1.5340552863563062e-06,6.892860255902633e-07,0.020604444667696953,0.014940747059881687,0.061274733394384384,0.0766807347536087,0.028530770912766457,0.11437984555959702,0.10486818104982376,0.02312031388282776,0.10482656955718994,0.113075390458107,0.4228971004486084,0.15217214822769165,0.023862242698669434,0.0308696236461401,4.838655877392739e-05,0.0036653070710599422,0.30946266651153564,0.001094522187486291,0.008406305685639381,0.0038945286069065332,0.0003721408429555595,0.0009108950034715235,0.001030075247399509,0.009840801358222961,0.0011266452493146062,0.0055166385136544704,0.015520432963967323,0.015290357172489166,0.0015978013398125768,0.2742595076560974,0.0007926920661702752,0.03429156169295311,0.007817815989255905,0.019335709512233734,0.01890784688293934,1.219108253280865e-05,3.347232905070996e-06,0.00050681724678725,0.00041328539373353124,0.0011897898511961102,0.0005755018210038543,2.523442617530236e-06,9.117301260630484e-07,7.769157718939823e-06,0.33317336440086365,0.0015272618038579822,0.11960834418035422
1497,2.0718480300274678e-06,0.0021257572807371616,0.0005650820094160736,0.3947741687297821,0.21347160637378693,0.40084415674209595,6.06522080488503e-05,1.9124331629427616e-06,9.200796853292559e-07,0.018277231603860855,0.01290662121027708,0.07322809845209122,0.0859895646572113,0.03995417058467865,0.08347684890031815,0.06840299069881439,0.03801785409450531,0.09180541336536407,0.10523539036512375,0.37359145283699036,0.15680183470249176,0.02647995576262474,0.03748992085456848,6.1018276028335094e-05,0.003973060753196478,0.29819339513778687,0.0009862268343567848,0.007664492819458246,0.004410629626363516,0.0002555966784711927,0.0015165955992415547,0.001693724887445569,0.008242987096309662,0.000702177407220006,0.007156921550631523,0.02445906773209572,0.02540699951350689,0.0016003333730623126,0.22048306465148926,0.001053527113981545,0.04016272723674774,0.007420782931149006,0.020457005128264427,0.021064085885882378,1.6916623280849308e-05,3.987810487160459e-06,0.0008438568911515176,0.00048494103248231113,0.00134059670381248,0.0005711608100682497,2.6583131784718717e-06,1.1591672546273912e-06,1.0452216884004883e-05,0.3464837819337845,0.0013454196450766176,0.13266149640548974
1500,2.318808355994406e-06,0.0017306420486420393,0.00042934066732414067,0.44609659910202026,0.24231944978237152,0.4226244390010834,5.166541814105585e-05,2.041677134911879e-06,1.0474581131347804e-06,0.024525489658117294,0.015375885181128979,0.08903466910123825,0.09851515293121338,0.02952103316783905,0.10152675211429596,0.08818824589252472,0.03101503476500511,0.07819506525993347,0.09458640962839127,0.37591344118118286,0.18905669450759888,0.020217277109622955,0.03530394285917282,5.2841311116935685e-05,0.003490388160571456,0.2693938612937927,0.0010600817622616887,0.009680474177002907,0.00542689673602581,0.00019865356443915516,0.0016317353583872318,0.002087277127429843,0.007344251498579979,0.0007248921319842339,0.004677383229136467,0.017870018258690834,0.025756873190402985,0.001299699884839356,0.28435733914375305,0.0010861684568226337,0.05734306573867798,0.009848568588495255,0.026039278134703636,0.019086794927716255,1.0104085049533751e-05,2.1876790015085135e-06,0.0006079026497900486,0.0005173720419406891,0.0008069133618846536,0.00030931615037843585,2.434369662296376e-06,1.1947580560445203e-06,6.145882025521132e-06,0.3577452301979065,0.00107999135798309,0.14993853719594577
1503,3.793694531850633e-06,0.0021615216974169016,0.000614335760474205,0.4396403431892395,0.21303404867649078,0.36574459075927734,5.460926695377566e-05,2.467129661454237e-06,1.4668174799226108e-06,0.021866554394364357,0.014030243270099163,0.0912334993481636,0.10408704727888107,0.040930941700935364,0.07236595451831818,0.06333111971616745,0.04545876383781433,0.07351764291524887,0.08562950044870377,0.351965993642807,0.13784430921077728,0.02337259240448475,0.03569412976503372,4.3778934923466295e-05,0.0034116015303879976,0.25400441884994507,0.0008316494058817625,0.010950803756713867,0.006105687934905291,0.0001239355915458873,0.003414361970499158,0.004789654165506363,0.005437248386442661,0.0005717379390262067,0.0034812281373888254,0.015773942694067955,0.03682134300470352,0.0012368684401735663,0.2653946280479431,0.0015469057252630591,0.08751698583364487,0.009490924887359142,0.061407528817653656,0.03139305114746094,9.497465725871734e-06,1.8992611785506597e-06,0.0006897426210343838,0.0007685335003770888,0.0014706565998494625,0.0005161202279850841,2.8368679068080382e-06,1.5525675962635432e-06,5.698363452211197e-06,0.3468223810195923,0.0013879287289455533,0.149281453108415
1506,2.2575020466319984e-06,0.0012212669244036078,0.0002665312495082617,0.492091566324234,0.291862428188324,0.4870787560939789,5.684672578354366e-05,2.2000840544933453e-06,1.2116693142161239e-06,0.024973254650831223,0.012747403234243393,0.09979523718357086,0.1157585009932518,0.03375795856118202,0.09748303890228271,0.08192367851734161,0.0307303499430418,0.06773269921541214,0.07736901938915253,0.3535803258419037,0.12812817096710205,0.023009387776255608,0.040593937039375305,5.843853796250187e-05,0.0035981691908091307,0.2816704213619232,0.0010184241691604257,0.0066040558740496635,0.004273450467735529,0.00015054155664984137,0.0041770050302147865,0.005511466413736343,0.006451668683439493,0.0014564734883606434,0.007450418081134558,0.02473256178200245,0.019423706457018852,0.001383502036333084,0.23154649138450623,0.000399098003981635,0.05974631756544113,0.00905685219913721,0.029169008135795593,0.024809638038277626,9.298240001953673e-06,2.1746823222201783e-06,0.0008592210942879319,0.0008253314881585538,0.0015880090650171041,0.0006296859355643392,3.266110752520035e-06,1.3431397292151814e-06,5.7364611620869255e-06,0.3868809938430786,0.0007438990869559348,0.16726001258939505
1509,2.145858843505266e-06,0.0019833699334412813,0.0003655131731647998,0.44809550046920776,0.22602041065692902,0.44031473994255066,5.187563147046603e-05,2.1235505300865043e-06,1.1101602694907342e-06,0.020532146096229553,0.011283141560852528,0.10059117525815964,0.11607486754655838,0.037861067801713943,0.09278957545757294,0.07559485733509064,0.030983053147792816,0.06748341023921967,0.07806390523910522,0.3480057716369629,0.14599929749965668,0.026061423122882843,0.04527510330080986,5.9038047766080126e-05,0.0038543017581105232,0.28586411476135254,0.0009714094339869916,0.007111364509910345,0.004155125468969345,0.00016875972505658865,0.0031184544786810875,0.004043429624289274,0.007803695742040873,0.0016411360120400786,0.0068648927845060825,0.022666560485959053,0.01597558706998825,0.001267516054213047,0.266367644071579,0.00036245823139324784,0.05273200571537018,0.00868191011250019,0.02338070422410965,0.021130353212356567,9.545273314870428e-06,2.2735355287295533e-06,0.0007965367403812706,0.0007207734743133187,0.0013661835109815001,0.0005520130507647991,2.7827197754959343e-06,1.2814116416848265e-06,5.909404421799991e-06,0.36697980761528015,0.0011744415533030406,0.15175246152405938
1512,2.271845005452633e-06,0.0013918085023760796,0.0003845391038339585,0.46519821882247925,0.2591370940208435,0.4203355014324188,4.793632615474053e-05,1.8297533870281768e-06,1.2763624681610963e-06,0.030012821778655052,0.01423005573451519,0.0877770185470581,0.10449562966823578,0.034952253103256226,0.09944605082273483,0.08431626111268997,0.02788712829351425,0.07878488302230835,0.08635569363832474,0.41923069953918457,0.12738263607025146,0.01976797915995121,0.037981048226356506,5.4004751291358843e-05,0.003319022012874484,0.26815107464790344,0.0012361523695290089,0.010022301226854324,0.005871444940567017,0.00015898921992629766,0.0020568447653204203,0.003193042939528823,0.006826986558735371,0.0006616839673370123,0.00548564363270998,0.023504171520471573,0.022568311542272568,0.0013245046138763428,0.3156391680240631,0.0010810632957145572,0.06840141117572784,0.011966587975621223,0.02698727697134018,0.013984987512230873,5.697352207789663e-06,1.4055941619517398e-06,0.00035993510391563177,0.0007899853517301381,0.000530774297658354,0.00020508334273472428,3.1658132684242446e-06,1.200996621264494e-06,3.5514731848707015e-06,0.36667464673519135,0.000888173803105019,0.1568160355091095
1515,2.2832373360870406e-06,0.0015588742680847645,0.0004044030501972884,0.439519464969635,0.24322395026683807,0.41815853118896484,4.3453339458210394e-05,2.010211346714641e-06,9.996308563131606e-07,0.04625805467367172,0.022622715681791306,0.09239558130502701,0.11160588264465332,0.02036028541624546,0.1523251235485077,0.14352941513061523,0.01636110432446003,0.07590428739786148,0.08185818046331406,0.4731874167919159,0.16314028203487396,0.01329303253442049,0.02576931193470955,4.7707850171718746e-05,0.002949913265183568,0.276653528213501,0.0015055958647280931,0.010294357314705849,0.004026319831609726,0.00019733079534489661,0.002749523613601923,0.0039631095714867115,0.006130429450422525,0.0006135323783382773,0.0047106812708079815,0.018310638144612312,0.01934131048619747,0.0015551294200122356,0.30315062403678894,0.001115088234655559,0.07132411748170853,0.012635421007871628,0.035300154238939285,0.015944471582770348,4.688874923886033e-06,1.2220614280522568e-06,0.0003693202161230147,0.0007268781191669405,0.0004312083183322102,0.00019738009723369032,3.0666737984574866e-06,1.204222826345358e-06,2.955468175969145e-06,0.358086496591568,0.0009816386591410264,0.14874403271824121
1518,1.5543826066277688e-06,0.000887103087734431,0.0002969364286400378,0.5279765129089355,0.3319007456302643,0.3928770124912262,2.8283744541113265e-05,2.0862403289356735e-06,1.1964706345679588e-06,0.023933541029691696,0.011251353658735752,0.1378161609172821,0.1569211781024933,0.02758640982210636,0.14589692652225494,0.12977007031440735,0.014092357829213142,0.049646731466054916,0.0542525053024292,0.28618812561035156,0.11762385070323944,0.02537340484559536,0.055553536862134933,4.749603976961225e-05,0.00240436103194952,0.2688649594783783,0.002134285867214203,0.008178443647921085,0.0034962412901222706,0.00022131865262053907,0.001396049396134913,0.0023573327343910933,0.011746776290237904,0.0006429259665310383,0.005533167626708746,0.019225986674427986,0.008745388127863407,0.0011596080148592591,0.5147966742515564,0.0015782011905685067,0.06297118961811066,0.015101367607712746,0.021064570173621178,0.01565331406891346,2.6463815174793126e-06,8.881401640792319e-07,0.00017688491789158434,0.0007887682295404375,0.0004488779522944242,0.0002420915407128632,3.3787046049837954e-06,9.157377576229919e-07,1.7672608407792723e-06,0.3984207361936569,0.0005920197581872344,0.1772432983464872
1521,1.3519530739358743e-06,0.0005838616634719074,0.00026829171110875905,0.5517622828483582,0.3643583357334137,0.41623133420944214,3.3276432077400386e-05,2.1762757569376845e-06,1.0082967492053285e-06,0.02203580178320408,0.013961223885416985,0.13159646093845367,0.14319053292274475,0.039918169379234314,0.102446548640728,0.08285365998744965,0.024728924036026,0.05237969011068344,0.060571786016225815,0.3054441213607788,0.16710862517356873,0.025178048759698868,0.04703102633357048,4.468188126338646e-05,0.004331810865551233,0.2950311005115509,0.0015799663960933685,0.00809320155531168,0.003166352165862918,0.0002964770537801087,0.001650301506742835,0.001925694290548563,0.00848615076392889,0.0008420079248026013,0.005104083102196455,0.014960079453885555,0.01220751740038395,0.0013020997866988182,0.4242717921733856,0.0011597510892897844,0.062275491654872894,0.013264204375445843,0.026209181174635887,0.0152778634801507,3.621364612627076e-06,8.819558843242703e-07,0.0004213780630379915,0.0003204225795343518,0.0004240389389451593,0.00020622713782358915,2.5974961772590177e-06,7.986346304278413e-07,2.251660248475673e-06,0.42339669167995453,0.0004260766872903332,0.18511275954854986
1524,1.532905798740103e-06,0.0009254721226170659,0.0003653654712252319,0.44104084372520447,0.3258563280105591,0.4329799711704254,3.9753485907567665e-05,2.0719053281936795e-06,7.548469511675648e-07,0.030215667560696602,0.02019931934773922,0.07667789608240128,0.09005404263734818,0.030210161581635475,0.12408076226711273,0.10904142260551453,0.01857861876487732,0.08741810917854309,0.0992359071969986,0.420513391494751,0.21552947163581848,0.017903173342347145,0.030166661366820335,4.53260654467158e-05,0.002820407273247838,0.30401432514190674,0.0024474358651787043,0.008223087526857853,0.003155864542350173,0.00040526172961108387,0.0014987760223448277,0.0016350549412891269,0.007508697919547558,0.000543211295735091,0.006802481599152088,0.0179011020809412,0.016571778804063797,0.0018872461514547467,0.3221617639064789,0.0015719375805929303,0.05757448077201843,0.013273931108415127,0.0251157246530056,0.013423947617411613,4.811934104509419e-06,1.2335434576016269e-06,0.0004387100343592465,0.0002995115355588496,0.000374196155462414,0.00019552641606424004,2.7945864076173166e-06,8.76366073043755e-07,3.022738781055523e-06,0.3725275844335556,0.0006454187969211489,0.14805822489627948
1527,1.489888063588296e-06,0.0017605534521862864,0.0007306773914024234,0.3855830430984497,0.2390337884426117,0.3633635640144348,4.8536800022702664e-05,1.0601509075058857e-06,8.181821158359526e-07,0.035973988473415375,0.019612489268183708,0.060584139078855515,0.07110640406608582,0.02405254729092121,0.13078998029232025,0.1241074651479721,0.018658267334103584,0.10725530982017517,0.12035893648862839,0.48325082659721375,0.18272511661052704,0.01581551320850849,0.025919785723090172,5.4319087212206796e-05,0.0033541133161634207,0.27744799852371216,0.001653376268222928,0.01113329827785492,0.009437227621674538,0.00043508337694220245,0.0002388166030868888,0.0002962475991807878,0.009791136719286442,0.0008959689876064658,0.006263939663767815,0.020529812201857567,0.028881588950753212,0.001684211427345872,0.3850153386592865,0.00141440168954432,0.05581161007285118,0.02096850983798504,0.012465240433812141,0.0068298750557005405,5.542350208997959e-06,1.1603229950196692e-06,0.00022119398636277765,0.00016590823361184448,0.00022814377734903246,8.132855873554945e-05,2.386672349530272e-06,6.79627532917948e-07,3.3513366020088142e-06,0.33151552081108093,0.001245615421794355,0.12870603576690579
1530,8.416043328907108e-07,0.0009226305992342532,0.00047033661394380033,0.46460410952568054,0.31907394528388977,0.4016003906726837,3.7913974665571004e-05,6.306350428531005e-07,6.105665875111299e-07,0.03919702023267746,0.02372557856142521,0.062455859035253525,0.0739031583070755,0.03261516988277435,0.10894259810447693,0.10408279299736023,0.025149032473564148,0.11585864424705505,0.12312833964824677,0.46970096230506897,0.22370228171348572,0.01589818298816681,0.02547845058143139,7.031915447441861e-05,0.002274127211421728,0.2470436841249466,0.0021041277796030045,0.021070020273327827,0.014032228849828243,0.0011392366141080856,1.755953417159617e-05,2.7513300665304996e-05,0.01706009730696678,0.0007961743976920843,0.005770901218056679,0.01738348789513111,0.01613798923790455,0.001885537407360971,0.6362453699111938,0.0033704934176057577,0.04493765905499458,0.03731466084718704,0.0036038390826433897,0.0017834920436143875,3.4859524475905346e-06,1.157528913608985e-06,3.954744533984922e-05,0.00013489420234691352,6.667226261924952e-05,2.31235953833675e-05,1.6214137303904863e-06,3.184124466315552e-07,2.32174068059976e-06,0.35582389682531357,0.0006964836065890267,0.15488306078683914
1533,9.127958833232697e-07,0.001705915667116642,0.0007771541713736951,0.3852304518222809,0.3074990510940552,0.4324919581413269,1.9993418391095474e-05,4.71007723490402e-07,5.673629175362294e-07,0.03064638189971447,0.021636690944433212,0.06537473946809769,0.07330188155174255,0.03491165488958359,0.11326837539672852,0.11254782229661942,0.0283966101706028,0.12746989727020264,0.12298452854156494,0.4124058187007904,0.23726318776607513,0.02185104228556156,0.03704624995589256,4.3892890971619636e-05,0.0022144331596791744,0.09128839522600174,0.001040139701217413,0.03977008908987045,0.014856808818876743,0.0009883836610242724,6.5871727201738395e-06,1.4117244973022025e-05,0.015149819664657116,0.0030598060693591833,0.0013395061250776052,0.003114953637123108,0.00473002577200532,0.0009617565665394068,0.9639321565628052,0.0030571904499083757,0.09779919683933258,0.0634600818157196,0.0051362402737140656,0.0008112515206448734,5.104054707771866e-07,1.768821817904609e-07,1.0396743164164945e-05,9.53567068791017e-05,9.798348401091062e-06,3.36281186719134e-06,1.3876879165763967e-06,1.8847423177703604e-07,3.4364382628382373e-07,0.2382594235241413,0.0012415349192451686,0.12841705207999135
1536,7.008268312347354e-07,0.0010958848288282752,0.0004167857696302235,0.4736936688423157,0.35224536061286926,0.48603591322898865,2.0273162590456195e-05,4.4686458977594157e-07,6.259566021071805e-07,0.031329501420259476,0.018791111186146736,0.0971059501171112,0.10784078389406204,0.030734747648239136,0.13202737271785736,0.1335945576429367,0.022661691531538963,0.09147484600543976,0.08592072874307632,0.3690274953842163,0.19434520602226257,0.022811181843280792,0.04589769244194031,5.0529761210782453e-05,0.0021380987018346786,0.0827324166893959,0.0009525002096779644,0.0334024615585804,0.013231148943305016,0.0007599540404044092,9.282902283302974e-06,1.9299859559396282e-05,0.013812683522701263,0.002988475142046809,0.0015187821118161082,0.0038351898547261953,0.005087733268737793,0.0008429588051512837,0.9572039246559143,0.002710120053961873,0.08158101886510849,0.05827013775706291,0.0039410521276295185,0.0007123967516236007,6.090986630624684e-07,1.9896195624369284e-07,1.5306521163438447e-05,0.00010314107203157619,9.875016985461116e-06,3.312362423457671e-06,1.5517179008384119e-06,1.7459366574712476e-07,4.040303096530806e-07,0.2782130427658558,0.0007563352992292494,0.15790741720138612
1539,8.771520469963434e-07,0.0005894418573006988,0.0002755303867161274,0.5150851011276245,0.46039021015167236,0.5299903154373169,1.979646367544774e-05,5.170862209524785e-07,7.499296543755918e-07,0.031111204996705055,0.01392305176705122,0.0951925590634346,0.10570591688156128,0.032667383551597595,0.12889184057712555,0.1306125521659851,0.022273270413279533,0.09085817635059357,0.08768662065267563,0.3666488826274872,0.1739959716796875,0.022721806541085243,0.05574823170900345,4.893625373370014e-05,0.001897949492558837,0.07884702831506729,0.0009757236111909151,0.03917784243822098,0.02007138729095459,0.000915318145416677,6.627132734138286e-06,1.662080285314005e-05,0.014562256634235382,0.0026675290428102016,0.0012208212865516543,0.003552910638973117,0.007168012671172619,0.0011795660248026252,0.9465315341949463,0.003597019240260124,0.07752728462219238,0.04820504039525986,0.005338230170309544,0.0010439021280035377,1.049563934429898e-06,3.811965996192157e-07,1.1038237971661147e-05,0.00016903495998121798,1.2688193237408996e-05,4.2889450924121775e-06,1.662221393416985e-06,1.8792411538015585e-07,7.153802670245568e-07,0.2969660647213459,0.0004324861220084131,0.1717027830210706
1542,5.291482239044853e-07,0.0009252239251509309,0.00025767137412913144,0.4763081967830658,0.39240366220474243,0.6099456548690796,1.897415677376557e-05,3.570167450561712e-07,4.631273498034716e-07,0.04608169198036194,0.023837167769670486,0.07469022274017334,0.0856633186340332,0.03973352536559105,0.11225846409797668,0.10693789273500443,0.02710365690290928,0.11303231865167618,0.10957906395196915,0.47329801321029663,0.2547904849052429,0.01673152483999729,0.03250472620129585,5.662895637215115e-05,0.001523969927802682,0.054161883890628815,0.0007371549145318568,0.011987014673650265,0.010584303177893162,0.0008489701431244612,1.1928776075365022e-05,2.539861452532932e-05,0.010329211130738258,0.0038750518579035997,0.002208093414083123,0.005100505892187357,0.004053688608109951,0.0011720897164195776,0.9167157411575317,0.0013506197137758136,0.057179149240255356,0.04536021128296852,0.002739572199061513,0.0007537166238762438,8.051479767345882e-07,3.382559441433841e-07,1.4849507351755165e-05,0.0001682871370576322,1.425438040314475e-05,6.312196546787163e-06,1.947706550708972e-06,1.9051500999012205e-07,5.717019604389861e-07,0.2652350403368473,0.0005914476496400312,0.15878184139122217
1545,4.477296613458748e-07,0.001254645874723792,0.0006817946559749544,0.4157155752182007,0.25116774439811707,0.40593671798706055,6.867571937618777e-05,3.468598208655749e-07,4.966707365383627e-07,0.03478345274925232,0.018767714500427246,0.08437427878379822,0.09051085263490677,0.06194223091006279,0.0576494038105011,0.049048393964767456,0.06427402794361115,0.0914614349603653,0.10354135185480118,0.4230656325817108,0.2949269711971283,0.018660765141248703,0.02655816078186035,0.00015669059939682484,0.0028974434826523066,0.42801058292388916,0.002209218917414546,0.007969950325787067,0.03987756371498108,0.0016084671951830387,1.1638921023404691e-05,1.9057140889344737e-05,0.019154127687215805,0.005684815347194672,0.025442490354180336,0.05257203057408333,0.015074037946760654,0.0032297063153237104,0.1926882266998291,0.00016586852143518627,0.01043039932847023,0.020515553653240204,0.0005940273986198008,0.0012634288286790252,2.9589808036689647e-05,1.1534622899489477e-05,0.00010261259012622759,0.000247653981205076,0.0002969800552818924,8.447414438705891e-05,1.2490723975133733e-06,4.236161998960597e-07,2.0562215468089562e-05,0.4218630790710449,0.0009682202653493732,0.13858209042670447
1548,9.405020477970538e-07,0.0010609414894133806,0.00024828786263242364,0.5040959715843201,0.30843082070350647,0.5352647304534912,2.974751259898767e-05,4.753007374347362e-07,8.926712666834646e-07,0.02248162217438221,0.00834213849157095,0.07827470451593399,0.09221523255109787,0.05469007045030594,0.07075604051351547,0.060454316437244415,0.0530046708881855,0.10340051352977753,0.10938505083322525,0.3466854393482208,0.12583518028259277,0.027939992025494576,0.06386861950159073,6.873637903481722e-05,0.001996483886614442,0.04159514605998993,0.00023825847893022,0.01129590068012476,0.019225144758820534,0.0002562306181062013,8.561843424104154e-05,0.00015714589972048998,0.005123250186443329,0.0014092347119003534,0.0014465656131505966,0.0073580374009907246,0.026829546317458153,0.0009516185382381082,0.7211744785308838,0.0020499492529779673,0.04296614229679108,0.01630501076579094,0.006206725258380175,0.00202558864839375,7.13020881448756e-06,1.546671114738274e-06,0.00014162740262690932,0.0002906032605096698,3.7045196222607046e-05,1.137145773100201e-05,2.262778480144334e-06,3.2549118600400107e-07,4.338439964612917e-06,0.272845558822155,0.0006546146760229021,0.16811291197276054
1551,6.258950975279731e-07,0.0017495787469670177,0.00048752775182947516,0.4255494475364685,0.20621106028556824,0.4223814904689789,8.093043288681656e-05,3.8973286109467153e-07,7.732053290965268e-07,0.0340518094599247,0.009883662685751915,0.09466671943664551,0.11099717020988464,0.04151148721575737,0.08803018182516098,0.07403244823217392,0.038874465972185135,0.0838766098022461,0.08958832174539566,0.370810866355896,0.13167497515678406,0.01771165244281292,0.04646681249141693,0.00025131687289103866,0.0030600533355027437,0.18296748399734497,0.00043526128865778446,0.007535320706665516,0.02594403177499771,0.0002922695712186396,5.7168726925738156e-05,8.750291453907266e-05,0.02680630423128605,0.005039957817643881,0.020925451070070267,0.07614299654960632,0.027341173961758614,0.0012837423710152507,0.1512649655342102,0.00012770450848620385,0.00976778008043766,0.015551546588540077,0.000564342422876507,0.0026767775416374207,9.274134208681062e-05,2.1546336938627064e-05,0.00048111448995769024,0.0003631468862295151,0.0007457404281012714,0.0002240567555418238,1.7337475810563774e-06,5.682135792994814e-07,5.714383951271884e-05,0.30425846576690674,0.0011185532493982464,0.14189803972597778
1554,6.631177598137583e-07,0.0015704004326835275,0.0004118276701774448,0.45516133308410645,0.204768568277359,0.44597625732421875,0.00011000625090673566,5.908328830628307e-07,9.883569873636588e-07,0.03067009709775448,0.007258336991071701,0.07879341393709183,0.0911201760172844,0.045307744294404984,0.08027268946170807,0.06379217654466629,0.03905156999826431,0.08983807265758514,0.105641208589077,0.3129435181617737,0.10020610690116882,0.02048480696976185,0.05727114528417587,0.00025466771330684423,0.0022296030074357986,0.25504276156425476,0.0009245565161108971,0.0031281805131584406,0.016879981383681297,0.00018248296692036092,0.00026076461654156446,0.0004241392307449132,0.013036126270890236,0.0032092079054564238,0.06243771314620972,0.18247613310813904,0.025958558544516563,0.001533558708615601,0.06602753698825836,0.00010463254147907719,0.009086591191589832,0.012625561095774174,0.0009456686675548553,0.00593094015493989,0.0001052517764037475,2.645704080350697e-05,0.0009460147120989859,0.0008356490288861096,0.004074172116816044,0.001111637451685965,3.2799068776512286e-06,9.411049859409104e-07,6.585440860362723e-05,0.3551020473241806,0.0009911140514304861,0.15194874564379765
1557,8.450836048723431e-07,0.0019311771029606462,0.000634647614788264,0.3890051543712616,0.17924578487873077,0.37697678804397583,0.0001501421647844836,5.261491651253891e-07,8.886026989785023e-07,0.038485173135995865,0.01190937589854002,0.11181650310754776,0.12411320209503174,0.05188106745481491,0.07436069846153259,0.05935749039053917,0.04255950078368187,0.06507186591625214,0.06978807598352432,0.3343208432197571,0.1286269873380661,0.014196204952895641,0.032669615000486374,0.0003779156249947846,0.005233955103904009,0.2866778075695038,0.0002666324144229293,0.0062331221997737885,0.027578935027122498,0.00043595684110186994,0.0001900166826089844,0.00029296588036231697,0.012431539595127106,0.0046776230446994305,0.04635178670287132,0.11805123090744019,0.05963466688990593,0.004697732627391815,0.012902769260108471,6.146621308289468e-05,0.006316994782537222,0.009185440838336945,0.0007286935579031706,0.006189029663801193,0.000961936719249934,0.0002831745950970799,0.0017693109111860394,0.001318112830631435,0.007254922762513161,0.0020855942275375128,2.0934890017088037e-06,1.1977231224591378e-06,0.0006225556571735069,0.3378414809703827,0.001282912358874455,0.12982937897807764
1560,1.3117708022036823e-06,0.0030594642739742994,0.0005777350743301213,0.4328238070011139,0.16955679655075073,0.38194772601127625,3.8363396015483886e-05,4.826641202271276e-07,9.125739666160371e-07,0.07170654833316803,0.0182314645498991,0.08757147192955017,0.10661971569061279,0.03119475208222866,0.11503181606531143,0.10651145875453949,0.02716856822371483,0.08651719987392426,0.08463642746210098,0.5035752058029175,0.11798917502164841,0.009246515110135078,0.024504033848643303,0.0001476433390052989,0.001581842079758644,0.03771228715777397,0.00016757506818976253,0.0052084242925047874,0.020688844844698906,0.00021120341261848807,0.000222405738895759,0.0004943517851643264,0.011045694351196289,0.0017698835581541061,0.004272309597581625,0.017054636031389236,0.03732013702392578,0.0019173359032720327,0.21679407358169556,0.000539882923476398,0.015279504470527172,0.005539883393794298,0.002915928838774562,0.004225365351885557,6.706307613058016e-05,2.1695392206311226e-05,0.0003072587714996189,0.001858800882473588,0.00036570083466358483,0.00011841984814964235,3.6155156521999743e-06,7.498974241570977e-07,4.437923416844569e-05,0.23526804707944393,0.0018185996741522104,0.14451352150839133
1563,1.379817490487767e-06,0.007939399220049381,0.0009982484625652432,0.2546451985836029,0.0968061164021492,0.3822215795516968,3.341944466228597e-05,3.763217932828411e-07,8.111456395454297e-07,0.059590455144643784,0.016634108498692513,0.08332724869251251,0.10967522859573364,0.021449903026223183,0.15054923295974731,0.14805836975574493,0.02252451330423355,0.10118113458156586,0.08882882446050644,0.5579278469085693,0.10502181202173233,0.012053865008056164,0.02934969775378704,0.00010840417235158384,0.0011380781652405858,0.04229486361145973,0.00033905752934515476,0.00866494607180357,0.015231269411742687,0.0003067053039558232,0.0001098073335015215,0.00025820746668614447,0.009016193449497223,0.001446124748326838,0.0028010306414216757,0.010297467932105064,0.024109654128551483,0.0022612486500293016,0.3021024465560913,0.0008791123400442302,0.022051958367228508,0.010292308405041695,0.0028876569122076035,0.0027092231903225183,2.5342942535644397e-05,1.1613410606514663e-05,0.00010875930456677452,0.0016159075312316418,9.134510764852166e-05,3.679787914734334e-05,2.6902584977506194e-06,7.007646445345017e-07,1.847817657107953e-05,0.14847003109753132,0.004468823841307312,0.08500440446126352
1566,2.8767478852387285e-06,0.019804697483778,0.0017578739207237959,0.15870432555675507,0.04333626106381416,0.300557941198349,0.00011951774649787694,7.732311360086896e-07,9.540882501823944e-07,0.052723340690135956,0.014970418065786362,0.0990217998623848,0.12012628465890884,0.025779709219932556,0.11938148736953735,0.11864237487316132,0.020771149545907974,0.07492676377296448,0.06744514405727386,0.549322247505188,0.09988026320934296,0.011354266665875912,0.021199563518166542,0.00019998714560642838,0.0012904161121696234,0.17474928498268127,0.0004259543784428388,0.00868664775043726,0.01816980354487896,0.0004419839533511549,0.00041010152199305594,0.0008077953243628144,0.006555136293172836,0.000676287803798914,0.020277077332139015,0.06211162358522415,0.0778302326798439,0.007633774541318417,0.012703358195722103,0.0004982738755643368,0.017230777069926262,0.009070055559277534,0.0033793156035244465,0.012681919150054455,0.0004540198133327067,0.00021168464445509017,0.0005646894569508731,0.003921734169125557,0.006986949127167463,0.0026596731040626764,2.4236744593508774e-06,2.124411594195408e-06,0.00033285222889389843,0.16672680526971817,0.010781285702250898,0.05330740746770365
1569,2.445802010697662e-06,0.005812630522996187,0.0006963848718442023,0.3396098017692566,0.08691155165433884,0.39354443550109863,0.00014891615137457848,1.0496009963389952e-06,1.1089603049185826e-06,0.041752275079488754,0.010098730213940144,0.125310480594635,0.15014027059078217,0.030601738020777702,0.10602722316980362,0.10054590553045273,0.024428367614746094,0.06128036603331566,0.05364970862865448,0.5144226551055908,0.07472594827413559,0.014837071299552917,0.03468986228108406,0.00023467715072911233,0.001229060348123312,0.20813362300395966,0.0006307828007265925,0.006681110244244337,0.01940193586051464,0.0005389169091358781,0.0005868719308637083,0.0012034503743052483,0.006098547484725714,0.0008001804235391319,0.0328165702521801,0.089768186211586,0.06849967688322067,0.008968048729002476,0.00906158797442913,0.00035510113229975104,0.016958126798272133,0.00947513710707426,0.003898868802934885,0.016692690551280975,0.0004674938099924475,0.00023794540902599692,0.0005862382240593433,0.004828630946576595,0.014149832539260387,0.0054128351621329784,2.8946251404704526e-06,2.332630856471951e-06,0.0003527196095092222,0.2738717123866081,0.0032545076974201947,0.11380004135814185
1572,2.647714381964761e-06,0.004389917943626642,0.0006402160506695509,0.36535942554473877,0.09428692609071732,0.37876296043395996,0.00019747157057281584,9.05374633930478e-07,1.0081669188366504e-06,0.04931480437517166,0.01405310444533825,0.08981180936098099,0.10934223979711533,0.034197282046079636,0.10085219144821167,0.09485257416963577,0.025894787162542343,0.08650319278240204,0.07452366501092911,0.5812450647354126,0.08913544565439224,0.011557729914784431,0.02307751774787903,0.00029384225490503013,0.002240827539935708,0.19691330194473267,0.0002352845185669139,0.010047933086752892,0.025514906272292137,0.000985369086265564,0.000544170499779284,0.0008099238038994372,0.00469972612336278,0.0008665270288474858,0.0282534621655941,0.06719967722892761,0.14746439456939697,0.016510585322976112,0.0033798604272305965,0.00031996500911191106,0.01528217364102602,0.008879181928932667,0.0035449345596134663,0.012520620599389076,0.0020766013767570257,0.000890736177098006,0.0017919503152370453,0.0032455408945679665,0.012824594043195248,0.004900315776467323,2.084379048028495e-06,2.0378683984745294e-06,0.0014836687769275159,0.2811363637447357,0.0025150669971480966,0.1222378399494725
1575,2.109415390805225e-06,0.0007150290184654295,0.0002267333766212687,0.5157368183135986,0.26794931292533875,0.48163723945617676,0.00026202466688118875,1.0723869081630255e-06,1.032131763167854e-06,0.04833732172846794,0.010818224400281906,0.08145872503519058,0.09302392601966858,0.02960444614291191,0.11098876595497131,0.10385560989379883,0.026301203295588493,0.09567507356405258,0.09169290214776993,0.5053063631057739,0.10874748229980469,0.011402633041143417,0.033069055527448654,0.0003666482516564429,0.0016303639858961105,0.24072203040122986,0.00039591456879861653,0.008827565237879753,0.03290972486138344,0.0012893792008981109,0.00041183651774190366,0.000585645146202296,0.003845825092867017,0.0010747769847512245,0.037494584918022156,0.08685722947120667,0.1832197606563568,0.02082822658121586,0.001942513627000153,0.00026464322581887245,0.00978587195277214,0.008725078776478767,0.0030153824482113123,0.01532114390283823,0.005215209908783436,0.002205735072493553,0.002882633823901415,0.0037806411273777485,0.025394367054104805,0.010087767615914345,2.205179953307379e-06,1.7005706922645913e-06,0.0037104724906384945,0.37822942435741425,0.0004708811975433491,0.17224476665918095
1578,2.423325440759072e-06,0.0007939163479022682,0.00026541773695498705,0.486727237701416,0.2739994525909424,0.487881064414978,0.0005287564708851278,1.2295571423237561e-06,1.182034225166717e-06,0.057384490966796875,0.01276448741555214,0.08951278030872345,0.10214073956012726,0.026225727051496506,0.12936441600322723,0.12078236788511276,0.024123238399624825,0.08941161632537842,0.08793284744024277,0.49037638306617737,0.11367415636777878,0.010795632377266884,0.03102942183613777,0.0006663656677119434,0.0010042469948530197,0.22584503889083862,0.0005271218251436949,0.007313499227166176,0.04013895243406296,0.003097779117524624,0.0006673799944110215,0.0007808287045918405,0.0018752000760287046,0.000949024804867804,0.09302687644958496,0.16021627187728882,0.30994340777397156,0.060982730239629745,0.0005388534627854824,0.00021957748685963452,0.010503419674932957,0.013268380425870419,0.0026617925614118576,0.013180493377149105,0.031572528183460236,0.013676948845386505,0.009860954247415066,0.006203190889209509,0.04639082029461861,0.02128995582461357,2.4663297608640278e-06,2.5205633846780984e-06,0.02262473851442337,0.3562861382961273,0.0005296670424286276,0.16272514880013964
1581,2.5409603949810844e-06,0.001525936764664948,0.0004362189501989633,0.427138090133667,0.19747525453567505,0.41871774196624756,0.00047011522110551596,1.382309392283787e-06,1.2387990864226595e-06,0.05125344917178154,0.012492640875279903,0.13277626037597656,0.14901237189769745,0.02302844263613224,0.15406493842601776,0.14641277492046356,0.016973061487078667,0.05934435501694679,0.05702894181013107,0.4240705668926239,0.11388220638036728,0.012025215663015842,0.033397652208805084,0.0006361569976434112,0.0008191379019990563,0.2275853455066681,0.0005807638517580926,0.006462844088673592,0.0291396863758564,0.0028287717141211033,0.0019866186194121838,0.0022709809709340334,0.0013311496004462242,0.000792416394688189,0.09351621568202972,0.14754122495651245,0.29050156474113464,0.06755675375461578,0.0003950600803364068,0.00018280060612596571,0.013308088295161724,0.013334530405700207,0.0032973065972328186,0.013848928734660149,0.026117149740457535,0.012793675065040588,0.015322410501539707,0.009433268569409847,0.04548172280192375,0.02333788201212883,2.4038454284891486e-06,2.98762370221084e-06,0.01945541240274906,0.32736171782016754,0.0009810778574319556,0.14379856324133775
1584,1.927491211972665e-06,0.001421069260686636,0.00039587871287949383,0.4324241578578949,0.20909400284290314,0.430165559053421,0.0003889739455189556,1.2439548982001725e-06,1.027620783133898e-06,0.045609984546899796,0.013652783818542957,0.13480781018733978,0.15436303615570068,0.023806434124708176,0.15890739858150482,0.15536148846149445,0.01396851148456335,0.05590933561325073,0.05182724446058273,0.3913328945636749,0.10950741916894913,0.01331474632024765,0.03106095641851425,0.000558149185962975,0.0010987719288095832,0.24704605340957642,0.0005545004969462752,0.005450096447020769,0.0207853801548481,0.0028354795649647713,0.0020486144348978996,0.0021561249159276485,0.0015755998902022839,0.0006786977755837142,0.09831515699625015,0.1543225646018982,0.23873773217201233,0.05657810717821121,0.0004868936084676534,0.0002130050997948274,0.011735666543245316,0.012324891984462738,0.0031343812588602304,0.014891077764332294,0.01581915095448494,0.008171371184289455,0.013605807907879353,0.006353442091494799,0.04212816432118416,0.023845480754971504,2.5548224584781565e-06,2.4750879674684256e-06,0.011995261069387197,0.33973510563373566,0.0009084739867830649,0.14554296573624015
1587,2.037788590314449e-06,0.0010591911850497127,0.0005052551859989762,0.39167147874832153,0.2929881513118744,0.42590969800949097,0.00022125853865873069,1.3159257150618942e-06,9.658724593464285e-07,0.054152242839336395,0.019432567059993744,0.11211132258176804,0.12556147575378418,0.02244448848068714,0.1493687927722931,0.14705418050289154,0.015524805523455143,0.06423136591911316,0.06348150968551636,0.4508018493652344,0.1502646505832672,0.011059950105845928,0.0218383576720953,0.0003275321505498141,0.0011302608763799071,0.20049214363098145,0.00048328511184081435,0.006668183021247387,0.014459515921771526,0.0007352840038947761,0.0024783199187368155,0.003007336985319853,0.0026123246643692255,0.0006007530028000474,0.048148419708013535,0.1209874376654625,0.18773700296878815,0.017470546066761017,0.00238210940733552,0.00031272732303477824,0.018125617876648903,0.007682545576244593,0.004775193054229021,0.01623869501054287,0.00224181916564703,0.0008234383421950042,0.005251383408904076,0.0036175649147480726,0.016749156638979912,0.00801284983754158,2.750746034507756e-06,2.266268438688712e-06,0.001532628753921017,0.2960818111896515,0.0007822231855243444,0.13238571188412607
1590,2.5706419819471193e-06,0.0009127471712417901,0.00039965708856470883,0.42309197783470154,0.3078690469264984,0.45596855878829956,0.00021783332340419292,1.722542606330535e-06,1.3280972552820458e-06,0.05561789125204086,0.016265051439404488,0.09630904346704483,0.108600914478302,0.020088566467165947,0.1656504124403,0.16511794924736023,0.013457812368869781,0.07452373951673508,0.0758911743760109,0.46781420707702637,0.12844501435756683,0.011138911359012127,0.025396041572093964,0.0003476737765595317,0.0011939292307943106,0.1750541776418686,0.00042568263597786427,0.006689961533993483,0.013219188898801804,0.0003986396477557719,0.005273844115436077,0.0075657251290977,0.0032813779544085264,0.0007724845199845731,0.04486754164099693,0.14271019399166107,0.15574347972869873,0.011680920608341694,0.004147821106016636,0.00022766094480175525,0.022336486726999283,0.00610435102134943,0.005349341314285994,0.018258435651659966,0.0015081213787198067,0.0005043205455876887,0.004911544732749462,0.005989842116832733,0.012878403067588806,0.005838554352521896,3.6007745620736387e-06,2.7199646410736023e-06,0.0010062209621537477,0.29907307773828506,0.0006562021299032494,0.14531051569307843
1593,1.1498065077830688e-06,0.0003659746143966913,0.00013078778283670545,0.5519771575927734,0.4179304242134094,0.590713620185852,0.00014150266360957175,8.866515486261051e-07,1.2068198884662706e-06,0.021294916048645973,0.008700286969542503,0.13336893916130066,0.1544283777475357,0.033805642277002335,0.12486307322978973,0.11700958758592606,0.017306476831436157,0.05405242741107941,0.052687130868434906,0.30082085728645325,0.10061242431402206,0.029377654194831848,0.05118286982178688,0.00021846148592885584,0.001171959680505097,0.31664925813674927,0.002168474020436406,0.007576538249850273,0.03042365424335003,0.0011644656769931316,0.00020990672055631876,0.00037757240352220833,0.004641707520931959,0.000989473657682538,0.042214538902044296,0.1251664161682129,0.0874856561422348,0.00974284578114748,0.016700154170393944,0.0005119647830724716,0.01748264580965042,0.013640755787491798,0.0035126465372741222,0.00810911413282156,0.0002874166239053011,0.00011672373511828482,0.00047584157437086105,0.001583024743013084,0.004289208445698023,0.0014326033415272832,2.9629211439896608e-06,9.663691571404343e-07,0.00020207017951179296,0.43431320786476135,0.0002483811986166984,0.18418821223895065
1596,8.121673431560339e-07,0.0005990201025269926,0.00017485649732407182,0.5621284246444702,0.3399231731891632,0.532673716545105,5.111896462040022e-05,6.528190965582326e-07,6.23105506747379e-07,0.028274912387132645,0.01738765276968479,0.07681651413440704,0.09799607843160629,0.03339003399014473,0.11771553009748459,0.11212274432182312,0.02106642909348011,0.0964270532131195,0.08788631856441498,0.4259316325187683,0.12491729855537415,0.023391276597976685,0.02949671633541584,7.382201874861494e-05,0.002946241293102503,0.36683401465415955,0.0020867655985057354,0.013063362799584866,0.01641574688255787,0.000930590380448848,4.216848174110055e-05,5.633658656734042e-05,0.019641799852252007,0.0014918346423655748,0.006748163141310215,0.022382689639925957,0.0186467282474041,0.0016578537179157138,0.4193207621574402,0.0010878018802031875,0.021053751930594444,0.019038667902350426,0.004713975824415684,0.004677740857005119,1.1655582966341171e-05,3.4073443657689495e-06,0.00011814272147603333,0.00014052850019652396,0.00030562179745174944,0.00012264792167115957,1.9598010112531483e-06,3.208191685644124e-07,7.5314636660550605e-06,0.4644812196493149,0.0003869382999255322,0.18740897657092623
1599,1.2592433904501377e-06,0.0016498020850121975,0.0012406406458467245,0.3638472855091095,0.3808269202709198,0.4293818473815918,2.2417343643610366e-05,6.871981668155058e-07,9.768964446266182e-07,0.022644449025392532,0.014644905924797058,0.06156253069639206,0.06627996265888214,0.032032184302806854,0.12963910400867462,0.12749242782592773,0.02192051336169243,0.11793113499879837,0.10915936529636383,0.29599636793136597,0.16102083027362823,0.02891862578690052,0.04557368531823158,4.907790935249068e-05,0.004101256839931011,0.21357020735740662,0.004393118433654308,0.01817907951772213,0.04354071617126465,0.0013628659071400762,1.8381135760137113e-06,4.649361017072806e-06,0.10124257206916809,0.010409203357994556,0.003442539134994149,0.009553526528179646,0.002149314386770129,0.0005032111657783389,0.9882113933563232,0.0016355538973584771,0.08629446476697922,0.09655090421438217,0.004558952525258064,0.0028522575739771128,1.90283685697068e-07,6.452497558484538e-08,1.809880245673412e-06,4.678237019106746e-05,4.5087876060279086e-05,1.1468143384263385e-05,2.918941618190729e-06,2.5116079882536724e-07,1.2740433064095669e-07,0.28870874643325806,0.001445221365429461,0.12128459099456752
1602,9.560875469105667e-07,0.0020410525612533092,0.0007506046677008271,0.3709009885787964,0.275748074054718,0.41471466422080994,3.097233275184408e-05,7.854683303776255e-07,8.627018814877374e-07,0.048335641622543335,0.01981821283698082,0.13685056567192078,0.15918371081352234,0.03465663269162178,0.11564816534519196,0.10342328250408173,0.02084832265973091,0.05026994273066521,0.051192376762628555,0.4175071716308594,0.17486542463302612,0.014398140832781792,0.02847437560558319,7.070936408126727e-05,0.004344227723777294,0.19111205637454987,0.000898685771971941,0.0060461778193712234,0.008300908841192722,0.00028040551114827394,0.0001333533728029579,0.0002636997669469565,0.020379194989800453,0.007489703129976988,0.008926679380238056,0.021380208432674408,0.0056220488622784615,0.0012225564569234848,0.5220967531204224,0.00015237076149787754,0.045718152076005936,0.024013089016079903,0.004585675895214081,0.00662975013256073,2.9570298920589266e-06,1.0262760952173267e-06,6.316753569990396e-05,0.0004952328163199127,0.0004509483405854553,0.00016116547340061516,2.585514494057861e-06,7.174006100285624e-07,1.9916529936381266e-06,0.2810065224766731,0.0013958286144770682,0.1237660139061821
1605,1.5268582274075015e-06,0.0021451949141919613,0.0008639922016300261,0.40812811255455017,0.2950619161128998,0.430122435092926,2.8940181437064894e-05,1.434185264770349e-06,1.4437034678849159e-06,0.01975955441594124,0.007914574816823006,0.11067051440477371,0.11988117545843124,0.07035675644874573,0.06322721391916275,0.04301377385854721,0.04601067304611206,0.05932876467704773,0.06899549067020416,0.26541927456855774,0.12391795217990875,0.03245127573609352,0.07081812620162964,5.379822323448025e-05,0.0023552991915494204,0.08783348649740219,0.0010537831112742424,0.0019828772637993097,0.003935134503990412,0.00011383447417756543,0.0009025222971104085,0.001609409460797906,0.009092613123357296,0.0016963401576504111,0.010323138907551765,0.03500739857554436,0.006994982715696096,0.0009094965644180775,0.7200286388397217,0.0008376254118047655,0.09648928791284561,0.022465350106358528,0.02078498899936676,0.017754942178726196,8.203330708056455e-07,2.4186030600503727e-07,9.63480633799918e-05,0.0005007102154195309,0.0005389254074543715,0.00025790781364776194,5.676905402651755e-06,1.0124487062057597e-06,5.310966884053414e-07,0.24798079952597618,0.0015045935579109937,0.13688001477081949
1608,2.0360771486593876e-06,0.004875142127275467,0.0015061200829222798,0.26625943183898926,0.20962737500667572,0.42725908756256104,1.8468339476385154e-05,8.181883686120273e-07,9.246166996490501e-07,0.03758085146546364,0.013174193911254406,0.07219491899013519,0.08176116645336151,0.049524854868650436,0.07369378209114075,0.05693947896361351,0.0480031818151474,0.0976102277636528,0.1100514829158783,0.42640742659568787,0.1325753778219223,0.017283970490098,0.03898061439394951,2.317616053915117e-05,0.0022876260336488485,0.02159205637872219,0.00014916087093297392,0.0019175995839759707,0.002273792866617441,0.00012151071132393554,0.0048129623755812645,0.008388607762753963,0.0010266011813655496,0.001549317967146635,0.0010697372490540147,0.003022592980414629,0.013665965758264065,0.0021673596929758787,0.4469573199748993,0.0007688975892961025,0.14280793070793152,0.014097910374403,0.08299952745437622,0.011728323996067047,1.6007060139600071e-06,4.935690185448038e-07,0.00025135884061455727,0.0010741010773926973,7.406204531434923e-05,4.59467810287606e-05,4.033724508190062e-06,1.0144211728402297e-06,1.0471375162524055e-06,0.14392574410885572,0.0031906311050988734,0.09315366732577483
1611,2.6018421976914397e-06,0.012007055804133415,0.002304763300344348,0.1953212022781372,0.12572358548641205,0.3774034082889557,1.6027383026084863e-05,8.728061970941781e-07,9.689530315881711e-07,0.029198141768574715,0.01117862667888403,0.06703701615333557,0.08242491632699966,0.04982622340321541,0.07243949919939041,0.05573888123035431,0.04871072992682457,0.09932107478380203,0.10534963011741638,0.40022146701812744,0.09519948810338974,0.02105357125401497,0.042133040726184845,2.3383892767014913e-05,0.0015825929585844278,0.015565006993710995,0.0001418325409758836,0.001229003770276904,0.0017410871805623174,0.00012246656115166843,0.006932483054697514,0.012661623768508434,0.0011741560883820057,0.0013716139364987612,0.001057696994394064,0.0030149968806654215,0.011214298196136951,0.0023262372706085443,0.4388013780117035,0.0008202673052437603,0.12258131057024002,0.007925039157271385,0.1193840354681015,0.02064531482756138,1.8376491652816185e-06,7.20597995496064e-07,0.00023819395573809743,0.0020823851227760315,0.00016404196503572166,0.00010961775842588395,4.7880475904094055e-06,1.1229345773244859e-06,1.2791235803888412e-06,0.1054431046359241,0.007155909552238882,0.07163843636711438
1614,1.8412118834021385e-06,0.0052739642560482025,0.0008132414077408612,0.28210723400115967,0.2386692613363266,0.4713361859321594,1.1146221368107945e-05,9.177372248814208e-07,9.12242398953822e-07,0.025170013308525085,0.008671792224049568,0.14535687863826752,0.1730208694934845,0.02773021161556244,0.13711044192314148,0.12329258024692535,0.02038218453526497,0.05055820569396019,0.04931517690420151,0.26905712485313416,0.06961982697248459,0.026527278125286102,0.06346402317285538,1.940411311807111e-05,0.0008703205385245383,0.014796477742493153,0.00022320874268189073,0.0016105422982946038,0.0014978272374719381,0.00019491049170028418,0.005675944034010172,0.011739687994122505,0.0012380859116092324,0.0010530403815209866,0.0007597676012665033,0.0017797600012272596,0.007568719331175089,0.0026493186596781015,0.5658023357391357,0.0014185733161866665,0.15106329321861267,0.009684382937848568,0.13449999690055847,0.019363131374120712,1.0743491429821006e-06,5.462544550027815e-07,0.00013931076682638377,0.0025240182876586914,9.440688154427335e-05,7.350892701651901e-05,4.214525688439608e-06,7.970185151862097e-07,8.10301798992441e-07,0.1484518558718264,0.003043602831894532,0.09984095534309745
1617,2.6743400667328387e-06,0.0029176995158195496,0.0009159532492049038,0.3728029429912567,0.25906068086624146,0.41326969861984253,1.6126534319482744e-05,1.2068602472936618e-06,1.1196048035344575e-06,0.029575664550065994,0.01038296241313219,0.07703341543674469,0.0914345383644104,0.03211510553956032,0.10942231118679047,0.09727111458778381,0.02754584141075611,0.09122339636087418,0.09546642750501633,0.3870822787284851,0.11320202052593231,0.01988602988421917,0.04979962483048439,2.0023186152684502e-05,0.0011164310853928328,0.030091965571045876,0.0004603280976880342,0.003580908291041851,0.004573729354888201,0.0001687071198830381,0.0010120458900928497,0.0022987995762377977,0.0025535805616527796,0.0008502172422595322,0.0007933624438010156,0.0027705165557563305,0.012465627864003181,0.0015338390367105603,0.7280154228210449,0.003103729570284486,0.19398151338100433,0.019553400576114655,0.10839615017175674,0.018040038645267487,8.461876177534577e-07,2.9857812933187233e-07,5.982542643323541e-05,0.0010227682068943977,0.00010139305959455669,5.032120679970831e-05,3.818602635874413e-06,7.328006290663325e-07,5.72382873542665e-07,0.2014474542811513,0.0019168263825122267,0.12537126281919578
1620,2.074374606308993e-06,0.003292705863714218,0.0009902715682983398,0.3396208584308624,0.2117704451084137,0.3650602102279663,3.6407502193469554e-05,1.1025402955056052e-06,1.107442585634999e-06,0.03493586927652359,0.011873348616063595,0.07125463336706161,0.08411885797977448,0.03659125417470932,0.09855102002620697,0.08677400648593903,0.02681603841483593,0.09383166581392288,0.10261878371238708,0.4568308889865875,0.13910533487796783,0.01642051339149475,0.03826332837343216,5.62320819881279e-05,0.0021274033933877945,0.16083815693855286,0.0011727850651368499,0.008215833455324173,0.010919648222625256,0.0002432629989925772,0.00017335262964479625,0.00033152001560665667,0.01501773763448,0.0017386474646627903,0.004858042579144239,0.019952526316046715,0.014237950555980206,0.0011651254026219249,0.5227455496788025,0.0009052304085344076,0.0626138374209404,0.022903645411133766,0.010847721248865128,0.01230564247816801,3.882770215568598e-06,1.1495499165903311e-06,7.443937647622079e-05,0.0004944205866195261,0.0004706305917352438,0.00018390288460068405,2.8960002964595333e-06,8.967788858171843e-07,2.5161600660794647e-06,0.25022950768470764,0.002141488716006279,0.11337524369203796
1623,2.565454906289233e-06,0.0030419223476201296,0.0012500189477577806,0.3478217124938965,0.2189660370349884,0.2891251742839813,3.567380190361291e-05,1.5745600876471144e-06,1.3077700486974209e-06,0.03691340610384941,0.01057620532810688,0.09982176125049591,0.11485733091831207,0.021440645679831505,0.1550459861755371,0.1531217247247696,0.0139562226831913,0.06782593578100204,0.07668483257293701,0.4062840938568115,0.12256292998790741,0.01540303137153387,0.04275839403271675,6.274029146879911e-05,0.0015795505605638027,0.16066285967826843,0.0012551455292850733,0.007016365882009268,0.008937603794038296,0.0001873593864729628,0.0003842968726530671,0.0008529951446689665,0.015823613852262497,0.0007115571643225849,0.005568271037191153,0.025183958932757378,0.01867648959159851,0.0014028502628207207,0.33479976654052734,0.0016605390701442957,0.0449494794011116,0.012194971553981304,0.015661494806408882,0.027826828882098198,1.0616793588269502e-05,3.8104792565718526e-06,0.00011032507609343156,0.0014696338912472129,0.0016590743325650692,0.0007863932405598462,3.7295724268915365e-06,1.3307393373906962e-06,7.213636422420677e-06,0.25424228608608246,0.002145970647688955,0.1163530015037395
1626,1.675472503848141e-06,0.0074715870432555676,0.001991341821849346,0.19651652872562408,0.14314903318881989,0.30416205525398254,3.8979629607638344e-05,1.3534521485780715e-06,8.279608323391585e-07,0.03388296067714691,0.014702471904456615,0.13220439851284027,0.16375188529491425,0.026643291115760803,0.13695640861988068,0.1280503273010254,0.014729493297636509,0.048776112496852875,0.047096945345401764,0.4302852153778076,0.11549825221300125,0.018245751038193703,0.031663063913583755,5.9923404478468e-05,0.0022529778070747852,0.19065497815608978,0.0012510300148278475,0.004619160201400518,0.0035569914616644382,0.00027715408941730857,0.0006379846017807722,0.0009117988520301878,0.015144051052629948,0.000528346688952297,0.0096309008076787,0.030577410012483597,0.012695920653641224,0.001432308810763061,0.3370007276535034,0.001765712397173047,0.041131991893053055,0.013901615515351295,0.010832367464900017,0.02314187027513981,6.796431534894509e-06,2.2285391878540395e-06,0.00020900439994875342,0.0005305320373736322,0.0010969636496156454,0.000629410904366523,3.663265715658781e-06,1.328370785813604e-06,4.512485361374274e-06,0.19358575344085693,0.004731464432552457,0.06602210405981168
1629,1.2740457577820052e-06,0.002708790125325322,0.0006302710971795022,0.3445756435394287,0.23410473763942719,0.4181612730026245,3.928739533876069e-05,1.4619239436797216e-06,9.250911716662813e-07,0.023706380277872086,0.008550122380256653,0.1739790290594101,0.19886024296283722,0.025868145748972893,0.16991794109344482,0.15551933646202087,0.009922412224113941,0.03886908292770386,0.03548169508576393,0.29465970396995544,0.07904980331659317,0.025836240500211716,0.05396858975291252,7.061442011035979e-05,0.0015427222242578864,0.1916147619485855,0.0018462586449459195,0.003963086754083633,0.0029494226910173893,0.0003341811243444681,0.0008683552732691169,0.0012844633311033249,0.01343770232051611,0.0004992937901988626,0.01406029425561428,0.04190777242183685,0.011925446800887585,0.0018857625545933843,0.2523060739040375,0.0016271539498120546,0.03573809191584587,0.013193338178098202,0.008662774227559566,0.0241429191082716,9.369288818561472e-06,3.857915999105899e-06,0.0002462365955580026,0.0008217256399802864,0.0014415447367355227,0.0009714487823657691,4.125782652408816e-06,1.1105361181762419e-06,6.613602408833685e-06,0.2680952027440071,0.0016695306112524122,0.11557615404793371
1632,1.5878949852776714e-06,0.004038155544549227,0.000724785088095814,0.31674453616142273,0.19969187676906586,0.4145340621471405,4.409228859003633e-05,1.487036342950887e-06,8.235815016632841e-07,0.03596995398402214,0.011187558993697166,0.13906751573085785,0.1699412763118744,0.020310040563344955,0.16908740997314453,0.16433466970920563,0.011762474663555622,0.046673186123371124,0.04808749258518219,0.4084645211696625,0.09990116953849792,0.01633356884121895,0.04097997397184372,6.599471817025915e-05,0.0020841844379901886,0.18475255370140076,0.0011861501261591911,0.00453603733330965,0.002891422947868705,0.0002821491507347673,0.0009247502312064171,0.001240657758899033,0.012128456495702267,0.0004543819813989103,0.01047891192138195,0.033187638968229294,0.01580645889043808,0.0017540105618536472,0.22305554151535034,0.001842310419306159,0.03235369175672531,0.012492441572248936,0.010326900519430637,0.02753526158630848,1.1918712516489904e-05,4.078852725797333e-06,0.0003371046332176775,0.0006656540790572762,0.0014513639034703374,0.0009564743377268314,3.9368655961879995e-06,1.3151214943718514e-06,7.998782621143619e-06,0.25074854493141174,0.0023814703163225204,0.10630331471717606
1635,1.8493401512387209e-06,0.0026905855629593134,0.0006910954834893346,0.31876832246780396,0.22938457131385803,0.41139841079711914,5.622189200948924e-05,1.8421251297695562e-06,9.5833229352138e-07,0.04049382731318474,0.011135367676615715,0.12200628966093063,0.14559948444366455,0.023717578500509262,0.1660388708114624,0.15279681980609894,0.011639601550996304,0.05312534049153328,0.05995156615972519,0.41765689849853516,0.11329486221075058,0.013540999963879585,0.04066471755504608,7.759394793538377e-05,0.0019915068987756968,0.19435057044029236,0.0009112334810197353,0.006238946225494146,0.0032053065951913595,0.000252381811151281,0.0025315170641988516,0.0029978384263813496,0.007906503044068813,0.00035328176454640925,0.01123236957937479,0.0385751947760582,0.0348401740193367,0.0027697535697370768,0.10363307595252991,0.0014933007769286633,0.038898766040802,0.008767940104007721,0.014312396757304668,0.02650841511785984,3.236533302697353e-05,9.616540410206653e-06,0.0010286998003721237,0.0008794415625743568,0.0017439869698137045,0.001104905386455357,3.2426939924334874e-06,1.422450395693886e-06,2.0990936718590092e-05,0.25655944645404816,0.001690840523224324,0.10809922598612805
1638,1.3411839745458565e-06,0.002548652235418558,0.0008738820906728506,0.3360784947872162,0.24434614181518555,0.3627606928348541,6.48253335384652e-05,1.7294373719778378e-06,8.891435641089629e-07,0.03016318939626217,0.00845203548669815,0.12476646900177002,0.1428656280040741,0.018470454961061478,0.1968536525964737,0.18325544893741608,0.008948076516389847,0.048203859478235245,0.058951910585165024,0.3391273319721222,0.10704046487808228,0.01691233552992344,0.05492084100842476,0.00010390274837845936,0.0009570906404405832,0.17481780052185059,0.0015028227353468537,0.004679632373154163,0.0031901728361845016,0.000293035147478804,0.0018434751546010375,0.0018849882762879133,0.008201349526643753,0.00017615694378037006,0.01960034668445587,0.06845413148403168,0.04382863640785217,0.0025197635404765606,0.09776287525892258,0.003383432514965534,0.02659381553530693,0.007735698949545622,0.007578331511467695,0.020687757059931755,5.304800652083941e-05,1.41541677294299e-05,0.0015979764284566045,0.0006586477975361049,0.0022865980863571167,0.001376702100969851,3.671954118544818e-06,1.2300649814278586e-06,3.3601087125134654e-05,0.2554481476545334,0.0017112671630457044,0.11326898607270171
1641,2.7984615371678956e-06,0.033314283937215805,0.0059223296120762825,0.05740099772810936,0.035257305949926376,0.22191914916038513,0.00011963130964431912,8.904885930860473e-07,7.021426995379443e-07,0.11515424400568008,0.07613640278577805,0.0841866135597229,0.10863164067268372,0.014174658805131912,0.17917680740356445,0.17217698693275452,0.016652025282382965,0.09170430898666382,0.08374728262424469,0.636610746383667,0.29903343319892883,0.005226899404078722,0.005596554838120937,0.00022046358208172023,0.0015302037354558706,0.13719762861728668,0.00037350511411204934,0.00898653268814087,0.006848073564469814,0.00017895408382173628,0.0036361608654260635,0.004235541447997093,0.004453201312571764,0.00029657030245289207,0.01699838787317276,0.07088693231344223,0.10366244614124298,0.003739235457032919,0.01831190288066864,0.0006293230107985437,0.023597829043865204,0.007577681913971901,0.0041749305091798306,0.008397807367146015,0.0002961612190119922,7.095387991284952e-05,0.003428135998547077,0.0017180698923766613,0.0014248007209971547,0.0006750237662345171,2.12974259738985e-06,2.559404720159364e-06,0.00018355754946242087,0.09729931317269802,0.019618306774646044,0.021757566680510838
1644,1.8373739294474944e-06,0.010903052054345608,0.002471937332302332,0.15438565611839294,0.09553968906402588,0.3007158041000366,9.726156713441014e-05,1.1089655345131177e-06,6.695140655210707e-07,0.07784087210893631,0.03244493529200554,0.1253274381160736,0.156198188662529,0.011468342505395412,0.21250581741333008,0.19519588351249695,0.014504467137157917,0.05565841868519783,0.054738327860832214,0.5025432109832764,0.16009515523910522,0.007405873853713274,0.014081032946705818,0.00016845813661348075,0.001086673466488719,0.15303869545459747,0.0006337026134133339,0.007456686347723007,0.0036224578507244587,0.00021256282343529165,0.0032344795763492584,0.003380965441465378,0.00582475122064352,0.0002046253066509962,0.01599918119609356,0.0570504292845726,0.06762401759624481,0.0032152188941836357,0.034413713961839676,0.001316274399869144,0.020373107865452766,0.006287693977355957,0.004615785088390112,0.012674153782427311,0.00017077733355108649,4.541493399301544e-05,0.0030488900374621153,0.0011534478981047869,0.001612387248314917,0.0009259775397367775,2.482596300978912e-06,2.0616184883692767e-06,0.00010809613377205096,0.1537121757864952,0.00668749469332397,0.05366703371206919
1647,2.0087702523596818e-06,0.005966962780803442,0.0019283887231722474,0.21989329159259796,0.12928476929664612,0.2981378436088562,8.101799176074564e-05,1.308811761191464e-06,8.381657039535639e-07,0.07390398532152176,0.02711336687207222,0.1126466616988182,0.14018653333187103,0.011843518353998661,0.21985146403312683,0.20666874945163727,0.012163321487605572,0.06082586571574211,0.060223136097192764,0.5196189284324646,0.14534837007522583,0.008093523792922497,0.01709291897714138,0.0001450401177862659,0.0013632714981213212,0.13863793015480042,0.0005223620100878179,0.007328871637582779,0.003291334956884384,0.00017883891996461898,0.005520306993275881,0.006240587681531906,0.00512689258903265,0.000328470254316926,0.014339550398290157,0.045731279999017715,0.06311486661434174,0.0037338286638259888,0.03642486035823822,0.0008482334669679403,0.028967658057808876,0.007109950762242079,0.00635677482932806,0.013310912996530533,0.00010651820775819942,3.0107143174973316e-05,0.0028703396674245596,0.0016578868962824345,0.0011819651117548347,0.0006694101612083614,2.8914744234498357e-06,2.0917648271279177e-06,6.831267546658637e-05,0.1792656108736992,0.003947675751987845,0.07721806208913524
1650,2.206477802246809e-06,0.015302393585443497,0.002848155563697219,0.12897849082946777,0.0848764106631279,0.30924665927886963,8.419805089943111e-05,8.891859692994331e-07,9.684578117230558e-07,0.08287281543016434,0.029083197936415672,0.10869064182043076,0.14283104240894318,0.010570239275693893,0.24115683138370514,0.23574727773666382,0.010530378669500351,0.060424111783504486,0.0579293817281723,0.5074697732925415,0.1323355734348297,0.007307335734367371,0.015800215303897858,0.00013377224968280643,0.001684574643149972,0.12803734838962555,0.0005059852846898139,0.009107871912419796,0.005596425384283066,0.00014441220264416188,0.002326349960640073,0.002737256698310375,0.005255544558167458,0.00033423653803765774,0.01138397492468357,0.045986633747816086,0.09329457581043243,0.002714067930355668,0.05697651207447052,0.0011785614769905806,0.033203743398189545,0.01047354843467474,0.005778972990810871,0.008811241947114468,7.959100184962153e-05,1.6567075363127515e-05,0.002003326779231429,0.0009205311653204262,0.0005876566283404827,0.0002555523533374071,2.9595407795568462e-06,1.8541787767389906e-06,4.8079038606374525e-05,0.12850791960954666,0.009075274574570358,0.04468069916280607
1653,1.8972028783537098e-06,0.01824001595377922,0.004083783365786076,0.09636005759239197,0.10044480860233307,0.3140048086643219,2.1985712010064162e-05,2.735116879648558e-07,7.731043183412112e-07,0.08247706294059753,0.033210452646017075,0.09598995745182037,0.13312645256519318,0.012600280344486237,0.22443802654743195,0.2380547970533371,0.01483361516147852,0.08154921978712082,0.07537510246038437,0.5318895578384399,0.17732113599777222,0.008496066555380821,0.017368117347359657,2.949106965388637e-05,0.0016168224392458797,0.03781682625412941,0.0002900667896028608,0.01574535481631756,0.013384245336055756,0.000674020906444639,0.0001386488147545606,0.00024916717666201293,0.000788537145126611,0.0006518476293422282,0.000558712927158922,0.0015269657596945763,0.10672484338283539,0.0060714962892234325,0.22062668204307556,0.0033833992201834917,0.13483302295207977,0.048516955226659775,0.028366537764668465,0.001103956368751824,9.081540156330448e-06,2.3104510091798147e-06,0.00014095187361817807,0.0004072893934790045,5.2203095037839375e-06,2.0163038243481424e-06,1.3725019698540564e-06,5.965439981991949e-07,5.695995582755131e-06,0.06708844192326069,0.011161899659782648,0.03224929119460285
1656,1.7548537698530708e-06,0.007971231825649738,0.0017383123049512506,0.14618438482284546,0.18260546028614044,0.4707266092300415,2.99571875075344e-05,3.690715573156922e-07,7.510196837756666e-07,0.06704879552125931,0.021568147465586662,0.05899237096309662,0.08581984788179398,0.01531726773828268,0.202617347240448,0.21232452988624573,0.016122492030262947,0.126841738820076,0.1173952966928482,0.6108459830284119,0.14040113985538483,0.01002667285501957,0.024732066318392754,3.0243429137044586e-05,0.002048525493592024,0.04941839352250099,0.0002960160782095045,0.021378709003329277,0.0057255239225924015,0.0006912548560649157,0.0002886529255192727,0.00036505109164863825,0.0007585406419821084,0.0005388832069002092,0.0008460927056148648,0.002098041120916605,0.09297643601894379,0.005970606114715338,0.2572633922100067,0.004204032011330128,0.1506022959947586,0.040644507855176926,0.030597256496548653,0.0009879537392407656,8.026709110708907e-06,1.8362388800596818e-06,0.00031275118817575276,0.0002604656619951129,4.452435860002879e-06,2.029942606895929e-06,1.351112700831436e-06,5.133393301548494e-07,4.9314739953842945e-06,0.09780138917267323,0.004854772065300494,0.04894602961333779
1659,1.6150477222254267e-06,0.01768282800912857,0.0015248836716637015,0.060099851340055466,0.14350274205207825,0.47326192259788513,3.379534246050753e-05,2.703563382056018e-07,5.334927664080169e-07,0.16373348236083984,0.14236557483673096,0.16801658272743225,0.21735979616641998,0.008521832525730133,0.2639603912830353,0.27191388607025146,0.017506759613752365,0.053672775626182556,0.04851837083697319,0.5489572286605835,0.43390515446662903,0.004266950301826,0.004826388321816921,4.4151664042146876e-05,0.003512699855491519,0.07670511305332184,0.00023404497187584639,0.04395335167646408,0.008018020540475845,0.00039970854413695633,0.0003352995845489204,0.0004657976678572595,0.0007584308041259646,0.001336759189143777,0.0008602201123721898,0.00252867816016078,0.059870366007089615,0.0029175831004977226,0.29595690965652466,0.0010601412504911423,0.11481935530900955,0.05332639440894127,0.015581284649670124,0.0005584762548096478,7.11021766619524e-06,1.269616177523858e-06,0.0003564819344319403,0.0003066567878704518,4.867174538958352e-06,1.8414331179883447e-06,9.936247806763276e-07,6.523596880469995e-07,4.189916921859549e-06,0.06840248219668865,0.009603855840396136,0.020300316197487216
1662,1.9664771571115125e-06,0.027361169457435608,0.0015090457163751125,0.08002627640962601,0.08514479547739029,0.444425493478775,2.590204167063348e-05,4.5000271597928077e-07,4.995118842998636e-07,0.12995240092277527,0.055444564670324326,0.10750316083431244,0.14418458938598633,0.01598769798874855,0.1996026337146759,0.20902712643146515,0.017126431688666344,0.07947874814271927,0.06897523254156113,0.643018364906311,0.27648675441741943,0.006033218931406736,0.011489341966807842,3.313965135021135e-05,0.0025121148210018873,0.07436232268810272,0.00044949905714020133,0.03671526908874512,0.005548713728785515,0.00029437418561428785,0.00019234906358178705,0.0003342550480738282,0.002439316362142563,0.0008438910590484738,0.0008401405066251755,0.0024086376652121544,0.022060474380850792,0.0014262078329920769,0.7266724109649658,0.003057920141145587,0.10654005408287048,0.036229539662599564,0.016932882368564606,0.0013050242559984326,2.0671191123255994e-06,5.032562739870627e-07,0.00010652379569364712,0.00031880338792689145,7.922345503175166e-06,3.0322187285491964e-06,1.6273467053906643e-06,5.852713798049081e-07,1.285187693156331e-06,0.07719429954886436,0.01443510758690536,0.02685096017376054
1665,1.8114239992428338e-06,0.03165457025170326,0.003757771337404847,0.048330049961805344,0.06170123070478439,0.3180866539478302,3.6850982723990455e-05,3.902252672105533e-07,5.190244110053754e-07,0.11764215677976608,0.06873975694179535,0.06505005806684494,0.09280484169721603,0.009619414806365967,0.26540789008140564,0.27938300371170044,0.011571607552468777,0.12064918875694275,0.11025092750787735,0.6924101114273071,0.37311306595802307,0.006076211575418711,0.008000281639397144,6.348246097331867e-05,0.002635535318404436,0.08552389591932297,0.00037864712066948414,0.032977066934108734,0.00748995877802372,0.00034576194593682885,9.942664473783225e-05,0.00014187299530021846,0.004633072763681412,0.000587984686717391,0.0015352811897173524,0.004723556339740753,0.03191288560628891,0.0014404922258108854,0.5006018877029419,0.003545535961166024,0.04122404381632805,0.021346265450119972,0.005468631163239479,0.0013847872614860535,1.1940464901272207e-05,2.8496908726083348e-06,0.0002487835881765932,0.0003236292686779052,2.667069020390045e-05,1.0519866918912157e-05,1.4792343563385657e-06,6.181798539728334e-07,7.395077886940271e-06,0.06692697294056416,0.017706170794554055,0.01619044986728113
1668,4.934310709359124e-06,0.045068759471178055,0.0028292506467550993,0.0782226175069809,0.02187560871243477,0.2695125937461853,0.00020478144870139658,1.1008603451045929e-06,8.738122687645955e-07,0.07026243209838867,0.02402551844716072,0.07490573823451996,0.08958812803030014,0.008153221569955349,0.26774370670318604,0.2710050344467163,0.00905959215015173,0.10061212629079819,0.09055344760417938,0.5964713096618652,0.17375588417053223,0.007954264059662819,0.01372427400201559,0.000318885751767084,0.0008750627748668194,0.16896185278892517,0.0004193150089122355,0.009259969927370548,0.01503076497465372,0.0012022856390103698,0.0013866449007764459,0.0018135510617867112,0.002949310466647148,0.0002083104627672583,0.024145228788256645,0.05779644846916199,0.22290420532226562,0.026503879576921463,0.0013973801396787167,0.0010180837707594037,0.01276316586881876,0.008479997515678406,0.0037432080134749413,0.016840612515807152,0.0061738998629152775,0.003093370469287038,0.004372389055788517,0.006640288513153791,0.011472317390143871,0.006639920640736818,1.8791743059409782e-06,3.6888645809085574e-06,0.004633635166101158,0.12359223514795303,0.023949005058966577,0.02714093782318135
1671,4.333144715928938e-06,0.018542783334851265,0.0018982738256454468,0.11291347444057465,0.04813966900110245,0.32102125883102417,0.00019988878921139985,1.1414941809562151e-06,9.442983355256729e-07,0.0909884050488472,0.036835864186286926,0.10701360553503036,0.12983496487140656,0.011103026568889618,0.24299708008766174,0.25903862714767456,0.008579585701227188,0.07092815637588501,0.06452718377113342,0.5494669675827026,0.23245175182819366,0.006601864006370306,0.010227158665657043,0.00036566698690876365,0.0005814653704874218,0.13637661933898926,0.0005018337396904826,0.007611868437379599,0.025045523419976234,0.0010880875634029508,0.0013698098482564092,0.0022797081619501114,0.0022559156641364098,0.00020393171871546656,0.03242244943976402,0.09302026033401489,0.22643357515335083,0.026775743812322617,0.0017266020877286792,0.0009289236040785909,0.019037313759326935,0.010766427963972092,0.004002690315246582,0.01387147419154644,0.0036930020432919264,0.001806917367503047,0.0022544756066054106,0.009935228154063225,0.010709822177886963,0.005343783181160688,2.5348513190692756e-06,3.72964359485195e-06,0.0027499597053974867,0.12464504688978195,0.010220528580248356,0.03885433081692705
1674,1.5038348237794708e-06,0.004569429438561201,0.00015771423932164907,0.32033565640449524,0.18026044964790344,0.5728049278259277,4.67879835923668e-05,5.134274374540837e-07,6.307661806204123e-07,0.053825926035642624,0.018143966794013977,0.1403355598449707,0.16407059133052826,0.015364402905106544,0.23200656473636627,0.24085931479930878,0.009512286633253098,0.05294951796531677,0.0520847849547863,0.3478047251701355,0.12321291118860245,0.010934269987046719,0.025700967758893967,0.00016658588720019907,0.0004204074793960899,0.012598413042724133,8.564032759750262e-05,0.0015002274885773659,0.007584653329104185,0.001294615212827921,0.004212844651192427,0.006224052049219608,0.0005491645424626768,0.0006081396713852882,0.004193567205220461,0.008590149693191051,0.16204231977462769,0.044284213334321976,0.0023713898845016956,0.0004410416295286268,0.020454276353120804,0.006659903097897768,0.008551548235118389,0.006073914468288422,0.0013328983914107084,0.0007978277863003314,0.0033669359982013702,0.011672446504235268,0.00048355033504776657,0.0003697877109516412,2.900942263295292e-06,1.265019818674773e-06,0.0010653630888555199,0.16646703472360969,0.002363571838941425,0.11025751770163576
1677,1.5214684481179575e-06,0.0062943268567323685,0.0005652279942296445,0.3369601368904114,0.10111869871616364,0.39912697672843933,7.61436385801062e-05,7.748225812065357e-07,7.482786372747796e-07,0.04380178451538086,0.017900336533784866,0.0928891971707344,0.10444165766239166,0.025733493268489838,0.1448207050561905,0.13338640332221985,0.018013838678598404,0.07710684090852737,0.08323226869106293,0.3709190785884857,0.1636543869972229,0.012439117766916752,0.02431284449994564,0.00029872957384213805,0.0004710459616035223,0.029549002647399902,0.00018880772404372692,0.0015343232080340385,0.004995043855160475,0.0007983293035067618,0.0058988649398088455,0.007870325818657875,0.0013240687549114227,0.0005921111442148685,0.020806822925806046,0.04274004325270653,0.08462335169315338,0.024933835491538048,0.003186012851074338,0.0002744562516454607,0.01875469461083412,0.00883973203599453,0.0031262135598808527,0.006986753549426794,0.0007505528046749532,0.0004442458739504218,0.004115032497793436,0.0094748018309474,0.0013696278911083937,0.0010341297602280974,3.0730825528735295e-06,1.711236564005958e-06,0.0005973993393126875,0.18325456976890564,0.0034297774254810065,0.11690977588295937
1680,1.6822643829073058e-06,0.004453977104276419,0.0005240825703367591,0.39506492018699646,0.10132362693548203,0.3902418613433838,0.00021477446716744453,6.777091243748146e-07,7.886734465500922e-07,0.05231274291872978,0.02039235830307007,0.09206834435462952,0.1090666651725769,0.0186948012560606,0.18763019144535065,0.1949830949306488,0.010715633630752563,0.08194878697395325,0.08114276081323624,0.46102654933929443,0.17949341237545013,0.011225846596062183,0.020060114562511444,0.0005688919918611646,0.0004781826282851398,0.16280333697795868,0.0007087431149557233,0.005744254682213068,0.03776208311319351,0.002734337467700243,0.00018576042202766985,0.00029250510851852596,0.0031500328332185745,0.0006834333180449903,0.07604382932186127,0.1425713151693344,0.13925111293792725,0.03665706887841225,0.0013485035160556436,0.00035023066448047757,0.008404918015003204,0.01950099505484104,0.0009058996220119298,0.0064472840167582035,0.0052213785238564014,0.003479250241070986,0.0015599664766341448,0.0069394162856042385,0.014424826949834824,0.00753674004226923,2.256430207125959e-06,1.7199670310219517e-06,0.004350314382463694,0.27893412858247757,0.002489029837306589,0.13184772857251423
1683,2.6202912977169035e-06,0.015456491149961948,0.0005329890409484506,0.20175983011722565,0.023318922147154808,0.4644811451435089,0.00043320009717717767,5.590528644461301e-07,4.858080728809e-07,0.08996033668518066,0.05083126947283745,0.033604882657527924,0.038269441574811935,0.023693785071372986,0.12077110260725021,0.12454577535390854,0.03364667296409607,0.24078431725502014,0.23886696994304657,0.6931042075157166,0.53486168384552,0.006198802962899208,0.007418731227517128,0.0007371320971287787,0.001864745863713324,0.31048738956451416,0.0006967224180698395,0.015435636043548584,0.21297597885131836,0.004639496095478535,3.3686141250655055e-05,5.284140934236348e-05,0.004471923224627972,0.0035502661485224962,0.06615858525037766,0.15951061248779297,0.19285112619400024,0.025280164554715157,0.002666161861270666,9.075808338820934e-05,0.005250922404229641,0.012689223513007164,0.0006220908835530281,0.0021793947089463472,0.0119737284258008,0.003912325482815504,0.0010071208234876394,0.0015597667079418898,0.005183832719922066,0.0010629486059769988,1.2624166174646234e-06,1.6921114820434013e-06,0.007943026954308152,0.2561236098408699,0.0079947400954552,0.06728211922260623
1686,1.4109812127571786e-06,0.04683929309248924,0.012888014316558838,0.06312356144189835,0.02122887410223484,0.1350511610507965,0.00013407757796812803,3.0878871370987326e-07,6.652028901044105e-07,0.038014985620975494,0.024841995909810066,0.0477772131562233,0.048455823212862015,0.05237254127860069,0.06024600937962532,0.06701651960611343,0.055577006191015244,0.17038649320602417,0.17094393074512482,0.4939418137073517,0.4314289391040802,0.012909173034131527,0.017591191455721855,0.0002462598495185375,0.0030837995000183582,0.5603688955307007,0.002023387001827359,0.011752307415008545,0.18790321052074432,0.004349874332547188,1.4377321349456906e-05,2.8542075597215444e-05,0.01775265485048294,0.012778055854141712,0.016724923625588417,0.03624577447772026,0.046532098203897476,0.011771372519433498,0.02549273893237114,4.2742536606965587e-05,0.0032670549117028713,0.00891706719994545,0.0005504806758835912,0.002015801379457116,0.0011810597497969866,0.0006025535403750837,0.00026787686510942876,0.0009405302698723972,0.0006652285810559988,0.00015090602391865104,8.724907729629194e-07,1.071041879185941e-06,0.0008918066450860351,0.3117462284862995,0.02986365370452404,0.02105549361294834
1689,7.404070743177726e-07,0.00016962041263468564,6.971562834223732e-05,0.6677911877632141,0.5638985633850098,0.6727781891822815,7.50006947782822e-05,2.7704865601663187e-07,5.003600449526857e-07,0.030970007181167603,0.011553890071809292,0.026707269251346588,0.024747811257839203,0.042534708976745605,0.08290159702301025,0.081815704703331,0.04632259160280228,0.2835642397403717,0.2904376685619354,0.47100237011909485,0.28783291578292847,0.01875300332903862,0.03635571897029877,0.00027583420160226524,0.0017587058246135712,0.07326241582632065,0.00020083770505152643,0.029551880434155464,0.09325125813484192,0.0019044417422264814,4.31782791565638e-06,6.8882482082699426e-06,0.01017665769904852,0.014380382373929024,0.004633600823581219,0.013919353485107422,0.0552290603518486,0.004607861395925283,0.18706685304641724,0.0002526762546040118,0.0073639084585011005,0.010424386709928513,0.0005483337445184588,0.0009098938899114728,0.000501115049701184,0.00015952267858665437,0.00024569183005951345,0.0002641509345266968,5.867983782081865e-05,1.9077633623965085e-05,9.105197023018263e-07,1.8211918018096185e-07,0.0003303188641439192,0.3705268017947674,0.00011966802048846148,0.22260079794644602
1692,6.998276376180002e-07,0.0027248570695519447,0.0008305557421408594,0.2940610349178314,0.18809489905834198,0.41902923583984375,8.550372876925394e-05,1.5806729436462774e-07,4.699152498233161e-07,0.04085687920451164,0.014559711329638958,0.04715380072593689,0.049093615263700485,0.08611255884170532,0.04508095234632492,0.04156725853681564,0.09385506063699722,0.17331023514270782,0.1815575808286667,0.4754234254360199,0.28502392768859863,0.012478142976760864,0.0264672189950943,0.0005201745661906898,0.0023105829022824764,0.04622508957982063,8.032556070247665e-05,0.0147722652181983,0.24681535363197327,0.003931896761059761,1.7946230173038202e-06,3.110778379777912e-06,0.009799839928746223,0.008372388780117035,0.00864974595606327,0.02087514102458954,0.11724356561899185,0.00986890122294426,0.04205715283751488,0.0002677609445527196,0.0033073858357965946,0.008018389344215393,0.00017562111315783113,0.0006907106144353747,0.0029744994826614857,0.000966533727478236,0.0002940241538453847,0.0003595016023609787,0.00010974871111102402,3.239994839532301e-05,1.0076498710986925e-06,3.610887517879746e-07,0.001970516605069861,0.17014306224882603,0.001777706405846402,0.0980219801064095
1695,5.747498335040291e-07,0.0023368028923869133,0.0012049805372953415,0.3225180208683014,0.18746314942836761,0.33135512471199036,0.0001831374829635024,3.4551609928712423e-07,6.863957651148667e-07,0.04892484098672867,0.00989796593785286,0.061717621982097626,0.05869950354099274,0.07110815495252609,0.0530300997197628,0.040205683559179306,0.07886847108602524,0.12687347829341888,0.15525102615356445,0.3587443232536316,0.22865942120552063,0.011089700274169445,0.03226649761199951,0.0010782076278701425,0.003353286301717162,0.186147540807724,0.00019002828048542142,0.004423591308295727,0.09256424009799957,0.0015521433670073748,1.3098008821543772e-05,2.3146585590438917e-05,0.020293528214097023,0.008437827229499817,0.14511527121067047,0.2748950719833374,0.05239075422286987,0.009893855080008507,0.01238973904401064,5.219041486270726e-05,0.0023711551912128925,0.005688109900802374,0.0001404330978402868,0.0031208063010126352,0.003856966271996498,0.0015953158726915717,0.0007362124160863459,0.0016056104796007276,0.007613950874656439,0.001994835212826729,1.6572197409914224e-06,9.411408541382116e-07,0.002726141072344035,0.2543327808380127,0.0017708917148411274,0.10751808848757112
1698,1.3553883491113083e-06,0.007776256650686264,0.003764914581552148,0.1504637897014618,0.10661960393190384,0.2007276862859726,0.0004130626912228763,6.831201631030126e-07,1.048898639055551e-06,0.052962783724069595,0.024609500542283058,0.12630963325500488,0.13650193810462952,0.05783671885728836,0.07764346897602081,0.06361918151378632,0.045973263680934906,0.06561789661645889,0.06329640746116638,0.3770817220211029,0.1824764907360077,0.011869696900248528,0.01600204035639763,0.0011840002844110131,0.004220697097480297,0.33887889981269836,0.00023362362117040902,0.0065792882815003395,0.030995452776551247,0.004557695239782333,5.6554534239694476e-05,6.762926204828545e-05,0.01373287383466959,0.004344933200627565,0.10896234214305878,0.16910947859287262,0.060465868562459946,0.04077375307679176,0.003069958183914423,4.189460014458746e-05,0.001992067787796259,0.006245966535061598,0.0002655131684150547,0.006977695506066084,0.3231840133666992,0.23551005125045776,0.01761743240058422,0.02221347950398922,0.03183063864707947,0.026864657178521156,1.566995024404605e-06,2.5102769996010466e-06,0.2793470323085785,0.24467134475708008,0.005770585616119206,0.05019599116591659
1701,1.7186536069857539e-06,0.0022999788634479046,0.001245119608938694,0.2764608561992645,0.2515347898006439,0.3031023442745209,0.0004069814458489418,1.3122925111019867e-06,1.0918986390606733e-06,0.028509899973869324,0.014662536792457104,0.1323690265417099,0.14183683693408966,0.056216947734355927,0.07910650223493576,0.0635470449924469,0.0412626750767231,0.060361701995134354,0.05819306522607803,0.27015283703804016,0.13127785921096802,0.019682062789797783,0.028787454590201378,0.0008514398359693587,0.0013715368695557117,0.27862298488616943,0.0004538190260063857,0.006653679069131613,0.015204284340143204,0.0033331315498799086,9.793863137019798e-05,0.00011217023711651564,0.015893543139100075,0.0017638425342738628,0.08002494275569916,0.12840524315834045,0.041321977972984314,0.030212832614779472,0.008588786236941814,0.0001549491280457005,0.0027907739859074354,0.005236868746578693,0.0006399055710062385,0.01250393409281969,0.4069042503833771,0.3431740999221802,0.01774061843752861,0.03108886256814003,0.09374246746301651,0.09673535078763962,1.686759333097143e-06,2.122675823557074e-06,0.3750391751527786,0.277541920542717,0.0017725492361932993,0.09222365502258374
1704,1.3414000932243653e-06,0.0013023641658946872,0.0005768326227553189,0.41271352767944336,0.3660300374031067,0.34993836283683777,0.00042205542558804154,2.27518830797635e-06,1.7763692312655621e-06,0.023100055754184723,0.006110519170761108,0.22724506258964539,0.21733006834983826,0.0759090855717659,0.0830577164888382,0.052450936287641525,0.03729900345206261,0.03437185660004616,0.03588038682937622,0.12922556698322296,0.10338310152292252,0.023668019101023674,0.0825844258069992,0.001421366585418582,0.0007613088237121701,0.16374695301055908,0.0007830961840227246,0.002964046085253358,0.005962979048490524,0.0055841305293142796,0.0003081171016674489,0.00029548685415647924,0.011207040399312973,0.00028973043663427234,0.2475602626800537,0.34583327174186707,0.030346937477588654,0.039065420627593994,0.008688397705554962,0.001054227352142334,0.004499973263591528,0.008239955641329288,0.0011339389020577073,0.01334238052368164,0.39024651050567627,0.41014915704727173,0.02334211952984333,0.038367241621017456,0.304197758436203,0.3804681599140167,2.2276085474004503e-06,2.121625584550202e-06,0.400197833776474,0.2882302403450012,0.000939598394325003,0.13777237721175575
1707,2.004000180022558e-06,0.004516869317740202,0.0008313375874422491,0.3238968253135681,0.1965244859457016,0.3477899134159088,0.0007278638076968491,2.103423184962594e-06,2.3253455765370745e-06,0.033211641013622284,0.006042743567377329,0.12798960506916046,0.14513082802295685,0.0800769254565239,0.08619281649589539,0.051064055413007736,0.038882482796907425,0.07030418515205383,0.05784228444099426,0.3239361047744751,0.08988606929779053,0.021839620545506477,0.06718863546848297,0.0023005008697509766,0.0008159286808222532,0.0764583945274353,0.0004981753299944103,0.001652199076488614,0.004475438501685858,0.005717909894883633,0.0007767680799588561,0.0006562718190252781,0.0032735425047576427,0.0005710835685022175,0.45358359813690186,0.5494555234909058,0.05988262966275215,0.10321509838104248,0.0018721100641414523,0.00030094097019173205,0.01332530565559864,0.024917326867580414,0.003035543952137232,0.01021603774279356,0.40134117007255554,0.42231860756874084,0.036915846168994904,0.0696549266576767,0.3393586277961731,0.3873799741268158,2.3404741114063654e-06,3.1832512377150124e-06,0.4118298888206482,0.2001776099205017,0.0026741034525912255,0.10844328840418409
1710,1.8311272924620425e-06,0.0030952447559684515,0.00035446236142888665,0.37004297971725464,0.24285726249217987,0.4474599361419678,0.0006712065078318119,1.5215570101645426e-06,2.9109885417710757e-06,0.017876621335744858,0.0049313027411699295,0.21215534210205078,0.23525114357471466,0.07492487132549286,0.08890388160943985,0.05527454614639282,0.034771841019392014,0.040061306208372116,0.02990584261715412,0.20032909512519836,0.04980957880616188,0.03844023123383522,0.07733140140771866,0.002208900172263384,0.000896158569958061,0.07138210535049438,0.0003192011499777436,0.0018779383972287178,0.008807552047073841,0.005174563266336918,0.0006000055000185966,0.0005700424080714583,0.0034548444673419,0.0008839318179525435,0.34419214725494385,0.4720410704612732,0.08647644519805908,0.08881566673517227,0.0021254573948681355,0.00025931792333722115,0.01010435726493597,0.01745363511145115,0.001974819228053093,0.013470758683979511,0.31029680371284485,0.2618764638900757,0.05244136601686478,0.06802824139595032,0.30366310477256775,0.3142109215259552,3.5088401091343258e-06,2.732683697104221e-06,0.28608663380146027,0.2207125425338745,0.001724853558698669,0.1237376758751149
1713,2.203668600486708e-06,0.005185401998460293,0.0008160406723618507,0.2985325753688812,0.18830282986164093,0.346332848072052,0.0006412498187273741,1.5136909041757463e-06,3.1414047043654136e-06,0.015799779444932938,0.003838911885395646,0.30283820629119873,0.3051045835018158,0.06088210269808769,0.10034073889255524,0.06950616836547852,0.027217574417591095,0.024913785979151726,0.020098334178328514,0.13192734122276306,0.04541695863008499,0.03832222521305084,0.09264377504587173,0.0017362365033477545,0.0015702755190432072,0.12201201915740967,0.0002937840181402862,0.00280198035761714,0.013288341462612152,0.00546831963583827,0.0007086843834258616,0.0007672888459637761,0.003837023163214326,0.0012089250376448035,0.30710989236831665,0.4223466217517853,0.09679492563009262,0.0965391993522644,0.0018228499684482813,0.00018459332932252437,0.009934242814779282,0.013406737707555294,0.002495686523616314,0.017635390162467957,0.2572270929813385,0.21629661321640015,0.0305786095559597,0.04839615151286125,0.33719849586486816,0.34035834670066833,3.1122206110012485e-06,3.4612037325132405e-06,0.23676185309886932,0.21027229726314545,0.0030007213354110718,0.10000284953275695
1716,2.2111457838036586e-06,0.002975666429847479,0.00046655774349346757,0.3553735613822937,0.2364680916070938,0.43257513642311096,0.0006010448560118675,1.438763661099074e-06,2.706511850192328e-06,0.011950819753110409,0.00471583241596818,0.1732144057750702,0.1915428340435028,0.0664866715669632,0.10666584968566895,0.06718222051858902,0.02546597644686699,0.04620704427361488,0.040483828634023666,0.17613579332828522,0.08200173079967499,0.04573943838477135,0.07924117892980576,0.0014512105844914913,0.002671717433258891,0.15440748631954193,0.00021035010286141187,0.003722995985299349,0.012924893759191036,0.005765095818787813,0.00032927916618064046,0.0003217587945982814,0.0036842648405581713,0.0017655183328315616,0.2326326221227646,0.3328016996383667,0.09986014664173126,0.1000199094414711,0.0015673380112275481,0.00014800475037191063,0.008323085494339466,0.01659836247563362,0.0020280983299016953,0.013793878257274628,0.3134174942970276,0.25042709708213806,0.0317206010222435,0.03934330493211746,0.23739932477474213,0.23743194341659546,2.537582076911349e-06,2.813548690028256e-06,0.2819222956895828,0.2548905238509178,0.0017211120866704732,0.11867486644769087
1719,2.7760590910475003e-06,0.0015327775618061423,0.0004171353648416698,0.44550979137420654,0.32254981994628906,0.3945770561695099,0.0006347158923745155,1.6848638324518106e-06,3.251141151849879e-06,0.023349909111857414,0.0073728119023144245,0.22141605615615845,0.22298094630241394,0.09932971745729446,0.06560483574867249,0.03598080947995186,0.057000719010829926,0.036336954683065414,0.03561478853225708,0.17904983460903168,0.08039158582687378,0.02803509309887886,0.055759333074092865,0.0017786682583391666,0.0032969557214528322,0.16069670021533966,0.00017723826749715954,0.005299021955579519,0.021547283977270126,0.005627876613289118,0.00037114653969183564,0.00042697746539488435,0.003907801117748022,0.0012968446826562285,0.17386989295482635,0.28859853744506836,0.12692590057849884,0.09763948619365692,0.001605333061888814,0.0002193201071349904,0.009170813485980034,0.01930801384150982,0.0019435733556747437,0.013258026912808418,0.31521305441856384,0.23660306632518768,0.026169050484895706,0.04863804206252098,0.17230595648288727,0.15377070009708405,2.800685479087406e-06,3.831026788247982e-06,0.27590806037187576,0.3031032457947731,0.0009749564633239061,0.14876930512643108
1722,2.552265414124122e-06,0.0008090903284028172,0.00023528901510871947,0.48987460136413574,0.44470712542533875,0.48487210273742676,0.0005730130360461771,1.764663011272205e-06,3.076396296819439e-06,0.01946628838777542,0.0080729890614748,0.22005143761634827,0.22744004428386688,0.09411312639713287,0.09560887515544891,0.044611528515815735,0.03356587141752243,0.035835471004247665,0.03206143155694008,0.18468481302261353,0.10420683026313782,0.033433232456445694,0.05455586314201355,0.0018732475582510233,0.0018538824515417218,0.11549132317304611,0.00020404276438057423,0.004055044148117304,0.02056233584880829,0.005645283032208681,0.0004717484989669174,0.0005205823108553886,0.004035205580294132,0.0018098974833264947,0.16672535240650177,0.27104610204696655,0.13752828538417816,0.10963021218776703,0.00133169861510396,0.00016154843615368009,0.008524544537067413,0.017449447885155678,0.0018407502211630344,0.015557621605694294,0.2703123390674591,0.2013246864080429,0.03239164128899574,0.050904639065265656,0.16926991939544678,0.15886150300502777,3.238046019760077e-06,3.3463359159213724e-06,0.235818512737751,0.3026829622685909,0.0005221896717557684,0.1636223107246527
1725,3.0155993044900242e-06,0.0017635889817029238,0.0005367051344364882,0.38677895069122314,0.3133441209793091,0.3990761339664459,0.0006065414636395872,1.7991882259593694e-06,3.877863491652533e-06,0.02128044329583645,0.007744880393147469,0.2668275833129883,0.27464422583580017,0.08886569738388062,0.07090716063976288,0.043337687849998474,0.050274141132831573,0.030170485377311707,0.027311241254210472,0.19647738337516785,0.08776362985372543,0.0322360023856163,0.05543103069067001,0.0019049403490498662,0.001966173993423581,0.10193726420402527,0.0001607976882951334,0.003573754569515586,0.02247770130634308,0.004197047092020512,0.0006951552932150662,0.0008000958478078246,0.0032529348973184824,0.0017801962094381452,0.1388404369354248,0.24059025943279266,0.14139309525489807,0.09355464577674866,0.0011163449380546808,0.00012944047921337187,0.01069814246147871,0.022855788469314575,0.001743907225318253,0.01605084352195263,0.309204638004303,0.21190208196640015,0.05233187973499298,0.07848682254552841,0.15334194898605347,0.1306198090314865,3.1531376407656353e-06,4.572323177853832e-06,0.26055335998535156,0.2443581074476242,0.001150147058069706,0.12942473394408202
1728,3.600918944357545e-06,0.002553807571530342,0.0006514390115626156,0.2963748574256897,0.30536526441574097,0.43602901697158813,0.0005474060890264809,1.7353255543639534e-06,3.606472546380246e-06,0.016836270689964294,0.006661007646471262,0.14776034653186798,0.1609668731689453,0.08224567025899887,0.06378607451915741,0.04530031606554985,0.05608948692679405,0.057052694261074066,0.0545148029923439,0.22361153364181519,0.0790802463889122,0.036258529871702194,0.054459840059280396,0.0015893703093752265,0.0017914942000061274,0.0846710205078125,0.00015820178668946028,0.003031721105799079,0.0165476743131876,0.003960484638810158,0.0003834582748822868,0.00044320448068901896,0.0039039948023855686,0.0011687841033563018,0.11860919743776321,0.2133566439151764,0.12492150068283081,0.0911215990781784,0.001519570592790842,0.000256733619607985,0.009938501752912998,0.018968312069773674,0.0017732791602611542,0.01944516971707344,0.30886343121528625,0.24075885117053986,0.03150973841547966,0.08945462107658386,0.11616385728120804,0.109102763235569,3.3621288366703084e-06,4.430296030477621e-06,0.27481114119291306,0.1905229389667511,0.0016026232915464789,0.09906717339375366
1731,6.731193479936337e-06,0.0025680011603981256,0.00047178202657960355,0.36311429738998413,0.2858811914920807,0.4548344314098358,0.000485640688566491,2.0464942735998193e-06,3.673379751489847e-06,0.01871120184659958,0.007284121587872505,0.16660773754119873,0.18392710387706757,0.07627537846565247,0.06399814039468765,0.044502660632133484,0.06093951687216759,0.05044034495949745,0.04706748574972153,0.2764868438243866,0.08683110773563385,0.03293384611606598,0.04978002980351448,0.0012394783552736044,0.0009904366452246904,0.06086880713701248,0.0001358823210466653,0.0033042607828974724,0.035198815166950226,0.00396383460611105,0.0010313669918105006,0.001448407769203186,0.0021205239463597536,0.0005269221728667617,0.049502670764923096,0.1152678057551384,0.27465152740478516,0.11368000507354736,0.0006201645592227578,0.0006567745585925877,0.015245737507939339,0.014758008532226086,0.003490426344797015,0.026522070169448853,0.13654209673404694,0.09861261397600174,0.017024803906679153,0.08976655453443527,0.055092036724090576,0.052588678896427155,3.989384822489228e-06,6.209613275132142e-06,0.11757735535502434,0.2119915522634983,0.0015198915934888646,0.12186469071699928
1734,9.60863872023765e-06,0.008037128485739231,0.0011288883397355676,0.18909041583538055,0.18398889899253845,0.36054202914237976,5.7559420383768156e-05,6.004451620356122e-07,2.200348490077886e-06,0.02511862851679325,0.013893216848373413,0.26454758644104004,0.28971508145332336,0.09032166004180908,0.05771719291806221,0.03836023434996605,0.074881911277771,0.029407741501927376,0.027019929140806198,0.24493832886219025,0.09615185111761093,0.02345043420791626,0.03719582036137581,5.0453880248824134e-05,0.0006874693790450692,0.0071749319322407246,1.5214048289635684e-05,0.0015774635830894113,0.1099696084856987,0.013748926110565662,0.004858434200286865,0.00848962552845478,3.2050200388766825e-05,0.0007589112501591444,0.00018966913921758533,0.00027233996661379933,0.7581512928009033,0.43102115392684937,9.88512983894907e-05,0.0008310624398291111,0.12480582296848297,0.024607915431261063,0.26323992013931274,0.012292353436350822,0.06760063767433167,0.03330468013882637,0.013693669810891151,0.03389553725719452,0.0003363169089425355,0.00022846048523206264,1.197133769892389e-06,3.6784417716262396e-06,0.05045265890657902,0.09813267388381064,0.004583008412737399,0.0674794918547074
1737,1.2841084753745236e-05,0.006978465244174004,0.0006201262003742158,0.2506732642650604,0.1708865463733673,0.43577662110328674,6.970818503759801e-05,8.279845360448235e-07,2.473002268743585e-06,0.026716405525803566,0.01609494350850582,0.26145458221435547,0.2833132743835449,0.09443818032741547,0.0655912533402443,0.04099222272634506,0.06080075725913048,0.030714377760887146,0.025924846529960632,0.26924917101860046,0.09854383021593094,0.0233305674046278,0.0328836627304554,5.932892599957995e-05,0.0005869412561878562,0.006217384710907936,2.5459821699769236e-05,0.0012916236883029342,0.0785423144698143,0.012210313230752945,0.002933360170572996,0.0047344970516860485,4.264808012521826e-05,0.0005798362544737756,0.00016644492279738188,0.00027628481620922685,0.7017288208007812,0.39596647024154663,0.00015788966265972704,0.0012586921220645308,0.1120510995388031,0.03483884409070015,0.22950595617294312,0.012419486418366432,0.2780415117740631,0.1604762226343155,0.01926560141146183,0.07375311106443405,0.0003961848560720682,0.00031545254751108587,1.396463062519615e-06,3.89357956009917e-06,0.2192588672041893,0.12844532448798418,0.0037992957222741097,0.08611370716243982
1740,9.638558367441874e-06,0.004776580259203911,0.0009696377674117684,0.23506201803684235,0.21591484546661377,0.39737561345100403,5.08616394654382e-05,6.583759386558086e-07,2.1086432298034197e-06,0.03044368140399456,0.017531365156173706,0.22042864561080933,0.23857758939266205,0.09150512516498566,0.061738304793834686,0.04255317151546478,0.06433935463428497,0.036210499703884125,0.034385714679956436,0.2896621823310852,0.1094595342874527,0.019429398700594902,0.028854304924607277,4.636152516468428e-05,0.0006311860051937401,0.004479344934225082,1.6121199223562144e-05,0.0009542937623336911,0.0917728841304779,0.012897747568786144,0.0028562569059431553,0.004565665498375893,4.185115540167317e-05,0.0016753203235566616,0.00010743856546469033,0.0001374032290186733,0.6096529960632324,0.35653451085090637,0.00019333814270794392,0.0003794824006035924,0.08511529117822647,0.020264936611056328,0.29068583250045776,0.01320122554898262,0.3297037184238434,0.18553034961223602,0.02672717347741127,0.06264198571443558,0.0004495290049817413,0.00034096528543159366,1.1708407328114845e-06,2.9309862838999834e-06,0.2576170340180397,0.11977068148553371,0.0028731090133078396,0.0808279801470538
